# https://github.com/mikedh/trimesh
v 0.05452523 -1.02322090 0.02114688
v 0.05861999 -1.02225804 0.02013316
v 0.05917686 -1.02372158 0.01994141
v 0.05486421 -1.02455103 0.02086481
v 0.06682182 -1.02455425 0.03087053
v 0.06679372 -1.02805603 0.02706966
v 0.06635284 -1.03082538 0.02683646
v 0.06622285 -1.03064215 0.02978432
v 0.02054446 -0.98454690 0.08701923
v 0.00549951 -0.98362958 0.09244670
v 0.00588996 -0.97413874 0.09012035
v 0.02037932 -0.97228789 0.08428229
v 0.04080044 -0.94914836 0.06338972
v 0.03597796 -0.95683658 0.06959773
v 0.03459540 -0.94629753 0.07287252
v 0.04394088 -0.94127238 0.06054759
v 0.03064802 -1.08477271 -0.06839073
v 0.03815250 -1.08320749 -0.06272872
v 0.03687381 -1.07697988 -0.06642447
v -0.07089235 -1.02165294 0.02110058
v -0.07496099 -1.02058804 0.02008365
v -0.07555429 -1.02203715 0.01989157
v -0.07126454 -1.02297413 0.02081822
v -0.08322749 -1.02267826 0.03081446
v -0.08328381 -1.02617979 0.02701334
v -0.08291136 -1.02895927 0.02678063
v -0.08278006 -1.02877927 0.02972840
v 0.02967117 -1.07782865 -0.07091923
v 0.08604975 -1.04686165 0.04240537
v 0.08619025 -1.04403794 0.04361584
v 0.08646443 -1.04248917 0.04166491
v 0.08622955 -1.04497278 0.04065205
v 0.08241485 -1.02801967 0.04050745
v 0.08220792 -1.03559566 0.04214608
v 0.08339506 -1.03829157 0.04293544
v 0.08367356 -1.03606737 0.04207749
v 0.08247620 -1.01731956 0.03718958
v 0.08143784 -1.01798773 0.03677581
v 0.08297622 -1.02260947 0.03867585
v 0.08402458 -1.02228069 0.03938200
v 0.06812675 -0.99781036 0.01362110
v 0.07079951 -1.00005400 0.01559532
v 0.07123322 -0.99765325 0.01686699
v 0.06665229 -0.99616373 0.01529477
v 0.06363595 -0.99737668 0.01618557
v 0.06800125 -0.99682748 0.02049898
v 0.06740116 -0.99986082 0.02150271
v 0.06398151 -0.99978817 0.01804678
v 0.08073615 -1.05707622 0.02750019
v 0.08107589 -1.05373263 0.02702946
v 0.07930467 -1.05285406 0.02457309
v 0.07889737 -1.05628145 0.02464129
v 0.06685535 -1.02292514 0.03712657
v 0.06576468 -1.01622176 0.03500533
v 0.07188208 -1.02108765 0.03805652
v 0.07207073 -1.02405262 0.03850578
v 0.07905634 -1.04630470 0.03504157
v 0.08004586 -1.04716003 0.03847650
v 0.08056211 -1.04495811 0.03963150
v 0.07950081 -1.04341030 0.03700151
v 0.08237690 -1.04861808 0.04345912
v 0.08268128 -1.04546237 0.04479109
v 0.06606320 -1.00659013 0.01165659
v 0.06492636 -1.01028824 0.01077763
v 0.06534355 -1.01197851 0.01218189
v 0.06588618 -1.01086092 0.01359264
v 0.06560623 -1.02436316 0.02738648
v 0.06721954 -1.02864182 0.02554957
v 0.07860357 -1.00689769 0.03176881
v 0.07847434 -1.00880396 0.03097276
v 0.08054669 -1.01282966 0.03443094
v 0.08073503 -1.01143432 0.03555588
v 0.07544258 -1.01137471 0.02922147
v 0.07766338 -1.01393771 0.03278456
v 0.07869508 -1.01454806 0.03454849
v 0.07771025 -1.01241565 0.03243617
v 0.08193678 -1.04966092 0.03459299
v 0.07992999 -1.05187106 0.02986266
v 0.08089360 -1.05151415 0.02964783
v 0.08291288 -1.04913318 0.03445164
v 0.07383263 -1.03636360 0.03806130
v 0.07246765 -1.04147673 0.03609829
v 0.07145174 -1.04076707 0.03598015
v 0.07276137 -1.03628850 0.03777517
v 0.08244827 -1.04611719 0.04138015
v 0.08282074 -1.04340529 0.04240686
v 0.08109603 -1.04225051 0.04090618
v 0.06884746 -1.04373562 0.02349711
v 0.06959888 -1.04468799 0.02473697
v 0.06998581 -1.04308057 0.02523589
v 0.06960599 -1.04179752 0.02414483
v 0.07075965 -0.99657798 0.02034442
v 0.06407987 -1.00721264 0.02879643
v 0.06592630 -1.00786221 0.03033932
v 0.06870481 -1.01201570 0.03325635
v 0.06729093 -1.01312077 0.03360980
v 0.06372239 -0.99914467 0.01152280
v 0.06678087 -0.99951208 0.01140203
v 0.06758888 -0.99838853 0.01259269
v 0.06447793 -0.99767900 0.01307675
v 0.07200430 -1.04820466 0.02498604
v 0.07439467 -1.04761386 0.02723308
v 0.07240540 -1.04660940 0.02652209
v 0.07087164 -1.04690933 0.02471333
v 0.08105175 -1.03365040 0.04045789
v 0.07989053 -1.04049098 0.03863012
v 0.08073874 -1.02434635 0.03489041
v 0.08074532 -1.02447128 0.03785976
v 0.08012881 -1.02035439 0.03640228
v -0.03601561 -0.98383856 0.08699732
v -0.02095686 -0.98329848 0.09243661
v -0.02110788 -0.97380072 0.09011018
v -0.03554107 -0.97158796 0.08426043
v 0.08009505 -1.02031446 0.03355515
v 0.08041679 -1.03256643 0.03492796
v 0.08067364 -1.03254008 0.03835714
v 0.08395236 -1.04177010 0.04027598
v 0.08422167 -1.03551328 0.04065415
v 0.08348135 -1.04233587 0.04115187
v 0.07001325 -1.04490077 0.03375676
v 0.06989253 -1.04807794 0.03780598
v 0.06926512 -1.04118395 0.03952943
v 0.07029989 -1.04227924 0.03518311
v 0.06582689 -1.01610911 0.01273794
v 0.06704757 -1.01830709 0.01412096
v 0.06599988 -1.01598072 0.01559760
v 0.06531564 -1.01367378 0.01502958
v 0.06939647 -1.01005816 0.03188962
v 0.06671797 -1.00680161 0.02945456
v 0.06726519 -1.00633502 0.02865135
v 0.06994872 -1.00836027 0.03036181
v 0.07686433 -1.04885972 0.02935187
v 0.07705592 -1.04365134 0.03019763
v 0.07530412 -1.04361928 0.02874791
v 0.07158136 -1.01280391 0.02079874
v 0.07216831 -1.01413012 0.02275145
v 0.07343847 -1.01106644 0.02456136
v 0.07293214 -1.00905001 0.02280513
v 0.07482093 -1.00042415 0.02583841
v 0.07239895 -1.00009823 0.02654713
v 0.07023329 -0.99802232 0.02330115
v 0.07280229 -0.99799049 0.02297231
v 0.06560727 -1.01252365 0.01423074
v 0.06545524 -1.01345611 0.01250015
v 0.07589362 -1.03666282 0.03999409
v 0.07482700 -1.04285145 0.03776368
v 0.07895731 -1.04175830 0.03466819
v 0.07942740 -1.03922844 0.03608253
v 0.06791689 -1.02893996 0.01858814
v 0.06545725 -1.02944267 0.01984031
v 0.06541847 -1.02858961 0.01982299
v 0.06850339 -1.02728701 0.01844404
v 0.06837744 -1.02889383 0.01714784
v 0.06888121 -1.02723563 0.01704369
v 0.06852685 -1.02704573 0.01583828
v 0.06818452 -1.02796924 0.01567351
v 0.06460001 -1.02966452 0.02034728
v 0.06490505 -1.02937484 0.02004441
v 0.06521038 -1.02995932 0.02036706
v 0.06922904 -1.03279185 0.03281862
v 0.07065321 -1.02477813 0.03439233
v 0.06859470 -1.02455819 0.03340080
v 0.06716696 -1.03157258 0.03165086
v 0.08139811 -1.02555799 0.03951725
v 0.07564490 -1.05252814 0.02033465
v 0.07396156 -1.05473018 0.02032121
v 0.07665902 -1.05816650 0.02476464
v 0.06635351 -1.01531732 0.02491607
v 0.06922513 -1.01627350 0.02205502
v 0.06777983 -1.01603651 0.02042919
v 0.06600036 -1.01500320 0.02310912
v 0.06530651 -1.02019751 0.01839888
v 0.06345060 -1.01684141 0.01758873
v 0.06747412 -1.01865804 0.01688249
v 0.06804457 -1.03505635 0.01700076
v 0.06666417 -1.03114319 0.01971126
v 0.06758761 -1.02999187 0.01828549
v 0.06799424 -1.03041553 0.01691904
v 0.08248304 -1.01653194 0.03854405
v 0.08391029 -1.02182043 0.04101126
v 0.08220883 -1.02160609 0.04252183
v 0.08087111 -1.01597381 0.03996164
v 0.06435505 -1.00287080 0.00989050
v 0.06143917 -1.00006056 0.01296881
v 0.06358244 -1.00601411 0.00915446
v 0.08500278 -1.05384755 0.03677861
v 0.08149897 -1.05610263 0.03717070
v 0.08196539 -1.05391407 0.03966644
v 0.08557969 -1.05177128 0.03912274
v 0.06530485 -1.03625786 0.02597665
v 0.06541734 -1.03419447 0.02545621
v 0.06570887 -1.03564978 0.02408556
v 0.06547734 -1.03758705 0.02435566
v 0.04562723 -0.99902701 0.06915040
v 0.05541272 -0.99959457 0.05029880
v 0.05847779 -1.01298058 0.05854307
v 0.05116091 -1.01161385 0.07458348
v 0.07575378 -1.00327170 0.02527446
v 0.07488596 -1.00113225 0.02258734
v 0.06933455 -1.04283750 0.01579652
v 0.06867966 -1.04484761 0.01431713
v 0.06968085 -1.05040646 0.01587144
v 0.07047449 -1.04699445 0.01605855
v 0.08343286 -1.03722048 0.04596033
v 0.08631195 -1.03650904 0.04439452
v 0.07145207 -1.04869688 0.02334298
v 0.07493698 -1.05215144 0.02649012
v 0.07285146 -1.04965401 0.02546732
v 0.07111686 -1.04815710 0.02365831
v 0.07078008 -1.04025543 0.02120440
v 0.07146669 -1.04156351 0.02085069
v 0.06970552 -1.04244971 0.02107617
v 0.06868821 -1.04103446 0.02124943
v 0.06808241 -1.04980993 0.01306032
v 0.06960389 -1.05479014 0.01649336
v 0.06227888 -1.00675511 0.02811591
v 0.07091986 -1.04170370 0.01841435
v 0.07181957 -1.04433990 0.01799710
v 0.07238051 -1.04321575 0.02053769
v -0.05535962 -0.94794369 0.06335229
v -0.05073613 -0.95574981 0.06956390
v -0.04909211 -0.94524884 0.07283999
v -0.05830033 -0.93999088 0.06050824
v 0.06413508 -1.01121485 0.00858009
v 0.06491864 -1.01301408 0.01080420
v 0.07039841 -1.04723775 0.02348658
v 0.06966110 -1.04601550 0.02345645
v 0.06823009 -1.04219651 0.02260952
v 0.06880799 -1.04020441 0.02405398
v 0.07557747 -1.03360224 0.03130339
v 0.07761515 -1.02506566 0.03287850
v 0.06183757 -1.01408076 0.04401607
v 0.05872644 -0.99985397 0.02903578
v 0.06856468 -1.04277992 0.02130249
v 0.06850723 -1.04314303 0.02155481
v 0.06772032 -1.04218936 0.02194458
v 0.06768047 -1.04165030 0.02157130
v 0.07375029 -0.99937356 0.02010532
v 0.07401156 -1.04005075 0.02886420
v 0.07095811 -1.03811216 0.02685228
v 0.07160281 -1.04035842 0.02614065
v 0.08414826 -1.02723336 0.03955361
v 0.08526494 -1.03535926 0.04043812
v 0.08666213 -1.03577483 0.04207360
v 0.08540219 -1.02710724 0.04087931
v 0.06208960 -0.99861634 0.01444094
v 0.06544086 -1.03342211 0.02635110
v 0.06671739 -1.03179622 0.02557375
v 0.06635679 -1.03890169 0.02458678
v 0.06663882 -1.04051089 0.02265945
v 0.06511568 -1.01611340 0.01044039
v 0.08137328 -1.05020285 0.03850824
v 0.08197383 -1.04830670 0.04000644
v 0.07982509 -1.04883087 0.03712234
v 0.07947915 -1.05004179 0.03548328
v 0.07865603 -1.05173016 0.03237352
v 0.07872283 -1.05324697 0.03193279
v 0.08053966 -1.05188763 0.03647293
v 0.06971663 -1.03910851 0.02537293
v 0.07061486 -1.04082668 0.02497499
v 0.07117002 -1.01154065 0.01933400
v 0.07211147 -1.00562513 0.02008912
v 0.07892331 -1.01686335 0.03412072
v 0.07865196 -1.01754856 0.03124375
v 0.07937281 -1.02745342 0.04334637
v 0.07908959 -1.03680360 0.04405818
v 0.07750152 -1.03658414 0.04183849
v 0.07812550 -1.02770579 0.04188394
v 0.07178953 -1.03000581 0.03865613
v 0.06824557 -1.03082705 0.03841299
v 0.06772739 -1.02906609 0.01514969
v 0.06699082 -1.03302228 0.01312137
v 0.06590328 -1.03823400 0.02457204
v 0.06623671 -1.03986931 0.02274778
v 0.07350236 -1.01271033 0.03447315
v 0.06955937 -1.00553238 0.02686757
v 0.07361498 -1.01062858 0.03254393
v 0.06545187 -1.00474203 0.02478844
v 0.06516033 -1.00383615 0.02238647
v 0.06771929 -1.00384891 0.02404486
v 0.07551596 -1.01334178 0.02831702
v 0.07737656 -1.01452792 0.03107891
v 0.06419455 -1.02941918 0.02093690
v 0.06267080 -1.02785432 0.02214425
v 0.06323846 -1.02909863 0.02041168
v 0.07889163 -1.03289068 0.03275139
v 0.07987784 -1.02474809 0.03322120
v 0.07122850 -1.04379761 0.02118428
v 0.06917749 -1.03381336 0.02162146
v 0.07009280 -1.03734624 0.01965077
v 0.07463087 -1.04723692 0.02066869
v 0.07292861 -1.04556930 0.02140431
v 0.07225869 -1.04464769 0.02121011
v 0.07337823 -1.04514205 0.02029121
v 0.05750729 -1.01968324 0.02074291
v 0.06084806 -1.01803994 0.01924028
v 0.06237014 -1.02122402 0.01909036
v 0.07772891 -1.05287528 0.03022527
v 0.07814693 -1.05082369 0.03142272
v 0.07628214 -1.04354811 0.03962667
v 0.07045007 -1.04496372 0.02577015
v 0.07092141 -1.04344928 0.02668569
v 0.07168283 -1.05693746 0.03213856
v 0.07120366 -1.05496979 0.02867642
v 0.07125074 -1.05527508 0.02733568
v 0.07188531 -1.05951571 0.02745252
v 0.06444588 -1.00120342 0.01915078
v 0.06709800 -1.00159502 0.02192012
v 0.06688200 -1.00275683 0.02239175
v 0.06486616 -1.00258017 0.02042035
v 0.06710633 -1.01568949 0.01973043
v 0.06579529 -1.01479125 0.02205887
v 0.08012810 -1.01806569 0.03686794
v 0.07937707 -1.01726818 0.03584085
v 0.08058747 -1.02127337 0.03801190
v 0.08152966 -1.02250731 0.03886876
v 0.06638543 -1.03702247 0.02848211
v 0.06564520 -1.03591013 0.02814035
v 0.07167846 -1.04897630 0.02997584
v 0.07395037 -1.05132222 0.03137695
v 0.07283346 -1.05421126 0.02778129
v 0.07119388 -1.05211961 0.02761490
v 0.07784611 -1.04431772 0.04188560
v 0.07098453 -1.04200876 0.02629740
v 0.07163812 -1.04217303 0.02742435
v 0.07052756 -1.04243779 0.02577469
v 0.06799655 -1.04011166 0.02151763
v 0.07006303 -1.03903770 0.02177148
v 0.07401931 -1.04738986 0.02225582
v 0.07764532 -1.05095398 0.02545087
v 0.07670409 -1.05097532 0.02571484
v 0.07344063 -1.04811597 0.02260286
v 0.06895278 -1.04467988 0.02239370
v 0.00715354 -0.99341917 0.09899336
v 0.00904065 -1.00295413 0.10569667
v -0.04848850 -1.08378339 -0.06841899
v -0.05595646 -1.08203101 -0.06276320
v -0.05451965 -1.07583725 -0.06645802
v -0.04733650 -1.07686591 -0.07094663
v 0.07185318 -1.05478013 0.02013973
v 0.07262049 -1.05643630 0.02413097
v 0.07370653 -1.05731297 0.02457863
v 0.07242621 -1.05556631 0.02114116
v 0.07922255 -1.04883754 0.03494813
v 0.08320306 -1.04494715 0.04021893
v 0.06784343 -1.03030849 0.02387867
v 0.06466617 -1.02728593 0.02375530
v 0.05461415 -1.02585828 0.02233681
v 0.05496777 -1.02707005 0.02231950
v 0.05548578 -1.02668095 0.02356486
v 0.05514422 -1.02536988 0.02380853
v 0.05817151 -1.02072549 0.02429645
v 0.06100065 -1.01970387 0.02297806
v 0.06028070 -1.01775444 0.02153787
v 0.05753528 -1.01856279 0.02361112
v 0.05408857 -1.02272880 0.02280333
v 0.05435744 -1.02434456 0.02247327
v 0.05498811 -1.02368498 0.02408706
v 0.05483666 -1.02183175 0.02465693
v 0.07708880 -1.05283463 0.02806676
v 0.07894292 -1.05277848 0.02982071
v 0.08470564 -1.04398072 0.03913955
v 0.08498390 -1.04165006 0.04004404
v 0.08246513 -1.04900289 0.03728703
v 0.08288904 -1.04715192 0.03880693
v 0.06737442 -1.02101958 0.01405058
v 0.06836908 -1.02120423 0.01589112
v 0.06797799 -1.01955163 0.01581825
v 0.08577299 -1.04719448 0.03921957
v 0.08584473 -1.04934049 0.04088015
v 0.06689097 -1.00320625 0.01125981
v 0.06591135 -1.00168657 0.01046089
v 0.03996654 -0.92822480 -0.00471662
v 0.04960072 -0.93466461 0.00810963
v 0.04888884 -0.92448187 0.00790855
v 0.03940902 -0.91806853 -0.00419649
v 0.07419245 -1.04996407 0.01904291
v 0.07274950 -1.05257261 0.01876254
v 0.05430817 -1.02108979 0.02182065
v 0.05417451 -1.02023375 0.02333161
v 0.05700987 -1.01871824 0.02221875
v 0.05954835 -1.02525318 0.02006957
v 0.05532296 -1.02588952 0.02081896
v 0.05830843 -1.02249181 0.02422123
v 0.05911152 -1.02755809 0.02299597
v 0.05952290 -1.02862263 0.02149267
v 0.06272551 -1.01440287 0.01865733
v 0.06427854 -1.01387799 0.02081500
v 0.06586231 -1.01387560 0.01752712
v 0.05484883 -1.01983178 0.02447021
v 0.06634944 -1.03804600 0.02628340
v 0.06144931 -1.02337015 0.02369655
v 0.06436537 -1.02087855 0.02554140
v 0.06409955 -1.01867318 0.02461388
v 0.06121942 -1.02138853 0.02359274
v 0.07400057 -1.01050770 0.02634446
v 0.07414003 -1.01236963 0.02626234
v 0.06685197 -1.01614285 0.02707214
v 0.07035436 -1.01633739 0.02500782
v 0.06737576 -1.03328824 0.02449212
v 0.06883694 -1.03648031 0.02286142
v 0.06471450 -1.02959597 0.02107797
v 0.06195413 -1.02553248 0.02315481
v 0.06438327 -1.02338994 0.02524918
v 0.05976203 -1.02658463 0.02033193
v 0.06354368 -1.02664518 0.01958563
v 0.06329178 -1.02774942 0.01982456
v 0.05973230 -1.02756548 0.02063758
v 0.07349937 -1.04356599 0.02799120
v 0.07153016 -1.05031610 0.01722918
v 0.07300415 -1.04724169 0.01821485
v 0.07239842 -1.06086576 0.04449060
v 0.07062502 -1.05237579 0.04952914
v 0.07116315 -1.05364883 0.03610006
v 0.05846488 -1.02433717 0.02395863
v 0.05558661 -1.02799582 0.02212504
v 0.05616204 -1.02750039 0.02115094
v 0.07968610 -1.01402247 0.03426015
v 0.06672769 -1.01344204 0.01718630
v 0.06669381 -1.03820944 0.02225773
v 0.07893434 -1.02209771 0.04167303
v 0.07785146 -1.01678407 0.03935988
v 0.06609521 -1.03942347 0.02268234
v 0.06681225 -1.04054761 0.02207065
v 0.06517778 -1.01420522 0.02159790
v 0.06665101 -1.01481175 0.01875737
v 0.06708627 -1.04093754 0.02186685
v 0.06806045 -1.02063668 0.01724886
v 0.07873572 -1.04336298 0.03335855
v 0.07080145 -1.00248444 0.02700478
v 0.06900828 -1.00096834 0.02403085
v 0.05579237 -1.02688980 0.02086124
v 0.05957460 -1.01797462 0.02084366
v 0.05885065 -1.02604961 0.02356094
v 0.06621523 -1.02443588 0.01886456
v 0.06588197 -1.02227080 0.01848232
v 0.06831962 -1.02289295 0.01734854
v 0.07171944 -1.01683378 0.02689841
v 0.06749052 -1.01786697 0.02945125
v 0.06876113 -1.01874292 0.03173135
v 0.07355890 -1.01759076 0.02869362
v 0.07646859 -1.01198101 0.03673804
v 0.07481338 -1.00767827 0.03320889
v 0.07702617 -1.00617909 0.03298367
v 0.07922582 -1.01065135 0.03681128
v 0.07197309 -1.07616973 0.05299711
v 0.07337296 -1.06692433 0.03752705
v 0.07346478 -1.08331060 0.04151703
v 0.07680178 -1.05277658 0.03683814
v 0.07705817 -1.05029213 0.03862601
v 0.08213925 -1.05134964 0.04176014
v 0.07096252 -1.05777001 0.02173999
v 0.07128765 -1.05521727 0.02558830
v 0.07172830 -1.05602241 0.02364074
v 0.08288324 -1.02720857 0.04452759
v 0.06857690 -1.03900826 0.01614597
v 0.07040820 -1.03948390 0.01882423
v 0.07250461 -1.01385331 0.03539904
v 0.07422230 -1.01571107 0.02658927
v 0.07653145 -1.01626027 0.02867915
v 0.08262602 -1.05362010 0.02985093
v 0.07940904 -1.05173695 0.02734859
v 0.00401178 -0.91475141 -0.03409403
v 0.00380731 -0.90739292 -0.03030436
v 0.00012216 -1.02727151 -0.08977032
v 0.00156274 -1.02712762 -0.08827214
v 0.00027913 -1.02901912 -0.08724785
v -0.00035657 -1.02901578 -0.08798876
v 0.00063531 -1.01808250 -0.08834308
v -0.00000966 -1.01967478 -0.08724802
v 0.00097358 -1.01942253 -0.08625548
v 0.00187760 -1.01807356 -0.08739941
v -0.00279106 -1.02862096 -0.08718342
v -0.00421014 -1.02598023 -0.08979569
v -0.00265044 -1.02693129 -0.09124023
v -0.00168204 -1.02918220 -0.08792198
v 0.08250697 -1.05692577 0.03071708
v 0.00403165 -1.01787972 -0.08799267
v 0.00297734 -1.01970911 -0.08681838
v 0.00365186 -1.02021551 -0.08870546
v 0.00535167 -1.01880145 -0.08974048
v -0.00324239 -1.01874042 -0.09648983
v -0.00219371 -1.02089345 -0.09662099
v -0.00327742 -1.02004886 -0.09422754
v -0.00325383 -1.01803172 -0.09387340
v -0.00047024 -1.02141333 -0.09594986
v 0.00143483 -1.02107143 -0.09773169
v 0.00314973 -1.02100682 -0.09594943
v 0.00096132 -1.02130222 -0.09438081
v -0.00365037 -1.02234173 -0.08920552
v -0.00225135 -1.02040911 -0.09061296
v -0.00438405 -1.02251840 -0.09282494
v 0.00384427 -1.02254772 -0.08682685
v 0.00254026 -1.02148843 -0.08538697
v 0.00136909 -1.02527392 -0.08485794
v 0.00260429 -1.02609050 -0.08576488
v 0.04343679 -0.94515306 -0.00594328
v 0.05119051 -0.94854170 0.00939448
v 0.02647722 -1.04035032 -0.06590903
v 0.02575311 -1.03756642 -0.06715086
v 0.02155485 -1.03878844 -0.06791542
v 0.02245954 -1.04123139 -0.06683287
v 0.06901029 -1.02519917 0.01655859
v 0.06848138 -1.02605462 0.01538328
v 0.07716633 -1.04741979 0.04033661
v 0.08161832 -1.05060482 0.03515375
v 0.07662193 -1.05463850 0.03458172
v 0.07539832 -1.05678678 0.02978007
v 0.07392706 -1.05538106 0.02871814
v 0.07499989 -1.05291140 0.03282211
v 0.08475530 -1.05082726 0.03551902
v 0.06806760 -1.01204169 0.01687270
v 0.07649533 -1.03928888 0.03056280
v 0.07458887 -1.05727243 0.02712508
v 0.07807560 -1.05885971 0.02786088
v 0.08310896 -1.02737570 0.03958717
v 0.08526720 -1.04923105 0.03756627
v 0.08354412 -1.04779494 0.03632741
v 0.07601395 -1.04948068 0.02137933
v 0.07028656 -1.02139854 0.03398484
v 0.07698354 -1.02144647 0.03186443
v 0.07549421 -1.01883650 0.03031666
v -0.10301460 -1.04449868 0.04233486
v -0.10308556 -1.04167235 0.04354523
v -0.10331878 -1.04011726 0.04159384
v -0.10314546 -1.04260588 0.04058126
v -0.09890951 -1.02575326 0.04043933
v -0.09889316 -1.03333199 0.04207831
v -0.10014736 -1.03599763 0.04286674
v -0.10037005 -1.03376710 0.04200864
v 0.06972694 -1.01953268 0.03297869
v 0.06538528 -1.03482223 0.02751947
v 0.06490512 -1.01684141 0.00789398
v 0.07381342 -1.00603020 0.02356390
v -0.09870096 -1.01505494 0.03712074
v -0.09767936 -1.01574874 0.03670795
v -0.09933433 -1.02033067 0.03860665
v -0.10037471 -1.01997590 0.03931175
v 0.07471544 -1.00706708 0.02605369
v 0.02385392 -0.99502885 0.09252860
v 0.02792698 -1.00521994 0.09878342
v 0.08509024 -1.02708769 0.04298187
v 0.07699154 -1.05235338 0.02906236
v 0.07002442 -1.01162243 0.01829030
v 0.06980716 -1.00588346 0.01730981
v 0.06814936 -1.00633550 0.01526991
v 0.07136309 -1.04263449 0.02712897
v 0.07174673 -1.01502812 0.03562044
v 0.07171990 -1.01735687 0.03677319
v 0.05581954 -1.02738130 0.02315662
v 0.07403218 -1.00922906 0.03267582
v 0.07030904 -1.00400901 0.02692010
v 0.05506496 -0.95259786 0.02417214
v 0.05262921 -0.95583689 0.04026355
v -0.08384997 -0.99590957 0.01356455
v -0.08657927 -0.99808598 0.01553651
v -0.08695382 -0.99567503 0.01680797
v -0.08233625 -0.99430001 0.01523928
v 0.05289535 -0.94449782 0.03790412
v 0.05434481 -0.94009376 0.02274769
v 0.06610063 -1.03120923 0.00919663
v 0.06664170 -1.02385402 0.01194572
v 0.06604020 -1.02268124 0.00989415
v 0.01846709 -0.92475009 -0.02868426
v 0.01567610 -0.91238976 -0.02457868
v 0.06514999 -1.01752365 0.00361223
v 0.06519308 -1.01719844 -0.00740932
v 0.06607284 -1.03325522 -0.00711622
v 0.06588169 -1.02755666 0.00318209
v 0.05238270 -1.06641531 -0.04345597
v 0.05435420 -1.06698525 -0.03888942
v 0.05491574 -1.05715621 -0.03893664
v 0.05256111 -1.05855608 -0.04274488
v 0.01106507 -1.12569308 -0.05955779
v 0.00054471 -1.12619734 -0.06196870
v 0.00069398 -1.13431478 -0.05571176
v 0.01144571 -1.13351464 -0.05311099
v 0.02968461 -1.01380479 0.10245426
v 0.03084870 -1.02471185 0.10635155
v 0.01082482 -1.02093399 0.11378294
v 0.00989557 -1.01089430 0.10932304
v 0.01162753 -1.15194821 -0.03058736
v 0.00070461 -1.15367174 -0.03359703
v 0.00072015 -1.15864873 -0.02312614
v -0.07935256 -0.99558783 0.01613249
v -0.08370553 -0.99492931 0.02044250
v -0.08318252 -0.99797684 0.02144685
v -0.07976005 -0.99798977 0.01799350
v 0.01179245 -1.15658712 -0.02047144
v 0.04541723 -1.03752506 -0.05643078
v 0.04763148 -1.03097034 -0.05647675
v 0.04359495 -1.03058100 -0.06024330
v 0.04186741 -1.03709579 -0.05942555
v 0.06981195 -1.00139093 0.01441433
v 0.06864737 -1.00217652 0.01308501
v -0.09794597 -1.05484283 0.02743363
v -0.09820141 -1.05149198 0.02696285
v -0.09640647 -1.05065799 0.02450817
v -0.09608553 -1.05409455 0.02457623
v -0.08323090 -1.02104759 0.03707151
v -0.08197057 -1.01437354 0.03495093
v -0.08820958 -1.01908565 0.03799714
v -0.08847259 -1.02204514 0.03844621
v 0.00081381 -1.16264212 -0.01085226
v 0.01207081 -1.16030288 -0.00858374
v 0.00416618 -1.04802942 -0.07402244
v -0.09600305 -1.04411674 0.03497671
v -0.09701697 -1.04494691 0.03841062
v -0.09747880 -1.04273283 0.03956522
v -0.09637690 -1.04121196 0.03693609
v -0.09938817 -1.04634619 0.04339156
v -0.09961456 -1.04318380 0.04472350
v -0.08200491 -1.00473809 0.01160204
v -0.08096044 -1.00846362 0.01072354
v -0.08142032 -1.01014316 0.01212763
v -0.08193566 -1.00901210 0.01353813
v -0.08200426 -1.02251768 0.02733115
v -0.08372197 -1.02675486 0.02549303
v -0.09456395 -1.00473285 0.03170437
v -0.09448219 -1.00664186 0.03090783
v -0.09665734 -1.01061475 0.03436389
v -0.09681117 -1.00921500 0.03548947
v 0.00458996 -1.04985988 -0.07109481
v 0.00833900 -1.04656792 -0.06968195
v 0.00791765 -1.04457474 -0.07207575
v -0.00153331 -1.09813070 -0.07415569
v -0.00071544 -1.10596347 -0.07119459
v 0.00838463 -1.10599899 -0.06948516
v 0.00703996 -1.09828734 -0.07305197
v 0.01278529 -1.04392529 -0.06826028
v 0.01189588 -1.04197097 -0.06996797
v 0.00065559 -1.14156318 -0.04931303
v 0.01162176 -1.14046168 -0.04639491
v 0.01102721 -1.16523159 0.04327886
v -0.09151440 -1.00928736 0.02915889
v -0.09380146 -1.01179409 0.03272008
v -0.09484947 -1.01237869 0.03448321
v -0.09381013 -1.01027131 0.03237166
v 0.01155835 -1.16530693 0.03448079
v 0.00010209 -1.16799402 0.03489765
v -0.09896657 -1.04740000 0.03452566
v -0.09701177 -1.04965949 0.02979693
v -0.09796585 -1.04927874 0.02958139
v -0.09992892 -1.04684806 0.03438368
v 0.00110068 -1.16720557 0.04777918
v 0.06322443 -1.03113973 0.06634980
v 0.06634101 -1.03073430 0.05043693
v 0.06861728 -1.04291236 0.05189924
v 0.06609834 -1.04824769 0.06877305
v 0.03004773 -0.93242651 -0.01902865
v 0.02766449 -0.91970706 -0.01547196
v -0.09053989 -1.03430891 0.03800017
v -0.08930130 -1.03945470 0.03603807
v -0.08826925 -1.03877044 0.03592046
v -0.08946829 -1.03426039 0.03771471
v -0.09939485 -1.04384446 0.04131233
v -0.09970037 -1.04112399 0.04233869
v -0.09794614 -1.04001272 0.04083940
v -0.08572502 -1.04180336 0.02343977
v -0.08650125 -1.04273677 0.02467896
v -0.08684830 -1.04112005 0.02517754
v -0.08643568 -1.03984690 0.02408678
v -0.08645632 -0.99461150 0.02028586
v -0.08005447 -1.00540948 0.02874358
v -0.08191739 -1.00601292 0.03028513
v -0.08480156 -1.01009583 0.03319968
v -0.08341632 -1.01123559 0.03355447
v 0.04521988 -1.08921361 -0.05051444
v 0.04726898 -1.09462237 -0.04574482
v 0.05067262 -1.08713412 -0.04223631
v 0.04847408 -1.08269978 -0.04736690
v -0.00291674 -1.08542120 -0.07858814
v 0.00463185 -1.08553028 -0.07811859
v 0.00276481 -1.07913780 -0.07885361
v -0.00359094 -1.07892478 -0.07937334
v -0.07947945 -0.99735308 0.01147002
v -0.08254551 -0.99764425 0.01134683
v -0.08332597 -0.99650085 0.01253661
v -0.08019907 -0.99586880 0.01302303
v 0.05222303 -1.05104780 -0.04327589
v 0.05506783 -1.04784524 -0.04052757
v 0.05410597 -1.03966260 -0.04537329
v 0.05099728 -1.04394877 -0.04709955
v 0.04805893 -1.03884554 -0.05321673
v -0.08899364 -1.04619241 0.02492622
v -0.09137010 -1.04554200 0.02717149
v -0.08935594 -1.04458761 0.02646193
v -0.08782893 -1.04492569 0.02465433
v 0.05058072 -1.03269601 -0.05282519
v -0.09768742 -1.03141618 0.04039092
v -0.09669539 -1.03828382 0.03856416
v 0.00989479 -1.11561882 -0.06553414
v -0.00003983 -1.11592197 -0.06761119
v 0.05290223 -1.07755470 -0.03967869
v 0.05093165 -1.07477510 -0.04500084
v 0.00125896 -1.05131078 -0.07678297
v 0.00194718 -1.05265474 -0.07299840
v -0.00089622 -1.05738485 -0.07563540
v -0.09713773 -1.02212274 0.03482341
v -0.09714951 -1.02224755 0.03779286
v -0.09642927 -1.01814723 0.03633577
v -0.09639244 -1.01810813 0.03348859
v -0.00445680 -1.05726719 -0.08188254
v -0.00483682 -1.06118369 -0.08023098
v -0.00162638 -1.06100225 -0.07638156
v 0.02540112 -1.09786904 -0.06598543
v 0.02704743 -1.10503209 -0.06196492
v 0.03494732 -1.10353589 -0.05646560
v 0.03327427 -1.09677613 -0.06068551
v 0.01168078 -1.14652824 -0.03912240
v -0.09702045 -1.03034830 0.03486165
v -0.09727979 -1.03031564 0.03829040
v 0.00070105 -1.14796913 -0.04221500
v -0.00458781 -1.07060647 -0.07895799
v -0.00026099 -1.07067013 -0.07733822
v -0.00123630 -1.06705797 -0.07633592
v -0.10078930 -1.03946114 0.04020689
v -0.10090315 -1.03319931 0.04058474
v -0.10033325 -1.04003859 0.04108316
v -0.08693213 -1.04293919 0.03369814
v -0.08689514 -1.04611838 0.03774685
v -0.08609783 -1.03924167 0.03947093
v -0.08715496 -1.04031110 0.03512423
v -0.00466733 -1.06722343 -0.07875542
v 0.01672277 -1.04011476 -0.06884454
v 0.01758279 -1.04229271 -0.06765687
v 0.06168452 -1.00077093 0.01785011
v 0.06278919 -1.00020134 0.01729122
v 0.06670478 -1.04937911 0.00634216
v 0.06595235 -1.03842926 0.00427906
v 0.06607523 -1.04688525 -0.00591007
v 0.06557792 -1.06008768 -0.00328605
v 0.06792953 -1.07185078 0.00053285
v 0.07013275 -1.08125639 0.00644476
v 0.07042733 -1.06503105 0.01352720
v 0.06855666 -1.05850255 0.00887720
v 0.04768280 -0.94771379 0.05146650
v 0.04549357 -0.95772600 0.05530695
v -0.00443606 -1.05432868 -0.08493932
v -0.00450807 -1.05146396 -0.08761957
v 0.01235218 -1.06386197 0.12529746
v -0.08200635 -1.01426101 0.01268353
v -0.08328266 -1.01642776 0.01406563
v -0.08217827 -1.01412821 0.01554306
v -0.08143686 -1.01183891 0.01497544
v 0.01192380 -1.04982543 0.12317671
v 0.03279858 -1.05475712 0.11498275
v 0.03290636 -1.06823957 0.11657637
v 0.06049383 -1.02048635 0.06250509
v -0.08544264 -1.00812185 0.03183230
v -0.08268142 -1.00493288 0.02939953
v -0.08321581 -1.00445271 0.02859588
v -0.08595037 -1.00641072 0.03030414
v 0.06422827 -1.02178121 0.04773056
v 0.00244192 -1.02393234 -0.09015703
v -0.00086985 -1.02846348 -0.08540365
v -0.00064307 -1.02495217 -0.08484229
v -0.00104332 -1.02762413 -0.08520976
v 0.00249045 -1.02093029 -0.09209411
v 0.00481916 -1.02035153 -0.09340934
v 0.00023357 -1.02116764 -0.08504784
v -0.00067238 -1.02135873 -0.08564302
v -0.00143471 -1.02524424 -0.08515704
v 0.00025536 -1.02887988 -0.08605999
v -0.00611946 -1.01689649 -0.09883703
v -0.00557954 -1.01844561 -0.10179506
v -0.00168091 -1.01984966 -0.10063121
v -0.00313899 -1.01833284 -0.09854054
v -0.00301496 -1.02777350 -0.08673914
v -0.00393014 -1.02551758 -0.08757877
v -0.00304268 -1.02344179 -0.09489238
v -0.00124864 -1.02719736 -0.09083666
v -0.00098285 -1.02919543 -0.08807859
v -0.00122044 -1.02409494 -0.09405334
v -0.00201164 -1.01803744 -0.09126688
v 0.00055804 -1.02422369 -0.09241776
v -0.09387106 -1.04672599 0.02928875
v -0.09393349 -1.04151416 0.03013415
v -0.09218060 -1.04152584 0.02868570
v -0.08768234 -1.01081240 0.02074009
v -0.08830418 -1.01212358 0.02269209
v -0.08949861 -1.00902915 0.02450098
v -0.08894043 -1.00702596 0.02274532
v 0.07279149 -1.01500845 0.02471155
v 0.05347843 -0.96587300 0.00242854
v 0.05756386 -0.98091912 0.01057557
v 0.05648229 -0.98048335 0.01736122
v -0.09061593 -0.99835563 0.02577724
v -0.08818802 -0.99808973 0.02648790
v -0.08596898 -0.99606860 0.02324324
v -0.08853529 -0.99597275 0.02291254
v -0.08169919 -1.01068163 0.01417624
v -0.08156896 -1.01161778 0.01244580
v -0.09260786 -1.03455651 0.03993160
v -0.09169465 -1.04077005 0.03770174
v 0.05416683 -0.96494281 0.01310410
v 0.07383816 -1.04193008 0.02854094
v 0.05927460 -1.09330761 -0.02347140
v 0.06101415 -1.10532856 -0.01323865
v 0.06736434 -1.09343731 -0.00214051
v -0.09579057 -1.03957415 0.03460318
v -0.09619848 -1.03703296 0.03601692
v 0.06592122 -1.08215177 -0.00805177
v 0.06078198 -1.11484253 -0.00479238
v 0.06735981 -1.10428393 0.00554702
v 0.07147147 -1.09183335 0.01496629
v 0.07344807 -1.07052195 0.02887730
v 0.03453320 -1.05379081 -0.06092801
v 0.03478782 -1.05356693 -0.06109034
v 0.03325384 -1.05324709 -0.06238839
v -0.08442117 -1.02703547 0.01853153
v -0.08197585 -1.02759933 0.01978558
v -0.08191570 -1.02674758 0.01976831
v -0.08496594 -1.02536845 0.01838702
v 0.03325609 -1.05342543 -0.06220828
v 0.03404532 -1.05387902 -0.06032780
v 0.03270080 -1.05337870 -0.06140134
v -0.08487935 -1.02697778 0.01709097
v -0.08534125 -1.02530766 0.01698648
v -0.08498136 -1.02512646 0.01578142
v -0.08466217 -1.02605832 0.01561693
v 0.03491586 -1.05430341 -0.05934738
v 0.03547723 -1.05410588 -0.05984386
v 0.03576224 -1.05384004 -0.05997730
v 0.01705680 -1.05433154 -0.06426559
v 0.01776140 -1.05466640 -0.06355293
v 0.02043331 -1.05379224 -0.06385003
v 0.01972408 -1.05374420 -0.06496099
v 0.01681188 -1.05403996 -0.06472328
v 0.01968247 -1.05340719 -0.06538957
v -0.08112475 -1.02784252 0.02029309
v -0.08142222 -1.02754533 0.01999006
v -0.08174236 -1.02812207 0.02031245
v -0.08584045 -1.03085387 0.03276165
v -0.08706553 -1.02280664 0.03433389
v -0.08500118 -1.02263808 0.03334387
v -0.08374818 -1.02968597 0.03159461
v 0.02087953 -1.05644011 -0.05797435
v 0.02034418 -1.05672836 -0.05786626
v -0.09783074 -1.02331758 0.03944977
v 0.02172183 -1.05608284 -0.05814141
v 0.01518944 -1.05634165 -0.06191036
v 0.01522488 -1.05735004 -0.06207025
v -0.09273722 -1.05042350 0.02027215
v -0.09110975 -1.05266678 0.02025965
v -0.09389593 -1.05603468 0.02470086
v 0.02000270 -1.05748224 -0.05799286
v 0.02001193 -1.05697715 -0.05783089
v 0.01556865 -1.05585408 -0.06210342
v -0.08252270 -1.01345563 0.02486125
v -0.08541497 -1.01433992 0.02199792
v -0.08396250 -1.01413941 0.02037314
v -0.08216051 -1.01315069 0.02305438
v -0.08159274 -1.01836109 0.01834467
v -0.07965297 -1.01505232 0.01753615
v -0.08372007 -1.01676786 0.01682677
v -0.08470044 -1.03314686 0.01694408
v -0.08322468 -1.02926922 0.01965554
v -0.08411817 -1.02809536 0.01822917
v -0.08453433 -1.02850866 0.01686241
v -0.09868859 -1.01426744 0.03847583
v -0.10024954 -1.01951861 0.04094156
v -0.09854472 -1.01934659 0.04245467
v -0.09706475 -1.01374936 0.03989593
v 0.01396904 -1.05559826 -0.06222107
v 0.01298563 -1.05592859 -0.06183038
v -0.08020340 -1.00106239 0.00983733
v -0.07722201 -0.99832553 0.01291746
v -0.07950973 -1.00422406 0.00910154
v -0.10213817 -1.05150855 0.03670878
v -0.09869236 -1.05385029 0.03710349
v -0.09910619 -1.05165088 0.03959898
v -0.10266513 -1.04941857 0.03905253
v -0.08199869 -1.03441644 0.02592181
v -0.08205903 -1.03235102 0.02540120
v -0.08238558 -1.03379834 0.02403047
v -0.08220299 -1.03574085 0.02430070
v 0.01301780 -1.05732095 -0.06208145
v 0.02490176 -1.05239964 -0.06547482
v 0.02510548 -1.05157256 -0.06554471
v 0.02037152 -1.05189288 -0.06579557
v 0.01997974 -1.05279922 -0.06567512
v 0.02468978 -1.05289209 -0.06528206
v 0.02814469 -1.05300999 -0.06436962
v 0.02822658 -1.05247629 -0.06454363
v 0.02837363 -1.05166852 -0.06454164
v -0.06143754 -0.99768734 0.06910804
v -0.07121920 -0.99800980 0.05024962
v -0.07462404 -1.01131546 0.05849115
v -0.06728669 -1.01013255 0.07453659
v -0.09161892 -1.00117922 0.02521224
v -0.09069579 -0.99906194 0.02252588
v -0.08618332 -1.04089355 0.01573934
v -0.08557855 -1.04291916 0.01425953
v -0.08671919 -1.04845142 0.01581265
v -0.08742682 -1.04502082 0.01600016
v 0.01703619 -1.05280137 -0.06554238
v 0.01693635 -1.05367708 -0.06518131
v 0.02842264 -1.05092645 -0.06450875
v 0.02533635 -1.05082488 -0.06544672
v -0.10016098 -1.03492558 0.04589259
v -0.10301962 -1.03414261 0.04432354
v 0.02056191 -1.05114734 -0.06576394
v 0.01700556 -1.05230606 -0.06564543
v 0.01416079 -1.05347872 -0.06494710
v 0.01533128 -1.05377781 -0.06497648
v 0.02541483 -1.04995644 -0.06523846
v 0.02526674 -1.04897571 -0.06510548
v 0.02040972 -1.04924238 -0.06567036
v 0.02057034 -1.05023468 -0.06568316
v -0.08845241 -1.04669809 0.02328378
v -0.09202428 -1.05006456 0.02642855
v -0.08987662 -1.04762030 0.02540715
v -0.08810414 -1.04616702 0.02359933
v -0.08756805 -1.03827596 0.02114592
v -0.08828679 -1.03956664 0.02079179
v -0.08654846 -1.04049659 0.02101856
v -0.08549636 -1.03910708 0.02119248
v 0.02850558 -1.05009961 -0.06420419
v 0.02842522 -1.04912400 -0.06404224
v -0.08510512 -1.04789484 0.01300226
v -0.08675159 -1.05283594 0.01643429
v 0.03690320 -1.05387914 -0.05826866
v 0.03736843 -1.05433726 -0.05731608
v 0.03738612 -1.05377591 -0.05744853
v -0.07824244 -1.00499701 0.02806376
v 0.03711101 -1.05334842 -0.05797327
v 0.03990467 -1.05089569 -0.05472208
v 0.04075279 -1.05217803 -0.05359976
v 0.04247069 -1.05134130 -0.05222600
v -0.08774155 -1.03972054 0.01835609
v -0.08870637 -1.04233348 0.01793833
v -0.08924114 -1.04119563 0.02047832
v -0.08019136 -1.00940967 0.00852646
v -0.08102058 -1.01118898 0.01075016
v -0.08736289 -1.04526591 0.02342810
v -0.08659533 -1.04406238 0.02339850
v -0.08506868 -1.04028022 0.02255271
v -0.08559802 -1.03827405 0.02399636
v 0.04140710 -1.04987252 -0.05360059
v -0.09220643 -1.03150511 0.03124123
v -0.09403107 -1.02292001 0.03281417
v 0.04986309 -1.04082584 -0.05004875
v 0.04373656 -1.04690957 -0.05302834
v 0.04507210 -1.04840827 -0.05098261
v 0.03643462 -1.05365396 -0.05909652
v 0.03580022 -1.05337322 -0.06003456
v 0.03632044 -1.05404508 -0.05904004
v 0.03675012 -1.05434668 -0.05808075
v 0.03663297 -1.05294931 -0.05880689
v 0.03594264 -1.05265009 -0.05988766
v 0.03487323 -1.05316329 -0.06114196
v 0.03497493 -1.05233192 -0.06111213
v 0.03335198 -1.05197895 -0.06244842
v 0.03323396 -1.05280757 -0.06247104
v 0.03110080 -1.05261183 -0.06353760
v -0.07799925 -1.01233125 0.04396312
v -0.07451950 -0.99818671 0.02898483
v 0.03140594 -1.05314088 -0.06331767
v 0.03124383 -1.05177212 -0.06350079
v 0.03350571 -1.05129337 -0.06221873
v 0.03138297 -1.05105436 -0.06338541
v 0.03505781 -1.05161965 -0.06076280
v 0.03608260 -1.05203748 -0.05950891
v 0.03682099 -1.05244303 -0.05835166
v 0.03743311 -1.05287290 -0.05749157
v 0.03782146 -1.05352271 -0.05685380
v 0.03717514 -1.05184245 -0.05775712
v 0.03783505 -1.05104005 -0.05691896
v 0.03663326 -1.05049193 -0.05835697
v 0.03630124 -1.05139065 -0.05904254
v 0.03797137 -1.05239594 -0.05676329
v 0.03880015 -1.05170858 -0.05576066
v -0.08541640 -1.04085541 0.02124573
v -0.08536825 -1.04121959 0.02149805
v -0.08455829 -1.04028583 0.02188827
v -0.08450463 -1.03974795 0.02151509
v 0.03522756 -1.05100572 -0.06032246
v 0.03532045 -1.05016661 -0.05987608
v 0.03358039 -1.04975939 -0.06144624
v 0.03358165 -1.05057466 -0.06187066
v -0.08951514 -0.99733210 0.02004458
v -0.09079979 -1.03799057 0.02880299
v -0.08769747 -1.03612900 0.02679331
v -0.08839764 -1.03835833 0.02608091
v 0.03144513 -1.05032086 -0.06306219
v 0.03155560 -1.04937661 -0.06269569
v -0.10062221 -1.02492392 0.03948323
v -0.10194204 -1.03301942 0.04036731
v -0.10334951 -1.03339994 0.04200210
v -0.10187323 -1.02476668 0.04080803
v 0.02463223 -1.05301714 -0.06500535
v 0.02433982 -1.05311501 -0.06383409
v 0.02786034 -1.05293131 -0.06322192
v 0.02820577 -1.05314088 -0.06406611
v 0.03144018 -1.05324912 -0.06313141
v -0.07783665 -0.99686557 0.01438920
v -0.08206405 -1.03157806 0.02629603
v -0.08329866 -1.02992070 0.02551761
v 0.03083866 -1.05300474 -0.06235987
v 0.02775181 -1.05287647 -0.06207848
v 0.02599326 -1.05516100 -0.05796956
v 0.02734208 -1.05516911 -0.05760716
v 0.03041947 -1.05296266 -0.06132456
v -0.08311550 -1.03703284 0.02453100
v -0.08343585 -1.03863478 0.02260379
v 0.02458311 -1.05317080 -0.06260764
v 0.02444351 -1.05533087 -0.05821231
v 0.02125373 -1.05397689 -0.06265908
v -0.08129469 -1.01428270 0.01038618
v 0.02293074 -1.05566633 -0.05826555
v 0.01856061 -1.05473983 -0.06279889
v 0.02581944 -1.06524158 -0.06509683
v 0.02588982 -1.06543183 -0.06541121
v 0.03049798 -1.06484723 -0.06486027
v 0.03005151 -1.06459069 -0.06438249
v 0.04424065 -1.02879417 0.09625447
v 0.04507452 -1.04400229 0.10157000
v 0.03214127 -1.03864264 0.11101642
v 0.03314271 -1.06223655 -0.06337117
v 0.03305754 -1.06315589 -0.06297861
v 0.03550893 -1.06187153 -0.06158372
v 0.03536782 -1.06102061 -0.06165938
v 0.03316675 -1.06123424 -0.06371550
v -0.09841999 -1.04795575 0.03844133
v -0.09897402 -1.04604506 0.03993904
v -0.09683678 -1.04662263 0.03705670
v -0.09651989 -1.04784203 0.03541790
v -0.09573681 -1.04955053 0.03230872
v -0.09584119 -1.05106509 0.03186797
v -0.09762704 -1.04966080 0.03640671
v -0.08648004 -1.03715575 0.02531446
v -0.08742072 -1.03885102 0.02491592
v 0.03513894 -1.05998909 -0.06177687
v 0.03042137 -1.06243157 -0.06548511
v -0.08723832 -1.00955975 0.01927580
v -0.08803284 -1.00362277 0.02002978
v -0.09513483 -1.01468730 0.03405520
v -0.09487920 -1.01537895 0.03117822
v -0.09585702 -1.02526307 0.04328148
v -0.09580807 -1.03461730 0.04399329
v -0.09421391 -1.03443778 0.04177493
v -0.09461623 -1.02554631 0.04181970
v 0.03036313 -1.06354856 -0.06501448
v 0.03015078 -1.06432688 -0.06446005
v 0.03440571 -1.05859292 -0.05743306
v 0.03363712 -1.05954242 -0.05815366
v -0.08834058 -1.02800369 0.03859681
v -0.08481862 -1.02891326 0.03835604
v -0.08423255 -1.02716637 0.01509347
v -0.08359395 -1.03113985 0.01306551
v -0.08264531 -1.03637671 0.02451679
v -0.08301793 -1.03800333 0.02269237
v -0.08961536 -1.01067066 0.03441238
v -0.08548718 -1.00359309 0.02681043
v -0.08967371 -1.00858665 0.03248341
v -0.08136000 -1.00290561 0.02473430
v -0.08104372 -1.00200737 0.02233253
v -0.08360316 -1.00195611 0.02398908
v 0.03420939 -1.05939245 -0.05962295
v 0.03526035 -1.05861926 -0.05833977
v 0.03504872 -1.05791533 -0.05680879
v 0.03591796 -1.05788505 -0.05739842
v 0.02986117 -1.05772114 -0.05528603
v 0.02950586 -1.05809522 -0.05560216
v 0.02894845 -1.05854392 -0.05603635
v -0.09163620 -1.01125216 0.02825449
v -0.09352819 -1.01239121 0.03101466
v 0.03004453 -1.05740035 -0.05509160
v -0.08071373 -1.02760744 0.02088293
v -0.07915232 -1.02608097 0.02209131
v -0.07974944 -1.02731085 0.02035854
v -0.09550256 -1.03071058 0.03268611
v -0.09628551 -1.02254581 0.03315499
v -0.08810461 -1.04180598 0.02112565
v 0.03012760 -1.05710530 -0.05500111
v -0.08580533 -1.03187585 0.02156371
v -0.08680696 -1.03538489 0.01959258
v -0.09159101 -1.04515934 0.02060772
v -0.08984847 -1.04353464 0.02134456
v -0.08915555 -1.04263020 0.02115086
v -0.09028613 -1.04309654 0.02023132
v -0.07378470 -1.01804185 0.02069427
v -0.07708221 -1.01631558 0.01918917
v -0.07868332 -1.01946056 0.01903803
v 0.03011343 -1.05683327 -0.05502100
v 0.03001436 -1.05657244 -0.05517488
v 0.05286429 -1.02390981 -0.05023618
v 0.05264032 -1.03549373 -0.04917218
v -0.09483649 -1.05071855 0.03016147
v -0.09520401 -1.04865718 0.03135858
v -0.09316672 -1.04143023 0.03956391
v 0.05527639 -1.02718925 -0.04608808
v 0.03600434 -1.05436873 -0.05884343
v -0.08735996 -1.04299104 0.02571144
v -0.08779385 -1.04146528 0.02662665
v 0.03647133 -1.05473351 -0.05792494
v -0.08889831 -1.05493093 0.03207765
v -0.08836686 -1.05297577 0.02861625
v -0.08841987 -1.05327976 0.02727553
v -0.08915943 -1.05750358 0.02739143
v 0.03539972 -1.05465412 -0.05844660
v -0.08026067 -0.99939299 0.01909724
v -0.08292369 -0.99971843 0.02186476
v -0.08273742 -1.00088525 0.02233657
v -0.08071642 -1.00075889 0.02036651
v -0.08328018 -1.01380920 0.01967482
v -0.08194952 -1.01294398 0.02200422
v 0.03584387 -1.05505121 -0.05764944
v -0.09637205 -1.01585937 0.03680141
v -0.09560023 -1.01508093 0.03577496
v -0.09691212 -1.01905453 0.03794502
v -0.09788582 -1.02026463 0.03880122
v 0.03696198 -1.05524611 -0.05703380
v 0.03736397 -1.05497026 -0.05701784
v 0.03341126 -1.05386209 -0.05956641
v 0.02901598 -1.05555427 -0.05668828
v 0.02943650 -1.05582619 -0.05622715
v -0.08310002 -1.03515363 0.02842660
v -0.08233210 -1.03406036 0.02808542
v -0.08869290 -1.04697192 0.02991599
v -0.09102288 -1.04926038 0.03131551
v -0.08997528 -1.05217648 0.02772058
v -0.08828484 -1.05012643 0.02755520
v -0.09475072 -1.04216039 0.04182154
v 0.03410655 -1.05447626 -0.05866500
v 0.03213929 -1.05333602 -0.06045774
v 0.02831660 -1.05532730 -0.05716305
v 0.02964881 -1.05606687 -0.05583430
v 0.02985298 -1.05631292 -0.05547151
v -0.08782088 -1.04002357 0.02623814
v -0.08847923 -1.04017150 0.02736469
v 0.03440673 -1.05484259 -0.05792254
v -0.08737429 -1.04046392 0.02571584
v 0.03485195 -1.05525005 -0.05718627
v 0.03620091 -1.05563867 -0.05705910
v -0.08478212 -1.03820157 0.02146103
v -0.08682132 -1.03707647 0.02171339
v -0.09098487 -1.04532731 0.02219521
v -0.09470108 -1.04879987 0.02538732
v -0.09376103 -1.04884458 0.02565197
v -0.09042490 -1.04606748 0.02254251
v 0.03537102 -1.05627370 -0.05630599
v 0.03543689 -1.05677128 -0.05628578
v 0.03639206 -1.05615616 -0.05684258
v -0.08585287 -1.04274487 0.02233648
v 0.03643429 -1.05666852 -0.05676024
v 0.03519619 -1.05577278 -0.05657399
v -0.02285969 -0.99304396 0.09898122
v -0.02498932 -1.00252998 0.10568196
v 0.03532773 -1.05732715 -0.05644180
v 0.03627200 -1.05721259 -0.05696921
v 0.03765030 -1.05444300 -0.05688817
v 0.03760396 -1.05526280 -0.05660440
v 0.03809743 -1.05628884 -0.05604719
v 0.03808622 -1.05443215 -0.05634522
v -0.08900312 -1.05276942 0.02007962
v -0.08981492 -1.05440593 0.02407020
v -0.09092288 -1.05525517 0.02451714
v -0.08959647 -1.05354118 0.02108065
v -0.09623254 -1.04664457 0.03488313
v 0.03876384 -1.05439138 -0.05558212
v 0.03843290 -1.05317485 -0.05599035
v 0.03907169 -1.05687475 -0.05563490
v 0.04044893 -1.05725837 -0.05483920
v -0.10011940 -1.04265594 0.04015044
v -0.08438579 -1.02840555 0.02382183
v -0.08113429 -1.02546310 0.02370085
v 0.04002544 -1.05428493 -0.05444423
v 0.03942230 -1.05281997 -0.05492024
v 0.03722416 -1.05576086 -0.05662396
v -0.07104845 -1.02428710 0.02229038
v -0.07143231 -1.02548957 0.02227281
v -0.07194136 -1.02508771 0.02351759
v -0.07156726 -1.02378571 0.02376154
v 0.03737636 -1.05642986 -0.05640488
v 0.03843317 -1.05796063 -0.05701050
v -0.07447746 -1.01906717 0.02424656
v -0.07727916 -1.01797509 0.02292639
v -0.07650963 -1.01604426 0.02148708
v -0.07378682 -1.01692128 0.02356211
v 0.03921720 -1.05879092 -0.05689475
v 0.03776983 -1.05742288 -0.05708217
v 0.03722864 -1.05816519 -0.05837676
v 0.03769452 -1.05888748 -0.05844178
v -0.07044483 -1.02117181 0.02275716
v -0.07075398 -1.02278030 0.02242696
v -0.07136922 -1.02210522 0.02404001
v -0.07117157 -1.02025640 0.02461006
v 0.03827902 -1.05964422 -0.05845477
v 0.03675342 -1.05981779 -0.06001899
v -0.09419379 -1.05069375 0.02800347
v -0.09604742 -1.05059159 0.02975589
v 0.03713750 -1.06067586 -0.06005897
v 0.03640616 -1.05895197 -0.05993559
v 0.03715629 -1.05722022 -0.05702258
v -0.10159640 -1.04165244 0.03906981
v -0.10181703 -1.03931534 0.03997405
v -0.09948062 -1.04672885 0.03721916
v -0.09985930 -1.04486799 0.03873874
v 0.03664616 -1.05790889 -0.05801233
v 0.03587383 -1.05863976 -0.05935155
v 0.03478447 -1.05923676 -0.06124886
v -0.08367723 -1.01913130 0.01399504
v -0.08467750 -1.01929092 0.01583466
v -0.08424514 -1.01764870 0.01576219
v -0.10274356 -1.04483843 0.03914911
v -0.10287051 -1.04698193 0.04080982
v -0.08274744 -1.00133431 0.01120475
v -0.08172990 -0.99983966 0.01040659
v -0.05394145 -0.92704755 -0.00475329
v -0.06374421 -0.93324459 0.00806522
v -0.06277706 -0.92308223 0.00786486
v -0.05312959 -0.91690844 -0.00423239
v -0.09121981 -1.04789650 0.01898196
v -0.08984268 -1.05054009 0.01870210
v 0.03290446 -1.06029463 -0.06326675
v 0.03218187 -1.06028008 -0.06129520
v 0.03017976 -1.06156135 -0.06502077
v -0.07062249 -1.01952791 0.02177445
v -0.07046843 -1.01867545 0.02328550
v -0.07326437 -1.01708961 0.02217031
v -0.07596412 -1.02355897 0.02001948
v -0.07175659 -1.02430046 0.02077217
v 0.02937779 -1.06114566 -0.06291863
v 0.02648690 -1.06603420 -0.06672643
v 0.03154865 -1.06567967 -0.06611004
v 0.02903026 -1.06113029 -0.06100946
v 0.02659923 -1.05928290 -0.05734321
v 0.02501504 -1.05935764 -0.05789363
v 0.02575609 -1.06114030 -0.06206102
v -0.07465866 -1.02082944 0.02417131
v 0.01583003 -1.05805612 -0.06253065
v 0.01665376 -1.05886567 -0.06294106
v -0.07558742 -1.02587366 0.02294568
v -0.07602401 -1.02692771 0.02144241
v -0.07886881 -1.01263273 0.01860504
v -0.08040977 -1.01206911 0.02076137
v -0.08199035 -1.01202703 0.01747237
v -0.07113356 -1.01825702 0.02442363
v -0.08308804 -1.03617775 0.02622762
v 0.02062454 -1.05819857 -0.05830079
v 0.02024198 -1.05780756 -0.05814144
v 0.01433129 -1.05811608 -0.06315674
v 0.01568785 -1.05890775 -0.06378646
v -0.07782023 -1.02162886 0.02364437
v -0.08067441 -1.01906526 0.02548731
v -0.08035268 -1.01686704 0.02456015
v -0.07754067 -1.01965368 0.02354078
v -0.09004858 -1.00845671 0.02628326
v -0.09023444 -1.01031446 0.02620111
v -0.08304263 -1.01426864 0.02701711
v -0.08654750 -1.01437557 0.02495008
v -0.08399309 -1.03139603 0.02443561
v -0.08553252 -1.03455067 0.02280406
v -0.08123810 -1.02777123 0.02102360
v -0.07837859 -1.02377796 0.02310234
v -0.08075503 -1.02157545 0.02519502
v -0.07621129 -1.02488446 0.02028172
v -0.07999265 -1.02485061 0.01953242
v -0.07976864 -1.02596080 0.01977149
v -0.07620631 -1.02586579 0.02058727
v -0.09037480 -1.04151750 0.02793011
v -0.08856606 -1.04831505 0.01716955
v -0.08996292 -1.04520476 0.01815512
v -0.08972380 -1.05884004 0.04442827
v -0.08774427 -1.05039680 0.04946832
v -0.08830196 -1.05165601 0.03603952
v -0.07486115 -1.02267003 0.02390852
v -0.07207394 -1.02639937 0.02207783
v -0.07263598 -1.02588975 0.02110345
v -0.09582685 -1.01182854 0.03419391
v -0.08284433 -1.01157176 0.01713092
v -0.08343285 -1.03633273 0.02220204
v -0.09528395 -1.01991963 0.04160873
v -0.09406669 -1.01463461 0.03929666
v -0.08286522 -1.03756118 0.02262703
v -0.08360963 -1.03866708 0.02201491
v -0.08131740 -1.01237345 0.02154360
v -0.08280242 -1.01294327 0.01870212
v -0.08389311 -1.03905010 0.02181094
v -0.08435583 -1.01873136 0.01719257
v -0.09560800 -1.04118383 0.03329378
v 0.02001315 -1.06054068 -0.06313697
v 0.02217714 -1.05901062 -0.05850596
v -0.08665137 -1.00051510 0.02694710
v -0.08481871 -0.99904430 0.02397421
v 0.02121558 -1.05862594 -0.05844062
v -0.07225096 -1.02528894 0.02081411
v 0.01825845 -1.05971873 -0.06292817
v -0.07580870 -1.01628208 0.02079337
v -0.07528938 -1.02437234 0.02351075
v 0.01935712 -1.06100976 -0.06497239
v 0.01712663 -1.05980110 -0.06428322
v 0.02589411 -1.06161249 -0.06407771
v -0.08260748 -1.02257538 0.01880955
v -0.08221987 -1.02041936 0.01842762
v -0.08467139 -1.02098036 0.01729197
v 0.01266182 -1.10140216 0.12175797
v 0.01276805 -1.08469915 0.12486580
v -0.08792623 -1.01483750 0.02683949
v -0.08372618 -1.01597607 0.02939587
v -0.08502057 -1.01682043 0.03167481
v -0.08978587 -1.01554847 0.02863326
v -0.09256186 -1.00986743 0.03667618
v -0.09079684 -1.00560713 0.03314825
v -0.09297054 -1.00405312 0.03292117
v -0.09528428 -1.00846934 0.03674725
v 0.03240441 -1.08766425 0.11613427
v 0.03166472 -1.10232162 0.11347346
v -0.08968860 -1.07415009 0.05293493
v -0.09084183 -1.06487274 0.03746399
v -0.09134792 -1.08125162 0.04145359
v -0.09391376 -1.05064297 0.03677467
v -0.09410967 -1.04815280 0.03856234
v -0.09921772 -1.04908299 0.04169267
v -0.08818825 -1.05578101 0.02167994
v -0.08845326 -1.05322099 0.02552822
v -0.08891207 -1.05401444 0.02358039
v -0.09936041 -1.02493036 0.04446026
v 0.03154691 -1.06045747 -0.05969511
v 0.02793233 -1.05897593 -0.05671039
v 0.04157088 -1.10432851 0.10558128
v 0.04028333 -1.11386299 0.10288234
v 0.03167280 -1.11528373 0.10883394
v 0.03135478 -0.97101307 0.07436378
v 0.02173708 -0.96040833 0.08304410
v -0.08533058 -1.03708434 0.01608907
v -0.08717509 -1.03751397 0.01876608
v 0.01219827 -1.05787945 -0.06422059
v -0.08864774 -1.01183820 0.03533902
v 0.01392679 -1.05923164 -0.06462037
v -0.09040067 -1.01365280 0.02652791
v -0.09272473 -1.01414418 0.02861572
v -0.09975050 -1.05134058 0.02978310
v -0.09648502 -1.04953861 0.02728357
v 0.01104243 -1.05667245 -0.06395088
v 0.01034830 -1.05649352 -0.06412385
v 0.01143519 -1.05793107 -0.06428559
v 0.01293723 -1.05936193 -0.06462765
v 0.01604179 -1.06039596 -0.06513242
v 0.01529282 -1.06072402 -0.06551623
v 0.01872058 -1.06221712 -0.06659403
v 0.01886599 -1.06151104 -0.06622747
v 0.02616752 -1.06227970 -0.06606956
v 0.02622977 -1.06315804 -0.06653811
v 0.01821655 -1.06293833 -0.06599587
v 0.01469794 -1.06117082 -0.06496213
v 0.01766572 -1.06369591 -0.06534669
v 0.01449805 -1.06209528 -0.06465602
v 0.02588707 -1.06491005 -0.06538273
v 0.02616762 -1.06415296 -0.06603052
v 0.01398556 -1.05442619 -0.06439799
v 0.01174826 -1.05467367 -0.06426509
v 0.01451632 -1.05481076 -0.06414647
v 0.01208575 -1.05504179 -0.06390549
v 0.01569322 -1.05518425 -0.06307741
v 0.01123527 -1.05549335 -0.06376261
v 0.01053713 -1.05523670 -0.06409912
v -0.01763836 -0.91447985 -0.03410277
v -0.01725174 -0.90712869 -0.03031292
v 0.01657251 -1.05535245 -0.06257405
v 0.01066913 -1.05799675 -0.06396975
v 0.00941367 -1.05632806 -0.06414521
v 0.00939367 -1.05849671 -0.06323345
v 0.00861362 -1.05648279 -0.06380731
v 0.01171287 -1.06075060 -0.06365731
v 0.01218290 -1.05962896 -0.06399512
v 0.00954436 -1.05504930 -0.06411670
v 0.01017769 -1.05448174 -0.06423290
v 0.00884269 -1.05492985 -0.06413946
v 0.00948813 -1.05421233 -0.06425951
v 0.01675850 -1.05154312 -0.06569970
v 0.01648660 -1.05072331 -0.06568280
v 0.01340384 -1.05284965 -0.06507801
v 0.01278549 -1.05230892 -0.06501913
v 0.02499597 -1.04791081 -0.06500533
v 0.02819068 -1.04802167 -0.06385586
v 0.02457822 -1.04668331 -0.06496161
v -0.01651833 -1.02706337 -0.08977620
v -0.01795605 -1.02688360 -0.08827913
v -0.01672098 -1.02880657 -0.08725385
v -0.01608480 -1.02881908 -0.08799425
v 0.02800041 -1.04665947 -0.06379485
v 0.01952438 -1.04720891 -0.06572811
v 0.02012808 -1.04819584 -0.06568795
v 0.02758390 -0.91147745 -0.01392589
v 0.03869556 -1.04999781 -0.05618766
v 0.03982300 -1.04871964 -0.05547458
v 0.03812484 -1.04796982 -0.05734568
v 0.03723280 -1.04944706 -0.05772024
v 0.03559614 -1.04901767 -0.05937064
v -0.01680279 -1.01786447 -0.08834930
v -0.01619866 -1.01947224 -0.08725369
v -0.01717611 -1.01919556 -0.08626196
v -0.01804522 -1.01782441 -0.08740652
v 0.03604326 -1.04745114 -0.05918403
v 0.03362071 -1.04704058 -0.06098645
v 0.03355507 -1.04858994 -0.06111803
v 0.03146179 -1.04826522 -0.06242540
v 0.03119690 -1.04668665 -0.06242255
v 0.04165893 -1.05378962 -0.05290150
v 0.04291223 -1.05710649 -0.05268604
v 0.04351317 -1.05328023 -0.05130874
v 0.04519445 -1.05682993 -0.05051342
v 0.00765220 -1.05944550 -0.06347808
v -0.01364180 -1.02848530 -0.08718701
v -0.01215507 -1.02588069 -0.08979818
v -0.01373690 -1.02679253 -0.09124392
v -0.01476391 -1.02901840 -0.08792644
v 0.00734547 -1.05691552 -0.06353274
v 0.00567719 -1.06034756 -0.06481992
v 0.00573147 -1.05733728 -0.06450695
v 0.00710015 -1.06341922 -0.06596190
v 0.00913805 -1.06237173 -0.06428519
v 0.00794432 -1.05486083 -0.06412343
v 0.00871261 -1.05392230 -0.06430097
v 0.00662119 -1.05483079 -0.06446604
v 0.00768937 -1.05336678 -0.06459147
v 0.01591646 -1.04986000 -0.06569724
v 0.01533422 -1.04893029 -0.06570789
v 0.01215264 -1.05169475 -0.06511362
v 0.01121840 -1.05086589 -0.06526282
v 0.04336265 -1.01745403 0.09178314
v 0.04579302 -1.06011152 0.10475153
v 0.03921322 -1.07019532 -0.06371498
v 0.03687112 -1.06720793 -0.06441745
v 0.03319441 -1.06831264 -0.06676017
v 0.03517175 -1.07206285 -0.06699015
v 0.04209071 -1.07429671 -0.06160861
v 0.04456247 -1.07058311 -0.05868090
v 0.04196464 -1.06776714 -0.06064862
v 0.03958119 -1.06550527 -0.06192094
v 0.04356573 -1.06005049 -0.05380237
v 0.04162170 -1.05998373 -0.05557072
v 0.04162883 -1.06183970 -0.05718650
v 0.04359359 -1.06246114 -0.05573663
v 0.04593357 -1.06008387 -0.05176209
v 0.04620314 -1.06332994 -0.05377086
v 0.04301878 -1.06488752 -0.05819751
v 0.04086084 -1.06354296 -0.05941794
v 0.04571439 -1.06660008 -0.05632921
v 0.01542998 -1.06772721 -0.06832509
v 0.01625989 -1.06590295 -0.06669678
v 0.01297784 -1.06415105 -0.06530742
v 0.01138042 -1.06516027 -0.06603529
v 0.01402575 -1.06949353 -0.06992367
v 0.00914331 -1.06631386 -0.06755689
v 0.02842377 -1.07246768 -0.06980790
v 0.02753292 -1.06901848 -0.06846432
v 0.01738105 -1.06415641 -0.06510095
v 0.01524236 -1.06309974 -0.06479876
v 0.01716361 -1.06440699 -0.06510003
v 0.01453403 -1.06302392 -0.06457020
v 0.04843856 -1.12661338 0.08506575
v 0.05084431 -1.13301837 0.07246956
v 0.03492308 -1.14546895 0.08019143
v 0.03393138 -1.13685191 0.09261176
v 0.03306244 -1.06353664 -0.06302255
v 0.03369885 -1.06394124 -0.06349029
v 0.03625266 -1.06275177 -0.06197986
v 0.03564369 -1.06229055 -0.06174551
v 0.03748816 -1.06122947 -0.06020330
v 0.03818405 -1.06170368 -0.06026172
v 0.03933713 -1.06065917 -0.05839470
v 0.03872789 -1.06032801 -0.05865481
v 0.03937341 -1.05957770 -0.05737114
v 0.04000550 -1.05955374 -0.05681525
v 0.01486538 -1.06391668 -0.06517643
v 0.01709793 -1.06473958 -0.06564827
v 0.04383622 -1.09154630 0.10696055
v 0.03693473 -1.11092222 -0.05093599
v 0.04409697 -1.10712290 -0.04440407
v 0.04192090 -1.10072458 -0.05047771
v 0.03492121 -1.06487405 -0.06434566
v 0.03753459 -1.06367755 -0.06232338
v 0.03926770 -1.06248581 -0.06010829
v 0.04021744 -1.06134486 -0.05811934
v 0.04065930 -1.06036818 -0.05683860
v 0.06553327 -1.01968956 0.00979185
v 0.06599017 -1.01967621 0.01177908
v 0.07372855 -1.02937233 0.03857264
v 0.07171936 -1.03609276 0.03767618
v 0.07042810 -1.03968334 0.03642309
v 0.07199808 -1.04874468 0.02289705
v 0.07541159 -1.05194473 0.02584687
v 0.07783329 -1.01081729 0.03118519
v 0.07462041 -1.00903702 0.02729398
v -0.09971491 -1.05464792 0.03064912
v 0.07772318 -1.01171267 0.03178022
v 0.08271124 -1.04807115 0.03659597
v 0.08315521 -1.04631042 0.03804400
v 0.08413608 -1.04601192 0.03772583
v 0.03589174 -0.99698365 0.08177061
v 0.04140809 -1.00851297 0.08801404
v 0.08363260 -1.04419434 0.03937112
v 0.06787074 -1.02444708 0.01459168
v 0.07509559 -1.02873278 0.03882257
v 0.07691369 -1.02803969 0.04062404
v 0.07789335 -1.02267563 0.04060985
v 0.07707156 -1.02328670 0.03978511
v 0.07705426 -1.01768589 0.03847209
v 0.07646458 -1.01857400 0.03799038
v 0.07926334 -1.01437616 0.03446142
v 0.08070117 -1.01812899 0.03683805
v 0.07670883 -1.05237412 0.02713357
v 0.07602832 -1.05150688 0.02572413
v 0.07753615 -1.05223298 0.02735829
v 0.06862137 -1.02316725 0.01597524
v 0.07014280 -1.04677033 0.02274062
v 0.06965365 -1.04458654 0.02141473
v 0.06933799 -1.04493701 0.02190812
v 0.06469875 -1.02812147 0.01971955
v 0.06468660 -1.02903295 0.01997788
v 0.06609031 -1.02657354 0.01950844
v 0.06866249 -1.02515268 0.01802698
v 0.06245264 -1.01740825 0.01822256
v 0.06189930 -1.01614916 0.02017947
v 0.06245827 -1.01519001 0.01944191
v 0.07947589 -1.05877888 0.03110128
v 0.06979286 -1.04363167 0.02107725
v 0.07116451 -1.04476547 0.02115264
v 0.07163883 -1.04599071 0.02144997
v 0.07843620 -1.05179405 0.02757980
v 0.07196352 -1.04693520 0.02176793
v 0.07108827 -1.04684305 0.02186189
v 0.07275184 -1.04853392 0.02271398
v 0.07050111 -1.04681456 0.02220032
v 0.06857151 -1.02120757 0.03279269
v 0.06712636 -1.02100003 0.03054102
v 0.06651330 -1.04128015 0.01079775
v 0.06741262 -1.03883946 0.01332264
v 0.07367837 -1.00850058 0.02498933
v 0.06983050 -1.04687107 0.03224447
v 0.07001013 -1.04983246 0.03368838
v 0.08217492 -1.02266765 0.03866456
v 0.07519815 -1.01726723 0.02838740
v 0.07295705 -1.01661921 0.02647861
v 0.07730720 -1.01836526 0.03026797
v 0.07894505 -1.02096844 0.03205670
v 0.06580719 -1.03722215 0.02620663
v 0.07738075 -1.04141092 0.03115460
v 0.07819942 -1.03907394 0.03238186
v 0.07564694 -1.04157031 0.02962638
v 0.07080723 -1.05364656 0.03174201
v 0.07065856 -1.05364573 0.02935096
v 0.07066094 -1.04831767 0.03023084
v 0.07037780 -1.05172420 0.02879118
v 0.06427158 -1.02089953 0.01853425
v 0.06402630 -1.01477146 0.02180284
v 0.06370029 -1.01673663 0.02279930
v 0.06514550 -1.01477635 0.02273480
v 0.06515834 -1.01573634 0.02424218
v 0.06552452 -1.01722097 0.02596583
v 0.06589559 -1.01917100 0.02740665
v 0.06585496 -1.02169824 0.02796564
v 0.06359380 -1.02504396 0.01930543
v 0.07090820 -1.05355477 0.01870631
v 0.06312785 -1.02320349 0.01909238
v 0.06504259 -1.02671003 0.01948697
v 0.06520897 -1.02491570 0.01907679
v 0.06491103 -1.02297032 0.01860329
v 0.07015821 -1.01389408 0.01992986
v 0.07079145 -1.01550663 0.02237411
v 0.06873628 -1.01455092 0.01911741
v 0.07155494 -1.01598501 0.02461334
v 0.06748367 -1.01477230 0.01868947
v 0.07029907 -1.04816461 0.03099496
v 0.07028275 -1.05156779 0.03085853
v 0.06571344 -1.02327013 0.00771228
v 0.05726684 -1.03262365 -0.04122914
v 0.05860284 -1.04234481 -0.03578467
v 0.01854289 -0.98109972 -0.06441505
v 0.01779410 -0.97793472 -0.06477754
v 0.04955139 -1.02100265 -0.05470387
v 0.04472703 -1.01856983 -0.06020619
v 0.01771161 -0.98645687 -0.07611364
v 0.01688655 -0.98556590 -0.07628818
v 0.01593285 -0.98615205 -0.07654595
v 0.01674529 -0.98662621 -0.07619025
v 0.01444025 -0.98669505 -0.07485479
v 0.01526369 -0.98674798 -0.07415152
v 0.01546588 -0.98677206 -0.07507256
v 0.01472856 -0.98668790 -0.07574823
v 0.02112113 -1.00325727 -0.07684739
v 0.02448613 -1.00739956 -0.07452931
v 0.02754141 -1.00267053 -0.07355089
v 0.02424631 -0.99911267 -0.07589316
v 0.01705734 -0.98569894 -0.06682453
v 0.01675295 -0.98736644 -0.06731653
v 0.01567892 -0.98718059 -0.07121827
v 0.01601175 -0.98645800 -0.07076578
v 0.01691978 -0.98307818 -0.06692070
v 0.01591018 -0.98514807 -0.07033683
v 0.01858073 -0.98509574 -0.06436580
v 0.01800433 -0.98765755 -0.06474270
v 0.02720162 -0.97991025 -0.07202160
v 0.02344690 -0.98209596 -0.07371625
v 0.02444838 -0.98553240 -0.07420179
v 0.02812868 -0.98478675 -0.07247961
v 0.01744275 -1.01536548 -0.07511955
v 0.02123805 -1.01137376 -0.07493006
v 0.01828791 -1.00720215 -0.07683800
v 0.01446524 -1.01164603 -0.07682447
v 0.01057769 -1.01664519 -0.07754575
v 0.01342389 -1.01950407 -0.07558289
v 0.00933762 -1.02504504 -0.08141432
v 0.00984845 -1.02138007 -0.08291581
v 0.00928413 -1.02059317 -0.08642057
v 0.00971524 -1.02284014 -0.08501883
v 0.00737111 -1.01648188 -0.08481413
v 0.00977351 -1.01906300 -0.08144829
v 0.00339924 -1.01522589 -0.08531955
v -0.02019336 -1.01757693 -0.08800153
v -0.01918600 -1.01943207 -0.08682646
v -0.01987150 -1.01992142 -0.08871411
v -0.02153463 -1.01846540 -0.08975048
v 0.00313290 -1.01605844 -0.08636969
v 0.00744211 -1.01566064 -0.08316049
v -0.01293615 -1.01861906 -0.09649315
v -0.01403818 -1.02074504 -0.09662510
v -0.01293575 -1.01992798 -0.09423079
v -0.01290922 -1.01791084 -0.09387673
v 0.00761570 -1.01459575 -0.08122626
v 0.00372430 -1.01431692 -0.08414055
v 0.00246088 -1.01714122 -0.08743695
v 0.00527784 -1.01708770 -0.08754157
v -0.01577463 -1.02122164 -0.09595530
v -0.01766915 -1.02083254 -0.09773877
v -0.01938343 -1.02072501 -0.09595783
v -0.01720427 -1.02107489 -0.09438741
v -0.01262417 -1.02222943 -0.08920835
v -0.01397332 -1.02026236 -0.09061696
v -0.01189221 -1.02242434 -0.09282725
v -0.02012362 -1.02224803 -0.08683564
v -0.01879466 -1.02122176 -0.08539474
v -0.01771892 -1.02503538 -0.08486477
v -0.01897344 -1.02582073 -0.08577271
v 0.00684705 -1.01905000 -0.08906916
v -0.00375539 -1.01757681 -0.09622192
v -0.00255331 -1.01896131 -0.09823738
v 0.00128104 -1.04942799 -0.08014329
v 0.00410544 -1.04570735 -0.07681140
v 0.00126058 -1.04679823 -0.08245443
v 0.00400505 -1.04347813 -0.07920237
v 0.00597783 -1.02119851 -0.09287256
v 0.00758743 -1.02319324 -0.09100549
v 0.00355022 -1.02240074 -0.09675126
v 0.00471753 -1.02522779 -0.09613059
v -0.00484069 -1.06427681 -0.07922038
v -0.00589752 -1.01405048 -0.09188034
v -0.00563259 -1.01322377 -0.09131785
v -0.00623668 -1.01510096 -0.09386343
v 0.01299587 -1.12786257 0.11128230
v 0.01339468 -1.14218926 0.10067397
v 0.01284580 -1.15849066 0.07724084
v 0.01028701 -1.16291904 0.06414426
v -0.00201378 -0.99595249 -0.09194469
v -0.00237856 -0.99873924 -0.09196715
v 0.00518889 -0.99135101 -0.07505296
v -0.00036791 -0.99159306 -0.07656829
v -0.00072752 -0.98974490 -0.08115378
v 0.00461744 -0.98962569 -0.07983832
v 0.00866495 -0.98938143 -0.07773973
v 0.00956930 -0.99091911 -0.07299317
v 0.00554502 -0.99261713 -0.07251076
v -0.00023707 -0.99291682 -0.07389322
v 0.00417394 -0.98865092 -0.08421728
v -0.00109610 -0.98892701 -0.08634099
v -0.00125049 -0.99073970 -0.08907290
v 0.00421303 -0.99022508 -0.08642656
v 0.01049829 -1.00987506 -0.07990997
v 0.00627893 -1.01069546 -0.08262347
v 0.00210360 -1.01097167 -0.08630580
v -0.00125128 -1.01084781 -0.08901115
v -0.00194818 -1.01299477 -0.08936773
v 0.00064591 -1.01365995 -0.08702402
v -0.00223181 -1.01395631 -0.08979209
v 0.00032962 -1.01458979 -0.08766320
v 0.00021220 -1.01552773 -0.08833399
v 0.00066863 -1.01706970 -0.08864038
v -0.00118092 -1.01683927 -0.08996394
v -0.00077050 -1.01806843 -0.08955564
v -0.00230447 -1.01492643 -0.09017363
v -0.00409289 -1.04124641 -0.09593490
v -0.00440580 -1.04501677 -0.09299983
v 0.00239120 -1.00038826 -0.08998190
v -0.00265376 -1.00101233 -0.09128224
v -0.00349174 -1.00526595 -0.09050576
v 0.00103684 -1.00518107 -0.08914071
v 0.00572858 -1.00429034 -0.08667913
v 0.00755600 -0.99851859 -0.08736467
v -0.00527959 -1.01232767 -0.09088607
v 0.00276158 -0.99797851 -0.09021312
v 0.00308283 -0.99529254 -0.08990529
v 0.00802115 -0.99596691 -0.08740602
v 0.00820839 -0.99356723 -0.08685891
v 0.01234576 -0.99577332 -0.08407302
v 0.01117758 -1.00216031 -0.08368039
v 0.01699552 -0.99981296 -0.08018619
v 0.01629469 -0.99277347 -0.08072579
v 0.02430306 -0.98895591 -0.07523876
v 0.01920008 -0.98622513 -0.07583924
v 0.01932788 -0.98772281 -0.07641387
v 0.01900723 -0.98910677 -0.07739259
v 0.02337061 -0.99231482 -0.07652336
v 0.02780459 -0.98972440 -0.07361108
v 0.02652280 -0.99457645 -0.07485527
v 0.02122548 -0.99584198 -0.07802962
v 0.01822180 -0.99071169 -0.07865846
v 0.01787115 -0.98739851 -0.07664530
v 0.01683597 -0.98709017 -0.07649589
v 0.01764168 -0.98827386 -0.07750826
v 0.01660682 -0.98760688 -0.07721952
v 0.01705246 -0.98914015 -0.07862341
v 0.01613943 -0.98811698 -0.07813422
v 0.01514895 -0.98894042 -0.07954781
v 0.01579115 -0.99053001 -0.08029281
v 0.01459268 -0.98726487 -0.07510282
v 0.01360944 -0.98743236 -0.07619858
v 0.01375591 -0.98745167 -0.07750005
v 0.01468860 -0.98721564 -0.07630566
v 0.01522228 -0.98705345 -0.07439239
v 0.01520932 -0.98705757 -0.07562053
v 0.01515057 -0.98783040 -0.07203148
v 0.01415731 -0.98816252 -0.07286496
v -0.05783438 -0.94388467 -0.00598322
v -0.06568250 -0.94707859 0.00934891
v 0.01574741 -0.98682362 -0.07366984
v 0.01579914 -0.98686677 -0.07470910
v 0.01585707 -0.98687232 -0.07608697
v 0.01575761 -0.98720109 -0.07653889
v 0.01528192 -0.98750329 -0.07731862
v 0.01438737 -0.98791337 -0.07849514
v 0.00818845 -0.99144536 -0.08563489
v 0.01187675 -0.99138916 -0.08342972
v 0.01157038 -0.98959756 -0.08205418
v 0.00805898 -0.98923498 -0.08364822
v 0.01115538 -0.98830259 -0.08050960
v 0.01012351 -0.99203098 -0.07060374
v 0.00778272 -0.98822498 -0.08182651
v 0.01322663 -0.98987210 -0.07050483
v 0.01417501 -0.99093753 -0.06805250
v 0.01220650 -0.98872185 -0.07476951
v 0.01618298 -0.98854470 -0.06827906
v 0.01514672 -0.98883188 -0.06885558
v 0.01708615 -0.98948526 -0.06583376
v 0.01584317 -0.99009293 -0.06680024
v 0.01102309 -0.98768276 -0.07870035
v 0.01223633 -0.99336112 -0.08401231
v 0.00355205 -0.99277210 -0.08850586
v -0.00169614 -0.99340510 -0.09075007
v -0.04321166 -1.03947949 -0.06593367
v -0.04241727 -1.03671455 -0.06717508
v -0.03825040 -1.03804135 -0.06793702
v -0.03921659 -1.04046082 -0.06685492
v -0.00332953 -1.03345859 -0.10266122
v -0.00361615 -1.03767240 -0.09906597
v 0.01519920 -0.98651809 -0.07650295
v 0.00484767 -0.90203089 -0.02657375
v -0.08541897 -1.02326858 0.01650144
v -0.08491084 -1.02413690 0.01532647
v -0.09414768 -1.04527855 0.04027297
v 0.01835181 -0.98484802 -0.07582814
v 0.01635148 -0.98065114 -0.06698196
v 0.01512339 -0.98407769 -0.07069710
v 0.02424979 -0.97509098 -0.07269695
v 0.01974585 -0.97070956 -0.07523458
v 0.01744584 -0.97493672 -0.07690845
v 0.02110781 -0.97848308 -0.07448405
v 0.01438744 -0.98120141 -0.07925439
v 0.01691257 -0.98320436 -0.07700454
v -0.09867228 -1.04835129 0.03508662
v 0.01558780 -0.98451376 -0.07771286
v 0.01321397 -0.98333585 -0.07993825
v 0.01225351 -0.98498112 -0.08032563
v 0.01456634 -0.98558068 -0.07785261
v 0.01021148 -0.98679614 -0.07881726
v 0.00582434 -0.98715115 -0.08157669
v 0.00533776 -0.98356104 -0.07677609
v 0.01002816 -0.98332173 -0.07438146
v 0.01397468 -0.98363560 -0.07187983
v 0.01345556 -0.98669827 -0.07578236
v -0.09377851 -1.05250871 0.03451826
v -0.09260543 -1.05468655 0.02971731
v -0.09109835 -1.05331850 0.02865672
v -0.09211253 -1.05082273 0.03275996
v 0.01084605 -0.98682153 -0.07967253
v 0.01368086 -0.98666334 -0.07677338
v 0.00631860 -0.98721504 -0.08279566
v 0.01608919 -0.90564734 -0.02164757
v 0.01401465 -0.98634398 -0.07755004
v 0.01135946 -0.98635006 -0.08003116
v 0.00710819 -0.98637235 -0.08351931
v 0.00818166 -0.98443651 -0.08402255
v 0.00915599 -0.98209453 -0.08407494
v 0.00998643 -0.97920752 -0.08316080
v 0.01203528 -0.97177130 -0.08027534
v 0.01350109 -0.96651590 -0.07913955
v 0.00582959 -0.96992826 -0.08308245
v 0.00693022 -0.96445912 -0.08296493
v 0.00475014 -0.97779584 -0.08655564
v 0.00433306 -0.98134631 -0.08799887
v 0.00353947 -0.98410815 -0.08763358
v 0.00278012 -0.98632503 -0.08669312
v -0.00469718 -1.01052928 -0.09044844
v -0.00246667 -1.01671517 -0.09135818
v -0.00361366 -1.01684177 -0.09371404
v -0.00039977 -1.02046335 -0.09908187
v -0.00631965 -1.01591837 -0.09617352
v 0.00210625 -1.02223790 -0.09858444
v 0.00046159 -1.02163589 -0.10009342
v 0.00117069 -1.02347064 -0.10098334
v 0.00236761 -1.02417493 -0.09961136
v -0.00102790 -1.02096391 -0.10140455
v 0.00025770 -1.02325463 -0.10211177
v -0.00518741 -1.01977968 -0.10320213
v -0.00436192 -1.02351880 -0.10532233
v -0.00346141 -1.02956057 -0.10493045
v -0.00398617 -1.02590156 -0.10575262
v 0.00154998 -1.02530241 -0.10150191
v 0.00294496 -1.02727270 -0.09958634
v -0.10181406 -1.04849541 0.03544942
v 0.00320017 -1.03039324 -0.09707889
v 0.00539756 -1.02799475 -0.09332173
v 0.00079515 -1.16744280 0.01852991
v 0.00199428 -0.98741519 -0.08568509
v 0.00105281 -0.98738021 -0.08377165
v -0.08414837 -1.01013815 0.01681642
v -0.09326454 -1.03716695 0.03049998
v 0.00537689 -0.97357118 -0.06997827
v 0.00531085 -0.97785115 -0.07243639
v 0.00054011 -0.97762531 -0.07390009
v -0.09180617 -1.05519259 0.02706292
v -0.09533182 -1.05669212 0.02779605
v 0.00058126 -0.97351784 -0.07157654
v -0.00291202 -0.98735738 -0.08459969
v -0.09958673 -1.02509212 0.03951823
v -0.10228752 -1.04688692 0.03749630
v -0.10052832 -1.04549456 0.03625876
v -0.09303021 -1.04736781 0.02131719
v -0.08661409 -1.01943684 0.03392668
v -0.09330857 -1.01931739 0.03180068
v -0.09175330 -1.01674533 0.03025448
v -0.08600705 -1.01758552 0.03292119
v -0.08204478 -1.03297913 0.02746444
v -0.00309814 -0.98366880 -0.07931559
v 0.00065684 -0.98375452 -0.07853287
v -0.00262831 -0.98749149 -0.08692412
v -0.00208096 -0.98626703 -0.08827807
v -0.00146917 -0.98396182 -0.08952454
v -0.00320545 -0.97746366 -0.07459377
v -0.00304822 -0.97322023 -0.07224971
v -0.08110110 -1.01501560 0.00783965
v 0.01474140 -0.97911942 -0.06802216
v -0.08974687 -1.00398517 0.02350315
v -0.09067689 -1.00499928 0.02599195
v -0.03958954 -0.99423528 0.09250274
v -0.04391992 -1.00432229 0.09875354
v -0.10156185 -1.02475488 0.04291149
v 0.01535396 -0.97549295 -0.06592399
v 0.01022339 -0.97795999 -0.07048917
v 0.01062160 -0.97418678 -0.06825195
v 0.00037609 -0.96409684 -0.08584596
v -0.00047084 -0.96943223 -0.08518781
v -0.00106232 -0.98067963 -0.08981185
v -0.00090099 -0.97686332 -0.08810222
v 0.01337463 -1.15167344 0.08959742
v 0.05509820 -1.11276126 -0.02053242
v 0.05365904 -1.10579371 -0.02892576
v -0.09408535 -1.05021536 0.02899915
v 0.04668263 -1.11377966 -0.03571315
v 0.04829156 -1.11933196 -0.02815885
v 0.05534222 -1.12031150 -0.01201166
v 0.04867319 -1.12586904 -0.02014938
v 0.03045083 -1.15781736 0.03857433
v 0.03093656 -1.15721428 0.02407164
v 0.01216576 -1.16482294 0.01994751
v 0.02573068 -1.15911615 0.05316950
v 0.03812913 -1.15013599 0.06245928
v 0.03992954 -1.15164328 0.04238533
v 0.03968482 -1.15143526 0.02683387
v -0.08609486 -1.00966990 0.01823279
v -0.08573404 -1.00393844 0.01725228
v -0.08408628 -1.00443172 0.01521380
v -0.08821540 -1.04063976 0.02706960
v 0.02171943 -0.94550145 0.08384205
v 0.04559484 -1.07336700 0.10641301
v 0.03840831 -1.15075254 0.01284145
v 0.03036683 -1.15574563 0.00999062
v 0.03007707 -1.15306282 -0.00273564
v 0.03721688 -1.14880073 0.00093910
v 0.01213859 -1.16302741 0.00493838
v 0.00081749 -1.16551590 0.00281637
v 0.01154115 -1.03382909 0.11895759
v -0.00457665 -1.04851794 -0.09016547
v 0.04212870 -0.98340702 0.06425671
v 0.05331193 -0.98188698 0.04606571
v 0.05393310 -0.93000358 0.02218137
v 0.06439120 -1.00534034 0.02579555
v 0.06403539 -1.00597429 0.02669153
v 0.05589666 -0.96686757 0.02631132
v 0.05703076 -0.98059183 0.02742893
v 0.03191049 -0.98390055 0.07648133
v 0.07341673 -1.01697648 0.03692956
v 0.07397811 -1.02083135 0.03819204
v 0.07470883 -1.01608014 0.03654892
v 0.07544177 -1.02012980 0.03806355
v 0.07543642 -1.02443266 0.03879515
v 0.07537078 -1.01434267 0.03563864
v 0.07099852 -1.05365443 0.02662876
v 0.07236186 -1.05528128 0.02584580
v -0.08791973 -1.01303148 0.03556134
v -0.08795258 -1.01535988 0.03671402
v 0.06408040 -1.00370049 0.02126444
v 0.06389072 -1.00434589 0.02300123
v -0.07229224 -1.02577937 0.02310900
v 0.06339653 -1.00396824 0.02205319
v 0.06322047 -1.00348091 0.02070965
v 0.06382833 -1.00279546 0.01967727
v 0.06312511 -1.00289655 0.01955693
v 0.07242042 -1.07046676 0.01962824
v 0.06165623 -1.00317919 0.02331387
v 0.06332672 -1.00546563 0.02604782
v 0.06343196 -1.00479460 0.02442457
v 0.06274343 -1.00397730 0.02290718
v 0.06246141 -1.00295281 0.02085330
v 0.06249528 -1.00208163 0.01902622
v 0.06340008 -1.00157785 0.01849859
v -0.09005517 -1.00717700 0.03261536
v -0.08619788 -1.00205135 0.02686262
v -0.06967186 -0.95103586 0.02412351
v -0.06733520 -0.95433414 0.04021691
v -0.06731546 -0.94299197 0.03785808
v -0.06863696 -0.93855345 0.02269989
v -0.08265651 -1.02934957 0.00914142
v -0.08301470 -1.02198315 0.01189064
v -0.08238330 -1.02082539 0.00983930
v 0.07571353 -1.01327538 0.03594281
v 0.06846003 -1.00265062 0.02416329
v -0.03234426 -0.92411250 -0.02870496
v -0.02924692 -0.91182631 -0.02459662
v 0.07186749 -1.04558051 0.03304186
v 0.07197472 -1.04377580 0.03451337
v 0.07435695 -1.04542291 0.03613095
v 0.07410348 -1.04771006 0.03467976
v 0.05354716 -1.01962519 0.07893007
v 0.05464662 -1.03075337 0.08374144
v 0.00733135 -0.94974059 0.08896215
v 0.00669200 -0.96251070 0.08923574
v 0.06779575 -1.06543112 0.06809415
v 0.07169692 -1.04733086 0.03149318
v 0.07400637 -1.04956901 0.03311355
v 0.07415265 -1.02510357 0.03876913
v 0.07071531 -1.04669237 0.03147894
v 0.07091060 -1.04495728 0.03300323
v 0.07517212 -1.05127954 0.03474283
v 0.07537531 -1.04904497 0.03648677
v 0.07550830 -1.04649377 0.03805896
v 0.07101303 -1.04301977 0.03446918
v -0.08136023 -1.01569164 0.00355742
v -0.08138610 -1.01536560 -0.00746420
v -0.08266710 -1.03139567 -0.00717217
v -0.08234221 -1.02570343 0.00312677
v 0.07075343 -1.05207419 0.03366996
v 0.07175883 -1.09751427 0.04425331
v 0.07024315 -1.09087503 0.05827617
v 0.06715771 -1.11443734 0.04800377
v 0.06597824 -1.10887086 0.06319144
v 0.06166831 -1.10218751 0.07930301
v 0.06589880 -1.08271968 0.07446110
v 0.07068127 -1.05351591 0.02791714
v 0.07331904 -1.05619431 0.02643759
v 0.05512718 -1.12630713 -0.00386435
v 0.06042454 -1.12094259 0.00331120
v 0.04834295 -1.13139653 -0.01269897
v 0.04763331 -1.13629007 -0.00565019
v 0.05378216 -1.13199341 0.00343164
v 0.06127036 -1.12473869 0.01541418
v 0.07328080 -1.08880806 0.02908040
v 0.07082783 -1.10349846 0.03009162
v 0.06825715 -1.10817802 0.01647666
v -0.06977925 -1.06488812 -0.04350217
v -0.07176805 -1.06540871 -0.03893716
v -0.07208324 -1.05556858 -0.03898410
v -0.06976136 -1.05702686 -0.04279062
v 0.06555172 -1.11985040 0.03256159
v 0.05648445 -1.13381243 0.02220806
v 0.06022032 -1.12991464 0.03667077
v 0.04939795 -1.14256096 0.02624077
v 0.05172035 -1.14061379 0.04093627
v 0.05175101 -1.13836551 0.05715912
v 0.06163670 -1.12594533 0.05172384
v 0.05151256 -1.13729310 0.00991441
v 0.04566457 -1.14079237 0.00006286
v 0.04641743 -1.14386535 0.01349110
v 0.04322660 -1.14471424 0.00473616
v 0.06610987 -1.11027277 0.00928329
v 0.05924983 -0.99651003 0.01803862
v 0.06105017 -0.99649131 0.01257086
v -0.02994148 -1.12518013 -0.05957213
v -0.01943569 -1.12594712 -0.06197570
v -0.01979188 -1.13405824 -0.05572014
v -0.03052301 -1.13298988 -0.05312636
v 0.06411722 -1.00852859 0.00505869
v -0.04589463 -1.01286113 0.10242341
v -0.04733420 -1.02373505 0.10631959
v -0.02722814 -1.02045894 0.11376688
v -0.02604419 -1.01044607 0.10930702
v 0.06150114 -1.03512383 -0.02915494
v 0.06165098 -1.04795337 -0.02669956
v 0.06507734 -1.03957844 -0.01635903
v 0.06397016 -1.02439141 -0.01827233
v -0.03118456 -1.15141356 -0.03060406
v -0.02030532 -1.15340960 -0.03360526
v -0.02045365 -1.15838432 -0.02313438
v -0.03147341 -1.15604687 -0.02048842
v -0.06208270 -1.03618109 -0.05646987
v -0.06413247 -1.02957332 -0.05651760
v -0.06008449 -1.02928495 -0.06028099
v -0.05852081 -1.03584075 -0.05946191
v 0.06041583 -1.06187797 -0.02477652
v 0.06420097 -1.05406654 -0.01461755
v 0.06377751 -1.06851304 -0.01209523
v 0.05987654 -1.07665181 -0.02361936
v 0.05358791 -1.09598219 0.09487930
v 0.05643848 -1.07851458 0.09297667
v -0.08562462 -0.99944693 0.01435642
v -0.08447894 -1.00026119 0.01302837
v 0.05724518 -1.06538141 0.09089708
v 0.04032234 -1.09468615 -0.05485225
v -0.02065702 -1.16237378 -0.01086062
v -0.03185419 -1.15975451 -0.00860111
v 0.01281662 -1.11684477 0.11657298
v 0.03918562 -1.11851227 -0.04314044
v 0.04505815 -1.11827886 0.09585422
v -0.00747364 -0.96313280 0.09063467
v 0.03238824 -1.12449729 0.10358012
v 0.06065707 -1.12074900 0.06672794
v 0.05734583 -1.11493075 0.08019115
v 0.05002999 -1.10783184 0.09542975
v 0.05632288 -1.04894710 0.08865836
v 0.03817502 -1.14526844 -0.00695458
v 0.04857582 -1.06008804 -0.04878035
v 0.04771876 -1.05549681 -0.04782339
v 0.04886432 -1.06497395 -0.05049506
v 0.04603870 -1.05068672 -0.04933934
v 0.00757139 -1.04239428 -0.07422990
v 0.00708880 -1.04041207 -0.07639270
v 0.00682660 -1.03774035 -0.07832526
v 0.01039503 -1.03761864 -0.07397500
v 0.00985567 -1.03444529 -0.07580794
v 0.00359621 -1.03824341 -0.08416358
v 0.00389073 -1.04085350 -0.08147925
v 0.00629938 -1.03519285 -0.08051881
v 0.00606694 -1.03186369 -0.08250846
v 0.00373937 -1.03490233 -0.08650075
v 0.01015987 -1.01859975 -0.07889113
v 0.01106553 -1.02348471 -0.07669586
v 0.00872513 -1.02808225 -0.07901159
v 0.01362315 -1.03134656 -0.07418546
v 0.01255599 -1.02774405 -0.07555543
v 0.00923860 -1.03156209 -0.07746208
v 0.01466270 -1.03495753 -0.07229744
v 0.00731892 -1.02826691 -0.08514644
v 0.00828343 -1.02517152 -0.08848345
v 0.00462282 -1.03139400 -0.08992444
v 0.00269757 -1.03362250 -0.09346612
v 0.00189410 -1.03735685 -0.09019957
v 0.01110735 -1.03982842 -0.07201967
v 0.01583061 -1.03751743 -0.07058978
v 0.01607984 -1.02391601 -0.07476129
v 0.02060599 -1.02031076 -0.07436432
v 0.01821093 -1.02859342 -0.07321861
v 0.02252196 -1.02560234 -0.07281484
v 0.01931109 -1.03251445 -0.07139984
v 0.02385110 -1.02975547 -0.07083231
v 0.02475498 -1.01642406 -0.07399391
v 0.02824989 -1.01212490 -0.07303189
v 0.03151331 -1.00682390 -0.07149422
v 0.03115389 -1.01748514 -0.07119228
v 0.03488441 -1.01174486 -0.06935970
v 0.03308220 -1.02282000 -0.06900036
v 0.03747462 -1.01755095 -0.06698659
v -0.02109317 -1.04771399 -0.07403113
v -0.02156488 -1.04953313 -0.07110366
v -0.02523166 -1.04614854 -0.06969354
v -0.02475869 -1.04416645 -0.07208718
v -0.01664626 -1.09794176 -0.07416095
v -0.01766211 -1.10575175 -0.07120043
v -0.02676186 -1.10555971 -0.06949756
v -0.02522162 -1.09788394 -0.07306336
v 0.02719643 -1.02188969 -0.07225521
v 0.02879696 -1.02648771 -0.07006161
v 0.02498462 -1.03372848 -0.06881897
v 0.02051427 -1.03584790 -0.06955566
v 0.03413609 -1.03452182 -0.06494325
v 0.03401975 -1.02872229 -0.06689121
v 0.02958084 -1.03135931 -0.06792873
v 0.03002763 -1.03609848 -0.06603897
v 0.03902234 -1.02467048 -0.06467888
v 0.03867791 -1.03262532 -0.06315823
v 0.03780158 -1.03788805 -0.06170758
v 0.02384254 -1.04474092 -0.06556180
v 0.01891869 -1.04543591 -0.06630690
v 0.02745188 -1.04441977 -0.06448248
v 0.03377999 -1.03877497 -0.06351684
v 0.03029354 -1.03959310 -0.06485045
v 0.04179461 -1.04569316 -0.05525507
v 0.03947819 -1.04485464 -0.05757694
v 0.03373862 -1.04426801 -0.06178094
v 0.03084671 -1.04428244 -0.06327303
v 0.03677057 -1.04450703 -0.05984103
v 0.01438042 -1.04717052 -0.06637992
v 0.00976978 -1.04921639 -0.06649411
v 0.05269340 -0.96894687 0.04300448
v 0.00142483 -1.04098654 -0.08783950
v 0.00129926 -1.04392064 -0.08513404
v 0.00621485 -1.06666887 -0.06981269
v 0.00421039 -1.06376541 -0.06870465
v -0.00172220 -1.06412268 -0.07632990
v 0.01045070 -1.07055640 -0.07255407
v 0.00647727 -1.05171323 -0.06665406
v -0.02961169 -1.04339576 -0.06827527
v -0.02867232 -1.04146421 -0.06998229
v 0.00449765 -1.05427086 -0.06676333
v 0.00332707 -1.05726123 -0.06715192
v 0.00307996 -1.06057239 -0.06773134
v -0.01994060 -1.14130604 -0.04932124
v -0.03087844 -1.13993084 -0.04641112
v -0.03097553 -1.16470551 0.04326250
v -0.03150123 -1.16476762 0.03446410
v -0.02011599 -1.16774023 0.03488990
v -0.02110512 -1.16692734 0.04777053
v 0.02184331 -1.08523631 -0.07349186
v 0.01847296 -1.07855535 -0.07569793
v 0.05053721 -1.09929693 -0.03827631
v 0.05426322 -1.09038448 -0.03474120
v 0.04302959 -1.07974005 -0.05820810
v 0.04626699 -1.07525396 -0.05533211
v 0.04823838 -1.07012451 -0.05267387
v 0.05616601 -1.07835257 -0.03240005
v 0.05727307 -1.06555331 -0.03221148
v 0.05823523 -1.05355167 -0.03331158
v -0.07982759 -1.02935171 0.06629350
v -0.08292199 -1.02886820 0.05037984
v -0.08550315 -1.04098606 0.05184019
v -0.08313065 -1.04638302 0.06871490
v 0.04048795 -1.13079488 -0.02879069
v -0.04412153 -0.93149638 -0.01905832
v -0.04142191 -0.91884059 -0.01549919
v -0.00734851 -0.95319051 0.09061894
v 0.04013470 -1.13633084 -0.02166322
v 0.04014841 -1.12473941 -0.03594460
v 0.03021723 -1.14959788 -0.01263329
v 0.03062121 -1.14549780 -0.02143680
v 0.03937881 -1.14115858 -0.01442585
v 0.03136626 -1.14053547 -0.02907138
v 0.03181307 -1.13485837 -0.03601046
v 0.03152537 -1.12871766 -0.04318374
v 0.03069662 -1.12206566 -0.05011554
v 0.02885276 -1.11343241 -0.05724020
v 0.04198097 -0.97023875 0.06144440
v -0.00047695 -1.02911794 -0.08645232
v -0.00118347 -1.02925181 -0.08717670
v -0.06318162 -1.08785844 -0.05055459
v -0.06536917 -1.09321439 -0.04578676
v -0.06858767 -1.08564329 -0.04228137
v -0.06627500 -1.08126533 -0.04740995
v -0.00155748 -1.02874362 -0.08588658
v -0.00226747 -1.02884746 -0.08658680
v -0.00249420 -1.02747023 -0.08615515
v -0.00115266 -1.02004647 -0.08863840
v -0.00266470 -1.02197599 -0.08736335
v -0.00310225 -1.02545929 -0.08630733
v 0.06334405 -1.00158358 0.00705464
v -0.01494208 -1.08527088 -0.07859203
v -0.02249150 -1.08519137 -0.07812764
v -0.02046469 -1.07884753 -0.07886146
v -0.01410513 -1.07879353 -0.07937682
v -0.06923478 -1.04952931 -0.04332069
v -0.07200100 -1.04625654 -0.04057466
v -0.07083117 -1.03810048 -0.04541956
v -0.06782889 -1.04246318 -0.04714325
v -0.06475914 -1.03743517 -0.05325796
v -0.06712692 -1.03122449 -0.05286844
v -0.02851471 -1.11513877 -0.06554709
v -0.01858917 -1.11568999 -0.06761743
v -0.07057959 -1.07601118 -0.03972549
v -0.06853618 -1.07328176 -0.04504598
v -0.01826651 -1.05106688 -0.07678965
v -0.01899126 -1.05239320 -0.07300541
v -0.01626440 -1.05719256 -0.07564065
v -0.01269569 -1.05716395 -0.08188485
v -0.01241442 -1.06108856 -0.08023259
v -0.01562351 -1.06082714 -0.07638600
v -0.04357250 -1.09700680 -0.06601019
v -0.04540048 -1.10412621 -0.06199088
v -0.05326485 -1.10243309 -0.05649719
v -0.05141996 -1.09571719 -0.06071613
v -0.03109513 -1.14599395 -0.03913889
v -0.02015207 -1.14770889 -0.04222324
v -0.01290047 -1.07050264 -0.07896005
v -0.01722931 -1.07045794 -0.07734351
v -0.01616474 -1.06687117 -0.07634041
v -0.01273633 -1.06712246 -0.07875711
v -0.03345235 -1.03948796 -0.06886268
v -0.03436743 -1.04164386 -0.06767550
v -0.07749001 -0.99902916 0.01779798
v -0.07857843 -0.99843258 0.01723871
v -0.08371215 -1.04749846 0.00628510
v -0.08268519 -1.03657103 0.00422302
v -0.08301064 -1.04502106 -0.00596651
v -0.08284486 -1.05823183 -0.00334223
v -0.08549093 -1.06993318 0.00047491
v -0.08793402 -1.07928073 0.00638448
v -0.08782768 -1.06305301 0.01346728
v -0.08579133 -1.05657315 0.00881894
v -0.06219621 -0.94633716 0.05142407
v -0.06026095 -0.95640069 0.05526608
v -0.01264020 -1.05422580 -0.08494182
v -0.01249431 -1.05136371 -0.08762208
v -0.02983644 -1.06333470 0.12527925
v -0.02905590 -1.04931343 0.12315913
v -0.05004129 -1.05372202 0.11494941
v -0.05048659 -1.06719732 0.11654255
v -0.07682795 -1.01876998 0.06245127
v -0.08058441 -1.01996982 0.04767561
v -0.01875360 -1.02366734 -0.09016475
v -0.01555996 -1.02827990 -0.08540875
v -0.01569933 -1.02476382 -0.08484754
v -0.01536566 -1.02744520 -0.08521472
v -0.01872561 -1.02066529 -0.09210189
v -0.02103805 -1.02002835 -0.09341903
v -0.01648094 -1.02095866 -0.08505376
v -0.01557956 -1.02117240 -0.08564821
v -0.01491498 -1.02507567 -0.08516165
v -0.01669471 -1.02866793 -0.08606596
v -0.01001159 -1.01684785 -0.09883840
v -0.01058737 -1.01838326 -0.10179675
v -0.01452110 -1.01968908 -0.10063580
v -0.01302741 -1.01820922 -0.09854400
v -0.01339716 -1.02764356 -0.08674257
v -0.01242523 -1.02541125 -0.08758145
v -0.01325458 -1.02331376 -0.09489577
v -0.01514524 -1.02702355 -0.09084145
v -0.01546312 -1.02901435 -0.08808361
v -0.01509325 -1.02392137 -0.09405814
v -0.01415327 -1.01788545 -0.09127121
v -0.01687570 -1.02400565 -0.09242396
v -0.08895084 -1.01298618 0.02465158
v -0.06839883 -0.96434724 0.00238137
v -0.07286961 -0.97928619 0.01052515
v -0.07178251 -0.97887790 0.01731132
v -0.06907295 -0.96339971 0.01305643
v -0.09067308 -1.03987360 0.02847967
v -0.07735642 -1.09160006 -0.02352343
v -0.07940340 -1.10357344 -0.01329207
v -0.08546384 -1.09152710 -0.00219847
v -0.08373443 -1.08028126 -0.00810850
v -0.07941645 -1.11309028 -0.00484596
v -0.08573671 -1.10237074 0.00548837
v -0.08954415 -1.08982086 0.01490461
v -0.09099841 -1.06846726 0.02881414
v -0.05160514 -1.05271447 -0.06095940
v -0.05185391 -1.05248427 -0.06112191
v -0.05031138 -1.05220294 -0.06241872
v -0.05031824 -1.05238104 -0.06223864
v -0.05112009 -1.05281496 -0.06035886
v -0.04976261 -1.05234826 -0.06143130
v -0.05200180 -1.05321729 -0.05937921
v -0.05255764 -1.05300581 -0.05987605
v -0.05283576 -1.05273283 -0.06000967
v -0.03414498 -1.05369151 -0.06428277
v -0.03485832 -1.05400872 -0.06357077
v -0.03750734 -1.05306828 -0.06387000
v -0.03679619 -1.05303788 -0.06498034
v -0.03389244 -1.05340612 -0.06474023
v -0.03674579 -1.05270195 -0.06540881
v -0.03802433 -1.05570412 -0.05799479
v -0.03749640 -1.05600548 -0.05788625
v -0.03885736 -1.05532587 -0.05816258
v -0.03233028 -1.05574775 -0.06192624
v -0.03239083 -1.05675507 -0.06208619
v -0.03717376 -1.05676782 -0.05801269
v -0.03717047 -1.05626273 -0.05785069
v -0.03269710 -1.05525088 -0.06211950
v -0.03109146 -1.05503511 -0.06223581
v -0.03011686 -1.05539000 -0.06184446
v -0.03018371 -1.05678117 -0.06209565
v -0.04193821 -1.05156422 -0.06549823
v -0.04212114 -1.05073237 -0.06556833
v -0.03739648 -1.05117095 -0.06581536
v -0.03702753 -1.05208671 -0.06569460
v -0.04173875 -1.05206180 -0.06530532
v -0.04519625 -1.05209351 -0.06439565
v -0.04526465 -1.05155790 -0.06456973
v -0.04539148 -1.05074668 -0.06456781
v -0.03408505 -1.05216241 -0.06555957
v -0.03400742 -1.05304039 -0.06519841
v -0.04542196 -1.05000353 -0.06453499
v -0.04233335 -1.04997921 -0.06547049
v -0.03756821 -1.05042088 -0.06578390
v -0.03404201 -1.05166817 -0.06566255
v -0.03122793 -1.05291152 -0.06496188
v -0.03240545 -1.05318117 -0.06499216
v -0.04239022 -1.04910922 -0.06526223
v -0.04221778 -1.04813242 -0.06512912
v -0.03736858 -1.04852045 -0.06569034
v -0.03755392 -1.04950833 -0.06570321
v -0.04548441 -1.04917502 -0.06423040
v -0.04537978 -1.04820156 -0.06406827
v -0.05397872 -1.05274343 -0.05830196
v -0.05445606 -1.05318964 -0.05734982
v -0.05445960 -1.05262816 -0.05748223
v -0.05417346 -1.05220771 -0.05800672
v -0.05690778 -1.04968572 -0.05475772
v -0.05778847 -1.05094635 -0.05363601
v -0.05948596 -1.05006695 -0.05226348
v -0.05838493 -1.04862535 -0.05363723
v -0.06661483 -1.03936970 -0.05009157
v -0.06064003 -1.04560494 -0.05306656
v -0.06201423 -1.04706955 -0.05102190
v -0.05350398 -1.05253005 -0.05912941
v -0.05286199 -1.05226529 -0.06006690
v -0.05339969 -1.05292392 -0.05907290
v -0.05383756 -1.05321479 -0.05811400
v -0.05368499 -1.05182052 -0.05883993
v -0.05298640 -1.05153883 -0.05992006
v -0.05192916 -1.05207849 -0.06117356
v -0.05201004 -1.05124497 -0.06114375
v -0.05037770 -1.05093253 -0.06247871
v -0.05028043 -1.05176377 -0.06250128
v -0.04814215 -1.05162156 -0.06356603
v -0.04846060 -1.05214274 -0.06334642
v -0.04826419 -1.05077839 -0.06352936
v -0.05051441 -1.05024326 -0.06224910
v -0.04838544 -1.05005741 -0.06341404
v -0.05207537 -1.05053079 -0.06079438
v -0.05311130 -1.05092275 -0.05954139
v -0.05386066 -1.05130982 -0.05838483
v -0.05448403 -1.05172420 -0.05752528
v -0.05488903 -1.05236411 -0.05688786
v -0.05420024 -1.05070066 -0.05779057
v -0.05484064 -1.04988170 -0.05695293
v -0.05362426 -1.04936385 -0.05838989
v -0.05331411 -1.05027080 -0.05907518
v -0.05501086 -1.05123389 -0.05679741
v -0.05582306 -1.05052602 -0.05579546
v -0.05223009 -1.04991281 -0.06035413
v -0.05230236 -1.04907167 -0.05990779
v -0.05055137 -1.04870796 -0.06147652
v -0.05057268 -1.04952288 -0.06190100
v -0.04842953 -1.04932261 -0.06309083
v -0.04851666 -1.04837596 -0.06272431
v -0.04168459 -1.05218852 -0.06502859
v -0.04139570 -1.05229354 -0.06385718
v -0.04491098 -1.05202198 -0.06324786
v -0.04526084 -1.05222297 -0.06409229
v -0.04849773 -1.05225015 -0.06316026
v -0.04789091 -1.05202091 -0.06238827
v -0.04480203 -1.05196989 -0.06210437
v -0.04310454 -1.05429745 -0.05799415
v -0.04445340 -1.05427206 -0.05763289
v -0.04747161 -1.05198932 -0.06135268
v -0.04164128 -1.05234325 -0.06263103
v -0.04155928 -1.05450606 -0.05823568
v -0.03833310 -1.05323231 -0.06267984
v -0.04005533 -1.05487931 -0.05828774
v -0.03565974 -1.05406237 -0.06281745
v -0.04317689 -1.06437933 -0.06512128
v -0.04325170 -1.06456792 -0.06543571
v -0.04784423 -1.06386828 -0.06488854
v -0.04739192 -1.06362295 -0.06441040
v -0.06081625 -1.02748132 0.09621218
v -0.06203398 -1.04266405 0.10152729
v -0.04897855 -1.03762925 0.11098342
v -0.05042413 -1.06119227 -0.06340151
v -0.05036230 -1.06211329 -0.06300893
v -0.05278192 -1.06076813 -0.06161601
v -0.05261951 -1.05992103 -0.06169149
v -0.05042286 -1.06018949 -0.06374587
v -0.05236474 -1.05889559 -0.06180878
v -0.04770685 -1.06145525 -0.06551325
v -0.04767690 -1.06257343 -0.06504257
v -0.04748452 -1.06335664 -0.06448803
v -0.05160053 -1.05751801 -0.05746463
v -0.05085535 -1.05848634 -0.05818458
v -0.05142251 -1.05832219 -0.05965433
v -0.05245482 -1.05752301 -0.05837198
v -0.05222692 -1.05682468 -0.05684087
v -0.05309466 -1.05677271 -0.05743119
v -0.04703736 -1.05676007 -0.05531395
v -0.04669125 -1.05714321 -0.05562979
v -0.04614485 -1.05760550 -0.05606349
v -0.04721281 -1.05643487 -0.05511967
v -0.04728857 -1.05613780 -0.05502922
v -0.04726756 -1.05586636 -0.05504912
v -0.04716191 -1.05560827 -0.05520292
v -0.06919260 -1.02238369 -0.05028128
v -0.06925884 -1.03396976 -0.04921724
v -0.07168923 -1.02560198 -0.04613517
v -0.05309196 -1.05325532 -0.05887610
v -0.05356868 -1.05360830 -0.05795806
v -0.05249501 -1.05355585 -0.05847888
v -0.05294959 -1.05394173 -0.05768211
v -0.05407275 -1.05410850 -0.05706736
v -0.05446770 -1.05382276 -0.05705165
v -0.05048640 -1.05281377 -0.05959703
v -0.04613710 -1.05461538 -0.05671543
v -0.04656468 -1.05487669 -0.05625467
v -0.05119758 -1.05341041 -0.05869624
v -0.04920095 -1.05231977 -0.06048733
v -0.04543188 -1.05440581 -0.05718960
v -0.04678327 -1.05511189 -0.05586201
v -0.04699380 -1.05535257 -0.05549937
v -0.05150744 -1.05376911 -0.05795405
v -0.05196330 -1.05416512 -0.05721816
v -0.05332168 -1.05451989 -0.05709208
v -0.05250850 -1.05517554 -0.05633834
v -0.05258682 -1.05567122 -0.05631818
v -0.05352589 -1.05503261 -0.05687573
v -0.05358096 -1.05554366 -0.05679341
v -0.05232099 -1.05467916 -0.05660617
v -0.05249144 -1.05622971 -0.05647412
v -0.05343214 -1.05609155 -0.05700227
v -0.05474087 -1.05328846 -0.05692217
v -0.05471530 -1.05410910 -0.05663842
v -0.05523470 -1.05512238 -0.05608162
v -0.05517686 -1.05326653 -0.05637958
v -0.05585388 -1.05320895 -0.05561696
v -0.05549233 -1.05200100 -0.05602487
v -0.05622368 -1.05568385 -0.05567010
v -0.05761056 -1.05603278 -0.05487536
v -0.05711342 -1.05307090 -0.05448016
v -0.05647346 -1.05162144 -0.05495555
v -0.05434806 -1.05461645 -0.05665774
v -0.05451706 -1.05528140 -0.05643878
v -0.05561132 -1.05678535 -0.05704516
v -0.05641595 -1.05759573 -0.05692998
v -0.05493468 -1.05626428 -0.05711635
v -0.05441113 -1.05701995 -0.05841048
v -0.05489483 -1.05773044 -0.05847579
v -0.05549809 -1.05847228 -0.05848929
v -0.05397591 -1.05868387 -0.06005224
v -0.05438138 -1.05953205 -0.06009258
v -0.05360724 -1.05782700 -0.05996860
v -0.05431630 -1.05607712 -0.05705632
v -0.05382274 -1.05677831 -0.05804564
v -0.05306783 -1.05752826 -0.05938423
v -0.05199211 -1.05815220 -0.06128056
v -0.05013738 -1.05925691 -0.06329684
v -0.04941635 -1.05926037 -0.06132489
v -0.04744376 -1.06059134 -0.06504866
v -0.04663331 -1.06019580 -0.06294590
v -0.04386247 -1.06515503 -0.06675136
v -0.04891422 -1.06467414 -0.06613915
v -0.04628725 -1.06018901 -0.06103666
v -0.04381379 -1.05840290 -0.05736851
v -0.04223151 -1.05851734 -0.05791761
v -0.04301351 -1.06028092 -0.06208561
v -0.03301309 -1.05744600 -0.06254709
v -0.03385647 -1.05823445 -0.06295811
v -0.03781308 -1.05746841 -0.05832110
v -0.03742098 -1.05708706 -0.05816148
v -0.03151580 -1.05754328 -0.06317198
v -0.03289121 -1.05830085 -0.06380270
v -0.03725656 -1.05982494 -0.06315677
v -0.03938534 -1.05824137 -0.05852757
v -0.03841448 -1.05788088 -0.05846140
v -0.03548201 -1.05904734 -0.06294651
v -0.03661096 -1.06031048 -0.06499153
v -0.03435137 -1.05915809 -0.06430048
v -0.04316161 -1.06074953 -0.06410219
v -0.03108032 -1.10085547 0.12173949
v -0.03077189 -1.08415508 0.12484737
v -0.05046938 -1.08662868 0.11610056
v -0.05009338 -1.10129964 0.11344005
v -0.04878740 -1.05945349 -0.05972436
v -0.04513934 -1.05806279 -0.05673673
v -0.06004086 -1.10305905 0.10554078
v -0.05898988 -1.11262298 0.10284320
v -0.05042182 -1.11425769 0.10880083
v -0.04647348 -0.97003818 0.07433371
v -0.03659995 -0.95967793 0.08302107
v -0.02937665 -1.05736005 -0.06423420
v -0.03113812 -1.05866873 -0.06463526
v -0.02819120 -1.05618238 -0.06396355
v -0.02749274 -1.05602074 -0.06413612
v -0.02861507 -1.05743074 -0.06429872
v -0.03015217 -1.05882370 -0.06464192
v -0.03328116 -1.05977964 -0.06514890
v -0.03254037 -1.06012630 -0.06553219
v -0.03600351 -1.06153333 -0.06661266
v -0.03613149 -1.06082404 -0.06624620
v -0.04345003 -1.06140983 -0.06609416
v -0.04353389 -1.06228626 -0.06656282
v -0.03551813 -1.06226683 -0.06601423
v -0.03195722 -1.06058788 -0.06497787
v -0.03498688 -1.06303811 -0.06536457
v -0.03178069 -1.06151700 -0.06467152
v -0.04323601 -1.06404638 -0.06540732
v -0.04349701 -1.06328237 -0.06605534
v -0.03107683 -1.05386305 -0.06441259
v -0.02884668 -1.05416644 -0.06427805
v -0.03161719 -1.05423403 -0.06416147
v -0.02919348 -1.05452597 -0.06391871
v -0.03280401 -1.05457807 -0.06309345
v -0.02835465 -1.05499852 -0.06377529
v -0.02765013 -1.05475950 -0.06411131
v -0.03368773 -1.05472434 -0.06259094
v -0.02785117 -1.05751550 -0.06398246
v -0.02655431 -1.05587876 -0.06415686
v -0.02658923 -1.05804718 -0.06324534
v -0.02575871 -1.05605340 -0.06381847
v -0.02896358 -1.06024253 -0.06367075
v -0.02940523 -1.05910945 -0.06400898
v -0.02665305 -1.05459702 -0.06412826
v -0.02727191 -1.05401373 -0.06424479
v -0.02594865 -1.05449510 -0.06415057
v -0.02657588 -1.05376172 -0.06427106
v -0.03377595 -1.05091166 -0.06571667
v -0.03348369 -1.05009890 -0.06569964
v -0.03045553 -1.05230153 -0.06509230
v -0.02982397 -1.05177653 -0.06503308
v -0.04192058 -1.04707456 -0.06502888
v -0.04511790 -1.04710555 -0.06388170
v -0.04147222 -1.04585803 -0.06498480
v -0.04489372 -1.04574847 -0.06382054
v -0.03643266 -1.04650974 -0.06574759
v -0.03706079 -1.04748130 -0.06570768
v -0.04113515 -0.91061586 -0.01395257
v -0.05567539 -1.04881835 -0.05622230
v -0.05677104 -1.04751229 -0.05550999
v -0.05505313 -1.04680526 -0.05737966
v -0.05419796 -1.04830432 -0.05775362
v -0.05254970 -1.04791594 -0.05940257
v -0.05295767 -1.04633880 -0.05921630
v -0.05052404 -1.04598892 -0.06101666
v -0.05049707 -1.04753947 -0.06114822
v -0.04839527 -1.04726720 -0.06245385
v -0.04809096 -1.04569578 -0.06245077
v -0.05873514 -1.05253482 -0.05293855
v -0.06007105 -1.05581939 -0.05272410
v -0.06057734 -1.05197918 -0.05134715
v -0.06234740 -1.05548573 -0.05055323
v -0.02487188 -1.05903912 -0.06348877
v -0.02450210 -1.05651760 -0.06354311
v -0.02291910 -1.05999005 -0.06482971
v -0.02289853 -1.05697954 -0.06451653
v -0.02441705 -1.06302500 -0.06597269
v -0.02642964 -1.06192720 -0.06429708
v -0.02504891 -1.05444860 -0.06413411
v -0.02579337 -1.05349123 -0.06431213
v -0.02372525 -1.05445170 -0.06447592
v -0.02475642 -1.05296147 -0.06460211
v -0.03289217 -1.04925013 -0.06571376
v -0.03228687 -1.04833543 -0.06572422
v -0.02917594 -1.05117846 -0.06512737
v -0.02822124 -1.05037320 -0.06527615
v -0.05965144 -1.01616645 0.09174202
v -0.06315705 -1.05875015 0.10470821
v -0.05669119 -1.06899643 -0.06375034
v -0.05427443 -1.06606889 -0.06445079
v -0.05062455 -1.06726515 -0.06679051
v -0.05269477 -1.07096457 -0.06702198
v -0.05967227 -1.07302475 -0.06164656
v -0.06205299 -1.06925058 -0.05872087
v -0.05938368 -1.06650043 -0.06068632
v -0.05694334 -1.06429887 -0.06195670
v -0.06079704 -1.05874610 -0.05384107
v -0.05885059 -1.05872786 -0.05560792
v -0.05890274 -1.06058323 -0.05722379
v -0.06088367 -1.06115532 -0.05577563
v -0.06316665 -1.05872035 -0.05180264
v -0.06351575 -1.06195867 -0.05381189
v -0.06036760 -1.06359553 -0.05823603
v -0.05817567 -1.06230521 -0.05945472
v -0.06310679 -1.06524003 -0.05636995
v -0.03284980 -1.06712353 -0.06834166
v -0.03363535 -1.06527948 -0.06671365
v -0.03031177 -1.06361020 -0.06532183
v -0.02873946 -1.06465864 -0.06604888
v -0.03148875 -1.06892443 -0.06993940
v -0.02653047 -1.06586754 -0.06756902
v -0.04595659 -1.07153797 -0.06983426
v -0.04498107 -1.06811213 -0.06849028
v -0.03471398 -1.06350553 -0.06511860
v -0.03254977 -1.06250262 -0.06481476
v -0.03450284 -1.06376147 -0.06511752
v -0.03183992 -1.06244457 -0.06458564
v -0.06744696 -1.12516594 0.08502091
v -0.07000159 -1.13150883 0.07242302
v -0.05440219 -1.14435279 0.08015698
v -0.05320573 -1.13576305 0.09257792
v -0.05037666 -1.06249392 -0.06305288
v -0.05102257 -1.06288242 -0.06352115
v -0.05354711 -1.06162953 -0.06201280
v -0.05292699 -1.06118369 -0.06177794
v -0.05474564 -1.06007671 -0.06023720
v -0.05545311 -1.06053329 -0.06029621
v -0.05658127 -1.05946040 -0.05843008
v -0.05596374 -1.05914462 -0.05868971
v -0.05659135 -1.05837834 -0.05740652
v -0.05722312 -1.05833864 -0.05685114
v -0.03219299 -1.06332886 -0.06519213
v -0.03444503 -1.06409550 -0.06566566
v -0.06198768 -1.09022415 0.10691831
v -0.05544121 -1.10976779 -0.05096976
v -0.06251162 -1.10579050 -0.04444394
v -0.06017113 -1.09944844 -0.05051514
v -0.05226709 -1.06378436 -0.06437746
v -0.05485144 -1.06252289 -0.06235733
v -0.05655604 -1.06128824 -0.06014366
v -0.05747866 -1.06012392 -0.05815545
v -0.05789704 -1.05913639 -0.05687505
v -0.08180141 -1.01784742 0.00973733
v -0.08225879 -1.01782286 0.01172445
v -0.09026230 -1.02732229 0.03851171
v -0.08842207 -1.03409064 0.03761691
v -0.08722004 -1.03771245 0.03636426
v -0.08899893 -1.04673231 0.02283757
v -0.09249317 -1.04984605 0.02578495
v -0.09389216 -1.00867069 0.03112050
v -0.09063253 -1.00697100 0.02723211
v -0.09380493 -1.00956821 0.03171568
v -0.09970279 -1.04579127 0.03652805
v -0.10010377 -1.04402006 0.03797576
v -0.10107654 -1.04369712 0.03765674
v -0.05166408 -0.99588811 0.08173569
v -0.05747077 -1.00727701 0.08797446
v -0.10052933 -1.04189277 0.03930244
v -0.08425958 -1.02254522 0.01453565
v -0.09161226 -1.02664852 0.03876046
v -0.09341300 -1.02591050 0.04056059
v -0.09425769 -1.02052343 0.04054595
v -0.09345151 -1.02115488 0.03972153
v -0.09329253 -1.01555610 0.03840900
v -0.09272552 -1.01645863 0.03792736
v -0.09541327 -1.01219273 0.03439563
v -0.09694637 -1.01590824 0.03677110
v -0.09380171 -1.05024290 0.02707065
v -0.09309885 -1.04939294 0.02566169
v -0.09462541 -1.05008113 0.02729473
v -0.08497892 -1.02124715 0.01591858
v -0.08709504 -1.04480493 0.02268247
v -0.08655012 -1.04263413 0.02135726
v -0.08624377 -1.04299235 0.02185078
v -0.08118439 -1.02629757 0.01966539
v -0.08119523 -1.02720904 0.01992368
v -0.08253661 -1.02471542 0.01945340
v -0.08507125 -1.02323067 0.01796994
v -0.07866982 -1.01564384 0.01817048
v -0.07808667 -1.01439905 0.02012766
v -0.07862116 -1.01342630 0.01938982
v -0.09673178 -1.05657625 0.03103560
v -0.08666518 -1.04167604 0.02101969
v -0.08806466 -1.04277527 0.02109418
v -0.08856972 -1.04398823 0.02139106
v -0.09551429 -1.04961991 0.02751557
v -0.08891813 -1.04492426 0.02170873
v -0.08804105 -1.04485393 0.02180320
v -0.08974697 -1.04650283 0.02265402
v -0.08745375 -1.04484010 0.02214201
v -0.08489389 -1.01928878 0.03273590
v -0.08344205 -1.01911736 0.03048536
v -0.08332177 -1.03940690 0.01074135
v -0.08416103 -1.03694439 0.01326633
v -0.08967504 -1.00645804 0.02492855
v -0.08679680 -1.04491341 0.03218605
v -0.08705134 -1.04786956 0.03362972
v -0.09853464 -1.02040875 0.03859629
v -0.09141655 -1.01518404 0.02832529
v -0.08915807 -1.01459229 0.02641849
v -0.09355430 -1.01622903 0.03020383
v -0.09525791 -1.01879060 0.03199110
v -0.08252515 -1.03536785 0.02615146
v -0.09420292 -1.03926611 0.03109103
v -0.09496401 -1.03690922 0.03231748
v -0.09247270 -1.03946900 0.02956408
v -0.08794094 -1.05166268 0.03168223
v -0.08778989 -1.05166566 0.02929136
v -0.08766018 -1.04633904 0.03017178
v -0.08746065 -1.04975152 0.02873201
v -0.08057572 -1.01908863 0.01848072
v -0.08018064 -1.01296830 0.02174931
v -0.07990384 -1.01494122 0.02274603
v -0.08130010 -1.01294529 0.02268057
v -0.08133744 -1.01390469 0.02418805
v -0.08174182 -1.01537967 0.02591150
v -0.08216281 -1.01731968 0.02735188
v -0.08218628 -1.01984739 0.02791050
v -0.08000250 -1.02324879 0.01925236
v -0.08802683 -1.05156827 0.01864653
v -0.07949045 -1.02142060 0.01903958
v -0.08149263 -1.02487803 0.01943270
v -0.08161379 -1.02308023 0.01902256
v -0.08126690 -1.02114284 0.01854931
v -0.08628653 -1.01193786 0.01987218
v -0.08696201 -1.01353419 0.02231582
v -0.08488043 -1.01263011 0.01906078
v -0.08773880 -1.01399326 0.02455448
v -0.08363368 -1.01288295 0.01863366
v -0.08729595 -1.04619491 0.03093614
v -0.08736432 -1.04959750 0.03079932
v -0.08207016 -1.02142227 0.00765732
v -0.07381889 -1.03098464 -0.04127796
v -0.07540179 -1.04066944 -0.03583475
v -0.03379999 -0.98044485 -0.06443498
v -0.03297193 -0.97729933 -0.06479692
v -0.06580438 -1.01956058 -0.05474639
v -0.06091620 -1.01724911 -0.06024485
v -0.03309341 -0.98582149 -0.07613230
v -0.03224632 -0.98495138 -0.07630637
v -0.03130739 -0.98556107 -0.07656357
v -0.03213165 -0.98601484 -0.07620838
v -0.02983025 -0.98614103 -0.07487145
v -0.03065527 -0.98617339 -0.07416888
v -0.03085725 -0.98619246 -0.07509002
v -0.03011757 -0.98612660 -0.07576506
v -0.03692159 -1.00253189 -0.07686840
v -0.04039095 -1.00658894 -0.07455228
v -0.04332762 -1.00178456 -0.07357629
v -0.03994288 -0.99831039 -0.07591659
v -0.03242795 -0.98507988 -0.06684321
v -0.03216502 -0.98675454 -0.06733499
v -0.03108364 -0.98659569 -0.07123591
v -0.03139869 -0.98586476 -0.07078367
v -0.03222478 -0.98246342 -0.06693937
v -0.03126466 -0.98455793 -0.07035466
v -0.03393786 -0.98443878 -0.06438574
v -0.03342539 -0.98701435 -0.06476210
v -0.04241964 -0.97903955 -0.07204637
v -0.03871947 -0.98131859 -0.07373820
v -0.03980639 -0.98472923 -0.07422487
v -0.04346830 -0.98389161 -0.07250552
v -0.03354884 -1.01472819 -0.07513720
v -0.03724306 -1.01064289 -0.07495046
v -0.03418790 -1.00654638 -0.07685660
v -0.03047767 -1.01108456 -0.07684019
v -0.02671617 -1.01617944 -0.07755914
v -0.02963457 -1.01896608 -0.07559805
v -0.02568370 -1.02460766 -0.08142731
v -0.02610102 -1.02093089 -0.08292916
v -0.02551370 -1.02015853 -0.08643350
v -0.02600248 -1.02239394 -0.08503217
v -0.02349982 -1.01609635 -0.08482542
v -0.02596940 -1.01861656 -0.08146156
v -0.01949718 -1.01494002 -0.08532751
v -0.01925075 -1.01577890 -0.08637762
v -0.02355199 -1.01527357 -0.08317171
v -0.02370061 -1.01420450 -0.08123742
v -0.01980051 -1.01402318 -0.08414863
v -0.01860505 -1.01687789 -0.08744456
v -0.02141978 -1.01675415 -0.08755141
v -0.02303630 -1.01867652 -0.08908029
v -0.01239435 -1.01746869 -0.09622496
v -0.01362897 -1.01882255 -0.09824124
v -0.01823856 -1.04918408 -0.08015016
v -0.02097210 -1.04539406 -0.07682019
v -0.01815058 -1.04655564 -0.08246133
v -0.02081407 -1.04316807 -0.07921118
v -0.02221795 -1.02084613 -0.09288317
v -0.02387870 -1.02280021 -0.09101731
v -0.01981802 -1.02210855 -0.09676011
v -0.02105639 -1.02490580 -0.09614040
v -0.01248871 -1.06418085 -0.07922186
v -0.01016827 -1.01399696 -0.09188184
v -0.01041287 -1.01316404 -0.09131943
v -0.00985387 -1.01505566 -0.09386478
v -0.03206648 -1.12729907 0.11126392
v -0.03281440 -1.14161110 0.10065562
v -0.03265318 -1.15792108 0.07722321
v -0.03019505 -1.16241193 0.06412837
v -0.01359774 -0.99580795 -0.09194838
v -0.01330283 -0.99860269 -0.09197019
v -0.02069750 -0.99102765 -0.07506268
v -0.01514710 -0.99140847 -0.07657392
v -0.01473759 -0.98956990 -0.08115903
v -0.02007909 -0.98931718 -0.07984762
v -0.02412114 -0.98897189 -0.07775204
v -0.02506745 -0.99048650 -0.07300623
v -0.02108718 -0.99228466 -0.07252073
v -0.01531322 -0.99272859 -0.07389887
v -0.01960776 -0.98835385 -0.08422612
v -0.01434433 -0.98876166 -0.08634587
v -0.01423302 -0.99057782 -0.08907749
v -0.01968429 -0.98992670 -0.08643529
v -0.02646498 -1.00941324 -0.07992290
v -0.02226510 -1.01033890 -0.08263338
v -0.01809466 -1.01071942 -0.08631250
v -0.01473516 -1.01067924 -0.08901516
v -0.01409194 -1.01284313 -0.08937149
v -0.01670399 -1.01344335 -0.08702971
v -0.01383217 -1.01381147 -0.08979599
v -0.01641045 -1.01438069 -0.08766884
v -0.01631593 -1.01532125 -0.08833976
v -0.01681057 -1.01685119 -0.08864664
v -0.01495472 -1.01666701 -0.08996880
v -0.01539611 -1.01788545 -0.08956082
v -0.01378351 -1.01478291 -0.09017773
v -0.01264756 -1.04113901 -0.09593752
v -0.01243141 -1.04491615 -0.09300232
v -0.01811413 -1.00013196 -0.08998847
v -0.01308529 -1.00088191 -0.09128509
v -0.01235462 -1.00515521 -0.09050827
v -0.01688087 -1.00495720 -0.08914639
v -0.02155123 -1.00394952 -0.08668868
v -0.02323285 -0.99813402 -0.08737543
v -0.01074363 -1.01225948 -0.09088770
v -0.01842386 -0.99771398 -0.09022012
v -0.01867805 -0.99502087 -0.08991271
v -0.02363394 -0.99557149 -0.08741720
v -0.02376159 -0.99316800 -0.08687036
v -0.02795528 -0.99526989 -0.08408758
v -0.02694773 -1.00168395 -0.08369395
v -0.03270811 -0.99919188 -0.08020435
v -0.03183105 -0.99217206 -0.08074355
v -0.03974607 -0.98815525 -0.07526220
v -0.03457575 -0.98555285 -0.07585870
v -0.03474069 -0.98704696 -0.07643370
v -0.03445387 -0.98843855 -0.07741223
v -0.03889697 -0.99153650 -0.07654627
v -0.04326717 -0.98883599 -0.07363728
v -0.04210617 -0.99371850 -0.07488063
v -0.03683935 -0.99511611 -0.07805088
v -0.03370772 -0.99006271 -0.07867752
v -0.03327599 -0.98675895 -0.07666411
v -0.03223357 -0.98647654 -0.07651410
v -0.03306773 -0.98764002 -0.07752700
v -0.03201676 -0.98699903 -0.07723755
v -0.03249938 -0.98852074 -0.07864171
v -0.03156145 -0.98752069 -0.07815193
v -0.03059068 -0.98836887 -0.07956481
v -0.03127184 -0.98994184 -0.08031029
v -0.02999648 -0.98670745 -0.07511963
v -0.02901680 -0.98689955 -0.07621467
v -0.02916258 -0.98691523 -0.07751617
v -0.03009012 -0.98665583 -0.07632250
v -0.03062128 -0.98648006 -0.07440968
v -0.03060737 -0.98648453 -0.07563776
v -0.03057095 -0.98725867 -0.07204871
v -0.02958556 -0.98761553 -0.07288146
v -0.03114116 -0.98623705 -0.07368755
v -0.03119306 -0.98627889 -0.07472683
v -0.03124996 -0.98628312 -0.07610463
v -0.03115828 -0.98661447 -0.07655643
v -0.03068957 -0.98692852 -0.07733580
v -0.02980449 -0.98736113 -0.07851160
v -0.02368965 -0.99104726 -0.08564648
v -0.02737742 -0.99089885 -0.08344406
v -0.02702747 -0.98911536 -0.08206835
v -0.02350668 -0.98884082 -0.08365977
v -0.02658156 -0.98783106 -0.08052358
v -0.02565123 -0.99158430 -0.07061726
v -0.02320689 -0.98783803 -0.08183803
v -0.02869975 -0.98934793 -0.07052067
v -0.02967650 -0.99038935 -0.06806906
v -0.02764764 -0.98822367 -0.07478461
v -0.03162386 -0.98794687 -0.06829707
v -0.03059467 -0.98825991 -0.06887285
v -0.03255227 -0.98886442 -0.06585246
v -0.03132400 -0.98950326 -0.06681800
v -0.02643539 -0.98721480 -0.07871442
v -0.02778572 -0.99286115 -0.08402683
v -0.01908539 -0.99248940 -0.08851390
v -0.01385265 -0.99325347 -0.09075421
v -0.01321055 -1.03333473 -0.10266449
v -0.01303236 -1.03755426 -0.09906897
v -0.03058319 -0.98594505 -0.07652009
v -0.01815996 -0.90174234 -0.02658273
v -0.03369338 -0.98419726 -0.07584713
v -0.03159589 -0.98005104 -0.06700020
v -0.03045099 -0.98350745 -0.07071432
v -0.03934768 -0.97429526 -0.07271968
v -0.03473356 -0.97002780 -0.07525419
v -0.03253888 -0.97431123 -0.07692659
v -0.03629014 -0.97776502 -0.07450458
v -0.02963661 -0.98065042 -0.07927077
v -0.03221272 -0.98258990 -0.07702263
v -0.03092067 -0.98393178 -0.07773015
v -0.02851637 -0.98281348 -0.07995376
v -0.02759696 -0.98448217 -0.08034042
v -0.02992609 -0.98502380 -0.07786927
v -0.02560225 -0.98634773 -0.07883063
v -0.02122306 -0.98681223 -0.08158669
v -0.02065052 -0.98323548 -0.07678573
v -0.02533550 -0.98287886 -0.07439472
v -0.02929065 -0.98309404 -0.07189618
v -0.02884523 -0.98616874 -0.07579827
v -0.02623653 -0.98635703 -0.07968631
v -0.02906878 -0.98612809 -0.07678942
v -0.02171769 -0.98686373 -0.08280593
v -0.02949142 -0.90507615 -0.02166540
v -0.02939388 -0.98580050 -0.07756628
v -0.02673772 -0.98587298 -0.08004528
v -0.02248536 -0.98600161 -0.08352998
v -0.02350967 -0.98403960 -0.08403394
v -0.02442513 -0.98167390 -0.08408712
v -0.02518387 -0.97876716 -0.08317371
v -0.02704801 -0.97128206 -0.08028942
v -0.02838233 -0.96599168 -0.07915434
v -0.02079576 -0.96959496 -0.08309177
v -0.02175882 -0.96409994 -0.08297476
v -0.01991094 -0.97748697 -0.08656433
v -0.01958175 -0.98104680 -0.08800709
v -0.01885773 -0.98382747 -0.08764118
v -0.01815485 -0.98606253 -0.08670035
v -0.01128117 -1.01044703 -0.09045015
v -0.01366520 -1.01657498 -0.09136218
v -0.01251982 -1.01673019 -0.09371731
v -0.01581869 -1.02027023 -0.09908749
v -0.00978937 -1.01587498 -0.09617478
v -0.01836883 -1.02198172 -0.09859222
v -0.01670821 -1.02142084 -0.10009983
v -0.01746226 -1.02323747 -0.10099040
v -0.01867775 -1.02391171 -0.09961936
v -0.01520107 -1.02078664 -0.10140972
v -0.01654295 -1.02304447 -0.10211807
v -0.01101135 -1.01970708 -0.10320406
v -0.01192794 -1.02342439 -0.10532482
v -0.01297921 -1.02944112 -0.10493343
v -0.01236259 -1.02579689 -0.10575531
v -0.01788666 -1.02505922 -0.10150933
v -0.01933225 -1.02699423 -0.09959482
v -0.01966772 -1.03010750 -0.09708755
v -0.02180789 -1.02765489 -0.09333201
v -0.02078168 -1.16717219 0.01852165
v -0.01739741 -0.98717201 -0.08569196
v -0.01645697 -0.98716068 -0.08377807
v -0.02044509 -0.97324783 -0.06998786
v -0.02048422 -0.97752804 -0.07244590
v -0.01570790 -0.97742170 -0.07390597
v -0.01564809 -0.97331452 -0.07158236
v -0.01249200 -0.98723733 -0.08460325
v -0.01221798 -0.98355472 -0.07931891
v -0.01597448 -0.98354620 -0.07853897
v -0.01277708 -0.98736435 -0.08692773
v -0.01329242 -0.98612630 -0.08828175
v -0.01384528 -0.98380649 -0.08952840
v -0.01195899 -0.97735393 -0.07459693
v -0.01201168 -0.97310781 -0.07225288
v -0.02994710 -0.97856009 -0.06803918
v -0.03047062 -0.97491932 -0.06594142
v -0.02539960 -0.97751391 -0.07050259
v -0.02570510 -0.97373199 -0.06826569
v -0.01519549 -0.96390176 -0.08585083
v -0.01448324 -0.96925682 -0.08519226
v -0.01416964 -0.98051542 -0.08981583
v -0.01423681 -0.97669643 -0.08810651
v -0.03302233 -1.15109324 0.08957933
v -0.07366997 -1.11115205 -0.02058204
v -0.07205040 -1.10422266 -0.02897396
v -0.06527001 -1.11238027 -0.03575554
v -0.06702331 -1.11789072 -0.02820259
v -0.07410987 -1.11869407 -0.01206176
v -0.06757514 -1.12441647 -0.02019440
v -0.05020433 -1.15680814 0.03854303
v -0.05066307 -1.15619373 0.02404001
v -0.03208464 -1.16426897 0.01993033
v -0.04553035 -1.15822446 0.05314169
v -0.05770899 -1.14893818 0.06242219
v -0.05952906 -1.15039897 0.04234698
v -0.05926658 -1.15019774 0.02679559
v -0.03620905 -0.94477522 0.08381984
v -0.06329137 -1.07200646 0.10636988
v -0.05796216 -1.14954782 0.01280395
v -0.05004556 -1.15474045 0.00995926
v -0.04967868 -1.15206623 -0.00276676
v -0.05671279 -1.14762688 0.00090257
v -0.03200083 -1.16247582 0.00492101
v -0.02074338 -1.16524601 0.00280800
v -0.02827074 -1.03333187 0.11894116
v -0.01235022 -1.04842031 -0.09016791
v -0.05754483 -0.98215950 0.06421721
v -0.06867305 -0.98035997 0.04601786
v -0.06797127 -0.92847610 0.02213358
v -0.08031590 -1.00353014 0.02574230
v -0.07997703 -1.00417268 0.02663866
v -0.07086335 -0.96527970 0.02626190
v -0.07234260 -0.97897238 0.02737832
v -0.04735268 -0.98290801 0.07645023
v -0.08963902 -1.01493752 0.03686884
v -0.09029799 -1.01877725 0.03813070
v -0.09090730 -1.01400936 0.03648716
v -0.09174276 -1.01803958 0.03800096
v -0.09184545 -1.02234137 0.03873275
v -0.09152422 -1.01225603 0.03557668
v -0.08812665 -1.05166578 0.02656914
v -0.08952912 -1.05325794 0.02578514
v -0.07996037 -1.00189853 0.02121105
v -0.07978851 -1.00254846 0.02294812
v -0.07928441 -1.00218308 0.02200023
v -0.07909504 -1.00170028 0.02065679
v -0.07968415 -1.00100005 0.01962405
v -0.07898395 -1.00111842 0.01950421
v -0.08996212 -1.06843746 0.01956614
v -0.07752624 -1.00143766 0.02326183
v -0.07925556 -1.00368178 0.02599529
v -0.07934235 -1.00300848 0.02437185
v -0.07863278 -1.00220823 0.02285459
v -0.07832301 -1.00119090 0.02080084
v -0.07833343 -1.00031924 0.01897372
v -0.07922471 -0.99979341 0.01844553
v -0.09183973 -1.01118016 0.03588094
v -0.08431331 -1.00073981 0.02410700
v -0.08880056 -1.04357243 0.03298200
v -0.08886436 -1.04176545 0.03445341
v -0.09128731 -1.04335260 0.03606933
v -0.09108923 -1.04564548 0.03461833
v -0.06987607 -1.01808214 0.07888119
v -0.07125733 -1.02917993 0.08369130
v -0.02193619 -0.94937372 0.08895174
v -0.02161759 -0.96215665 0.08922523
v -0.08525629 -1.06351888 0.06803468
v -0.08867192 -1.04532647 0.03143341
v -0.09103682 -1.04750633 0.03305213
v -0.09057956 -1.02304411 0.03870776
v -0.08767552 -1.04471278 0.03141981
v -0.08782917 -1.04297340 0.03294402
v -0.09224553 -1.04918718 0.03468063
v -0.09239454 -1.04694819 0.03642450
v -0.09246597 -1.04439425 0.03799652
v -0.08788484 -1.04103374 0.03440992
v -0.08785032 -1.05009198 0.03361017
v -0.08999953 -1.09549320 0.04419099
v -0.08833069 -1.08889413 0.05821505
v -0.08582494 -1.11252570 0.04794450
v -0.08452078 -1.10699081 0.06313349
v -0.08005828 -1.10041702 0.07924815
v -0.08379716 -1.08084953 0.07440291
v -0.08780757 -1.05153525 0.02785761
v -0.09050931 -1.05414653 0.02637632
v -0.07405142 -1.12469304 -0.00391439
v -0.07921861 -1.11919725 0.00325744
v -0.06738937 -1.12995052 -0.01274383
v -0.06680826 -1.13486028 -0.00569476
v -0.07285514 -1.13041115 0.00338247
v -0.08016972 -1.12297142 0.01535924
v -0.09129002 -1.08675158 0.02901705
v -0.08920535 -1.10149896 0.03002976
v -0.08674106 -1.10624123 0.01641675
v -0.08434159 -1.11797726 0.03250343
v -0.07561763 -1.13216162 0.02215666
v -0.07926659 -1.12817132 0.03661673
v -0.06875484 -1.14108384 0.02619487
v -0.07104007 -1.13907909 0.04088881
v -0.07102858 -1.13683105 0.05711180
v -0.08059608 -1.12416792 0.05166878
v -0.07072432 -1.13576567 0.00986681
v -0.06495731 -1.13941026 0.00001982
v -0.06579749 -1.14246273 0.01344735
v -0.06262182 -1.14339149 0.00469488
v -0.08464019 -1.10838878 0.00922532
v -0.07495096 -0.99483037 0.01798697
v -0.07674674 -0.99476647 0.01251895
v -0.08010389 -1.00672483 0.00500495
v -0.07812405 -1.03337801 -0.02920710
v -0.07859660 -1.04620004 -0.02675229
v -0.08182105 -1.03774166 -0.01641421
v -0.08033321 -1.02258706 -0.01832650
v -0.07771193 -1.06015122 -0.02482923
v -0.08130880 -1.05224729 -0.01467257
v -0.08124746 -1.06670022 -0.01215000
v -0.07754270 -1.07493424 -0.02367168
v -0.07183758 -1.09441531 0.09482968
v -0.07424920 -1.07688177 0.09292479
v -0.07472542 -1.06373250 0.09084478
v -0.05841843 -1.09345174 -0.05488832
v -0.03161647 -1.11628926 0.11655422
v -0.05788754 -1.11729908 -0.04317694
v -0.06386799 -1.11691833 0.09581164
v -0.05136320 -1.12345088 0.10354695
v -0.07950033 -1.11899817 0.06667401
v -0.07605572 -1.11326420 0.08013935
v -0.06857710 -1.10635030 0.09538318
v -0.07339175 -1.04732609 0.08860681
v -0.05757597 -1.14407194 -0.00699183
v -0.06581064 -1.05865836 -0.04882308
v -0.06483972 -1.05408990 -0.04786510
v -0.06622002 -1.06353545 -0.05053835
v -0.06303874 -1.04932320 -0.04937949
v -0.02435633 -1.04199553 -0.07424114
v -0.02382260 -1.04002583 -0.07640372
v -0.02349219 -1.03736150 -0.07833591
v -0.02705988 -1.03715062 -0.07398822
v -0.02643999 -1.03399169 -0.07582064
v -0.02027069 -1.03794527 -0.08417219
v -0.02063243 -1.04054713 -0.08148791
v -0.02289993 -1.03482807 -0.08052924
v -0.02258306 -1.03150582 -0.08251888
v -0.02032876 -1.03460181 -0.08650951
v -0.02634673 -1.01814365 -0.07890466
v -0.02737606 -1.02300453 -0.07670993
v -0.02514919 -1.02765918 -0.07902405
v -0.03013015 -1.03079963 -0.07420062
v -0.02897264 -1.02722526 -0.07557000
v -0.02575013 -1.03112507 -0.07747453
v -0.03126106 -1.03438377 -0.07231373
v -0.02374266 -1.02787888 -0.08515795
v -0.02462627 -1.02476037 -0.08849579
v -0.02112142 -1.03107262 -0.08993401
v -0.01924912 -1.03334832 -0.09347431
v -0.01854189 -1.03710151 -0.09020710
v -0.02782883 -1.03934193 -0.07203339
v -0.03249412 -1.03691363 -0.07060716
v -0.03240029 -1.02331018 -0.07477798
v -0.03683531 -1.01959288 -0.07438427
v -0.03464859 -1.02793288 -0.07323703
v -0.03888384 -1.02483487 -0.07283637
v -0.03584779 -1.03182518 -0.07141959
v -0.04031784 -1.02895355 -0.07085510
v -0.04088591 -1.01560354 -0.07401678
v -0.04427278 -1.01121843 -0.07305734
v -0.04740370 -1.00583744 -0.07152236
v -0.04731124 -1.01650429 -0.07122014
v -0.05089856 -1.01067245 -0.06939048
v -0.04937408 -1.02178943 -0.06902994
v -0.05363503 -1.01641202 -0.06701952
v -0.04346439 -1.02100658 -0.07228015
v -0.04518106 -1.02556312 -0.07008798
v -0.04155179 -1.03289700 -0.06884274
v -0.03713540 -1.03512776 -0.06957652
v -0.05072312 -1.03346109 -0.06497350
v -0.05046041 -1.02766657 -0.06692155
v -0.04608795 -1.03041351 -0.06795563
v -0.04665442 -1.03513992 -0.06606598
v -0.05536195 -1.02349067 -0.06471305
v -0.05521752 -1.03145170 -0.06319207
v -0.05447418 -1.03673470 -0.06174077
v -0.04068777 -1.04393470 -0.06558453
v -0.03578240 -1.04475260 -0.06632604
v -0.04428881 -1.04352331 -0.06450781
v -0.05047453 -1.03772187 -0.06354685
v -0.04700856 -1.03862691 -0.06487776
v -0.05866642 -1.04443741 -0.05529178
v -0.05632789 -1.04365718 -0.05761181
v -0.05057200 -1.04321420 -0.06181117
v -0.04768007 -1.04330099 -0.06330088
v -0.05361055 -1.04337740 -0.05987374
v -0.03128889 -1.04660010 -0.06639570
v -0.02673087 -1.04876041 -0.06650652
v -0.06772950 -0.96743822 0.04295764
v -0.01816513 -1.04074168 -0.08784656
v -0.01811519 -1.04367805 -0.08514094
v -0.02360995 -1.06629562 -0.06982297
v -0.02153465 -1.06344318 -0.06871377
v -0.01560544 -1.06394887 -0.07633398
v -0.02793918 -1.07007611 -0.07256724
v -0.02350171 -1.05133879 -0.06666395
v -0.02158657 -1.05394506 -0.06677189
v -0.02049094 -1.05696344 -0.06716014
v -0.02032597 -1.06027961 -0.06773953
v -0.03969393 -1.08446705 -0.07351348
v -0.03615591 -1.07787251 -0.07571666
v -0.06875958 -1.09780610 -0.03832184
v -0.07226487 -1.08880305 -0.03478982
v -0.06074958 -1.07844269 -0.05824685
v -0.06387672 -1.07387733 -0.05537365
v -0.06572145 -1.06870019 -0.05271683
v -0.07386859 -1.07672703 -0.03244973
v -0.07465580 -1.06390405 -0.03226168
v -0.07531635 -1.05188215 -0.03336169
v -0.05950815 -1.12954545 -0.02882895
v -0.05929962 -1.13508856 -0.02170186
v -0.05901136 -1.12350011 -0.03598206
v -0.04972393 -1.14859891 -0.01266438
v -0.05001796 -1.14449024 -0.02146797
v -0.05867056 -1.13993347 -0.01446392
v -0.05063256 -1.13951087 -0.02910279
v -0.05093215 -1.13382459 -0.03604220
v -0.05048445 -1.12769294 -0.04321439
v -0.04948438 -1.12106359 -0.05014498
v -0.04741918 -1.11247909 -0.05726787
v -0.05706695 -0.96899825 0.06140641
v -0.01596823 -1.02892435 -0.08645771
v -0.01526468 -1.02907586 -0.08718152
v -0.01487914 -1.02857709 -0.08589111
v -0.01417138 -1.02869868 -0.08659077
v -0.01391065 -1.02732754 -0.08615895
v -0.01506419 -1.01987255 -0.08864318
v -0.01360191 -1.02183926 -0.08736694
v -0.01325240 -1.02533233 -0.08631063
v -0.07915981 -0.99980110 0.00700163
v -0.06733578 -0.93319559 0.03704589
v -0.06371564 -0.93799073 0.04894412
v 0.05316189 -0.93470484 0.03709146
v 0.04941227 -0.93940818 0.04898722
v 0.01649246 -0.89852846 -0.01912708
v 0.02779628 -0.90347099 -0.01268744
v 0.02932647 -0.89549309 -0.01107152
v 0.01772621 -0.89063829 -0.01692244
v 0.05521271 -0.91669154 0.04114269
v 0.05410246 -0.92440426 0.03412726
v 0.05065351 -0.93022436 0.05086086
v 0.05285435 -0.92192227 0.05727665
v 0.04368225 -0.93333942 0.06588431
v 0.04660816 -0.92490673 0.07135813
v 0.03565421 -0.92536134 0.08206050
v 0.03385539 -0.93523484 0.07722910
v 0.02199652 -0.93315762 0.08592218
v 0.02488527 -0.92274070 0.08976072
v 0.03902749 -0.90896386 -0.00395844
v 0.04853330 -0.91481209 0.00786629
v 0.04693869 -0.90448213 0.00572450
v 0.03802346 -0.90129662 -0.00446927
v 0.05366071 -0.92106962 0.02038272
v 0.05441394 -0.91143823 0.02223675
v 0.00955739 -0.92365134 0.09379408
v 0.00767630 -0.93711019 0.08984089
v 0.02146794 -0.87202728 -0.01433258
v 0.00763128 -0.86852300 -0.01801771
v 0.00675631 -0.87795907 -0.01876066
v 0.01969952 -0.88149810 -0.01529168
v 0.05505327 -0.87632328 0.00885785
v 0.06986480 -0.88500047 0.02718709
v 0.07527070 -0.87479204 0.01996645
v 0.06018180 -0.86517340 0.00351483
v 0.07132556 -0.84501433 -0.01476882
v 0.09649939 -0.85333389 0.00318237
v 0.09435903 -0.83299279 -0.01810209
v 0.07282857 -0.82758904 -0.02598900
v 0.09247404 -0.81429458 -0.03230875
v 0.07259214 -0.81030649 -0.03718758
v 0.08541452 -0.76265186 -0.06461166
v 0.06744885 -0.76135582 -0.06807935
v 0.06933554 -0.77735776 -0.05812057
v 0.08787814 -0.77928722 -0.05476803
v 0.09777146 -0.66595417 -0.08506601
v 0.08443975 -0.66936213 -0.09062698
v 0.09138111 -0.68537235 -0.09110208
v 0.10347632 -0.68350124 -0.08738579
v 0.16311170 -0.78264129 -0.03063184
v 0.16518198 -0.80087328 -0.02274610
v 0.17958510 -0.78798205 -0.02200182
v 0.17527828 -0.76955658 -0.02696204
v 0.11136395 -0.88818222 0.05426439
v 0.10611526 -0.87342370 0.02974246
v 0.09318871 -0.87855703 0.03518523
v 0.09815611 -0.89196193 0.05675863
v 0.15077670 -0.69428802 -0.03818046
v 0.14472283 -0.68238378 -0.04661568
v 0.14072020 -0.69193155 -0.05482627
v 0.14596270 -0.70368361 -0.04829923
v 0.12612876 -0.57485831 -0.05326370
v 0.11046296 -0.57343698 -0.07187863
v 0.11072594 -0.59538883 -0.07081679
v 0.12597962 -0.59649944 -0.05337496
v 0.16414839 -0.61997861 0.02239477
v 0.16558650 -0.61828274 0.05117082
v 0.16222718 -0.60074830 0.04970325
v 0.16138346 -0.60053182 0.02078175
v 0.11746736 -0.76251161 -0.05576302
v 0.10220259 -0.76314718 -0.06036846
v 0.10530424 -0.78015119 -0.05087632
v 0.12104431 -0.77976376 -0.04678560
v 0.35603431 -0.79697913 0.02274266
v 0.35832912 -0.77893639 0.02225241
v 0.33351246 -0.78120714 0.02021565
v 0.33130193 -0.79924655 0.02096093
v 0.15993369 -0.50075167 0.01116319
v 0.15907268 -0.50547022 0.03857634
v 0.16368705 -0.48632792 0.03770431
v 0.16328263 -0.48074225 0.00921791
v 0.20409089 -0.84847146 0.00886622
v 0.20379254 -0.86690384 0.03117374
v 0.21680053 -0.86076963 0.03017828
v 0.21876261 -0.84108973 0.01004021
v 0.15444615 -0.75200546 -0.04105201
v 0.15935852 -0.76701683 -0.03657471
v 0.16900147 -0.75567532 -0.03034674
v 0.16296269 -0.74317992 -0.03327437
v 0.17255396 -0.65064406 0.05598934
v 0.17107673 -0.65312403 0.03268725
v 0.17396148 -0.66969830 0.03855806
v 0.17640787 -0.66696370 0.05944640
v 0.16773708 -0.63638169 0.02721225
v 0.16901572 -0.63411576 0.05323850
v 0.14354035 -0.75779605 -0.04650738
v 0.13120030 -0.76083070 -0.05117960
v 0.13506734 -0.77837008 -0.04308532
v 0.14727436 -0.77533853 -0.03994290
v 0.09288077 -0.65026724 -0.08248436
v 0.07658710 -0.65461034 -0.08956778
v 0.15538126 -0.47413003 -0.01788377
v 0.14203222 -0.46701553 -0.04129586
v 0.14178018 -0.48928139 -0.03935104
v 0.15373917 -0.49527785 -0.01561552
v 0.09337443 -0.61565435 -0.08277038
v 0.09167819 -0.63445419 -0.08176437
v 0.10722491 -0.63360775 -0.07117110
v 0.10980728 -0.61508787 -0.07004552
v 0.12484124 -0.46060681 -0.06141762
v 0.10612254 -0.45514852 -0.08007772
v 0.10647915 -0.47964442 -0.07854861
v 0.12536852 -0.48381770 -0.05992620
v 0.09035515 -0.79640508 -0.04407283
v 0.07115472 -0.79352295 -0.04778469
v 0.12026477 -0.66592443 -0.07074723
v 0.10981213 -0.66529274 -0.07837972
v 0.11467314 -0.68280315 -0.08131987
v 0.12369838 -0.68264610 -0.07351622
v 0.18290709 -0.75328594 -0.01766949
v 0.19422330 -0.76985335 -0.01400223
v 0.19090961 -0.74504387 0.00206583
v 0.18195437 -0.73772645 -0.00231735
v 0.16652836 -0.46709409 0.03596028
v 0.16465844 -0.46060795 0.00727310
v 0.12381186 -0.43700045 -0.06163829
v 0.10532068 -0.43055448 -0.07963529
v 0.21009070 -0.72199297 0.05789232
v 0.22193272 -0.72968692 0.06102316
v 0.22477135 -0.72759974 0.07469659
v 0.21458711 -0.72067910 0.07284249
v 0.05130726 -0.68653810 -0.09579015
v 0.06655378 -0.69589198 -0.09501936
v 0.07266176 -0.67927015 -0.09468944
v 0.06093322 -0.66619581 -0.09418661
v 0.11850152 -0.64992094 -0.06523967
v 0.12037983 -0.63471997 -0.05967617
v 0.10664681 -0.64927214 -0.07423010
v 0.03537455 -0.67579812 -0.09360753
v 0.04752682 -0.64836979 -0.09419632
v 0.05134054 -0.79030734 -0.05171193
v 0.05002394 -0.77487886 -0.06121320
v 0.05208242 -0.80579084 -0.04238345
v 0.03171856 -0.80199814 -0.04719777
v 0.03076774 -0.81738526 -0.03856399
v 0.05124174 -0.82169771 -0.03307901
v 0.02865564 -0.83254439 -0.03094618
v 0.04897821 -0.83750737 -0.02477893
v 0.03853725 -0.86698061 -0.00478761
v 0.04212031 -0.85766393 -0.00902609
v 0.17443337 -0.74242800 -0.01997770
v 0.16761748 -0.73224175 -0.02218959
v 0.14135699 -0.44439614 -0.04201077
v 0.11873056 -0.81164831 0.15003096
v 0.11524383 -0.79327518 0.15554035
v 0.13495928 -0.79649472 0.14693211
v 0.13866578 -0.81420201 0.14178187
v 0.12250692 -0.88833266 0.05272387
v 0.12102641 -0.87451279 0.02750370
v 0.18688937 -0.72777182 0.12087137
v 0.19889230 -0.73253947 0.11596875
v 0.19707324 -0.74121296 0.11966300
v 0.18411143 -0.73716843 0.12509686
v 0.22661833 -0.73934346 0.10176252
v 0.22691786 -0.73289812 0.09535468
v 0.24697959 -0.74007827 0.09849241
v 0.24531879 -0.74739623 0.10566902
v 0.15692276 -0.49062502 0.06394632
v 0.15168732 -0.50938535 0.06442625
v 0.13871819 -0.63236511 0.12065762
v -0.00690553 -0.91763949 0.09929297
v -0.00704812 -0.92920351 0.09343605
v 0.15218550 -0.62457657 0.10045198
v 0.15836608 -0.64194876 0.09891957
v 0.14712583 -0.64978135 0.11718392
v 0.01249905 -0.78711617 0.15012193
v 0.01217310 -0.77141374 0.15241995
v 0.03151559 -0.77488941 0.15779586
v 0.03211521 -0.79120111 0.15530324
v 0.07580055 -0.81966650 0.15567398
v 0.07734615 -0.83610469 0.14983150
v 0.05288427 -0.82881242 0.15140250
v 0.05277669 -0.81316566 0.15599327
v 0.09662905 -0.80745798 0.15689756
v 0.09352493 -0.78896844 0.16172153
v 0.17631039 -0.66763139 0.07939972
v 0.17031927 -0.65286672 0.07783875
v 0.18795635 -0.69796377 0.06721932
v 0.18896390 -0.69826883 0.08422819
v 0.18468447 -0.69028115 0.08299965
v 0.18417788 -0.69028765 0.06520717
v 0.08954585 -0.89720988 0.06175322
v 0.08447101 -0.90200573 0.08036754
v 0.09584311 -0.89853084 0.07876837
v 0.04795146 -0.88075215 0.12185021
v 0.04788540 -0.87378776 0.12757939
v 0.06183104 -0.87932295 0.12271251
v 0.05797476 -0.88513601 0.11755332
v 0.03732117 -0.70042837 0.16181847
v 0.01548618 -0.69956106 0.15716806
v 0.01670736 -0.67804724 0.15589122
v 0.04074280 -0.67720640 0.16045953
v 0.20182061 -0.71897501 0.10513005
v 0.19167385 -0.71312827 0.10811235
v 0.19379354 -0.70779055 0.09829382
v 0.20255138 -0.71345222 0.09652930
v 0.18198320 -0.69326979 0.09787010
v 0.18721370 -0.70130271 0.09834626
v 0.18391055 -0.70638508 0.10970700
v 0.17739457 -0.69859296 0.11064582
v 0.15633342 -0.66501343 0.11402924
v 0.16493595 -0.65835005 0.09714143
v 0.17274264 -0.67204195 0.09713566
v 0.16569780 -0.67824179 0.11301957
v 0.01674727 -0.60198152 0.14352651
v 0.03789437 -0.59860313 0.14775492
v 0.03869194 -0.62556338 0.15283167
v 0.01664547 -0.62858903 0.14888053
v 0.23783626 -0.74743336 0.03833319
v 0.23689541 -0.75549096 0.02361723
v 0.25289124 -0.75683111 0.02810103
v 0.25660589 -0.74907547 0.04347613
v 0.25967005 -0.78558820 0.12266017
v 0.24870151 -0.77910388 0.12196355
v 0.25077942 -0.77188575 0.12043604
v 0.26134253 -0.77890182 0.12199008
v 0.28036654 -0.74219483 0.06159616
v 0.27535433 -0.74889374 0.04741468
v 0.29659218 -0.74790967 0.05050029
v 0.30105129 -0.74101853 0.06508937
v 0.13450862 -0.88654184 0.08091573
v 0.13506250 -0.88906091 0.05118184
v 0.12287571 -0.89087462 0.07978222
v 0.28358838 -0.73651260 0.08742268
v 0.28203124 -0.74010849 0.09908424
v 0.26466745 -0.73800051 0.09407674
v 0.26556906 -0.73611850 0.08258115
v 0.32986867 -0.81622505 0.03107850
v 0.35444579 -0.81421220 0.03239979
v 0.32481915 -0.73845446 0.08143748
v 0.32567716 -0.74090976 0.09484662
v 0.30429029 -0.73792714 0.09171374
v 0.30410001 -0.73712933 0.07898421
v 0.13170590 -0.61405873 0.12150908
v 0.14649485 -0.60691106 0.10097078
v 0.12702833 -0.49508065 0.10429434
v 0.14420684 -0.49341762 0.08665083
v 0.13833016 -0.51275975 0.08688705
v 0.12173109 -0.51528156 0.10468584
v 0.16082275 -0.47136313 0.06324321
v 0.13145030 -0.47486824 0.10382728
v 0.14854264 -0.47401440 0.08609249
v 0.06494056 -0.90922982 0.07517874
v 0.05137206 -0.90961993 0.09010039
v 0.06182362 -0.90370828 0.09424038
v 0.07383182 -0.90470415 0.08236207
v 0.17619006 -0.35466033 0.06396168
v 0.17544657 -0.32542273 0.06908555
v 0.18314801 -0.32234064 0.03836605
v 0.18156303 -0.35044599 0.03312577
v 0.03246782 -0.89385450 0.11137021
v 0.04802188 -0.90106857 0.10197711
v 0.03707364 -0.90565145 0.09963495
v 0.02383033 -0.90148354 0.10646476
v 0.17764518 -0.37595162 0.03204994
v 0.17343210 -0.38194320 0.06149603
v 0.07858095 -0.90080261 0.06139117
v 0.06827382 -0.90443432 0.05473610
v 0.07467838 -0.89423323 0.04319672
v 0.06593194 -0.89672983 0.03702635
v 0.05895965 -0.88969928 0.01969302
v 0.18492801 -0.31329677 0.00799490
v 0.18105257 -0.34104699 0.00517014
v 0.05050724 -0.91718519 0.07919934
v 0.03778008 -0.91587251 0.08999091
v 0.02206978 -0.91220403 0.09854056
v 0.00575800 -0.91212726 0.10166819
v 0.16173854 -0.45235622 0.06169198
v 0.16605540 -0.44801664 0.03421475
v 0.12180753 -0.21883422 0.14013013
v 0.09502985 -0.21533126 0.14838313
v 0.09261465 -0.20087135 0.13858940
v 0.12390672 -0.20135683 0.13025422
v 0.02915071 -0.22753173 0.14910515
v 0.02602395 -0.21457458 0.13359484
v 0.05915206 -0.20552635 0.13902043
v 0.06340440 -0.21836787 0.15157081
v 0.06246509 -0.34875652 0.17240259
v 0.06250137 -0.37153864 0.16421443
v 0.03327265 -0.37013006 0.16537078
v 0.03293682 -0.34734780 0.17301993
v 0.13435651 -0.45519876 0.10340538
v 0.15072624 -0.45477265 0.08507630
v 0.16274585 -0.44116211 0.00627733
v 0.18863067 -0.17766535 0.04098650
v 0.18473297 -0.14061224 0.04324585
v 0.18333676 -0.13026166 0.00480796
v 0.18561023 -0.16736048 0.00034969
v 0.14970008 -0.15035003 0.10335131
v 0.15269071 -0.18151402 0.10585272
v 0.12145036 -0.17887175 0.12312585
v 0.11865709 -0.15228504 0.11911314
v 0.08622148 -0.42483935 -0.09685075
v 0.10350660 -0.40797260 -0.07651489
v 0.08396243 -0.40135553 -0.09217194
v 0.02373526 -0.41255584 -0.12231527
v 0.04642805 -0.41576394 -0.11928511
v 0.04244245 -0.39203352 -0.11213657
v 0.02121773 -0.38910899 -0.11528289
v 0.02729370 -0.26996630 -0.09325258
v 0.01324978 -0.26857305 -0.09547976
v 0.01512906 -0.29435250 -0.09500099
v 0.03179874 -0.29718798 -0.09269269
v 0.17295840 -0.33018717 -0.02134500
v 0.15531693 -0.31942347 -0.04287565
v 0.15023720 -0.34357595 -0.04131533
v 0.16685879 -0.35446030 -0.02093267
v 0.02386814 -0.20345253 0.11508705
v 0.05384843 -0.19296068 0.12530828
v 0.16901428 -0.12109715 -0.03085594
v 0.16936243 -0.15802413 -0.03616997
v 0.14247143 -0.11482066 -0.05614059
v 0.10943476 -0.11538893 -0.06608395
v 0.11107681 -0.14712560 -0.07031451
v 0.14337876 -0.14995188 -0.06045329
v 0.03101520 -0.19001466 -0.06700262
v 0.01542308 -0.17692947 -0.04023482
v 0.01345153 -0.17934352 -0.04991651
v 0.02562872 -0.20004761 -0.07825373
v 0.03116106 -0.24140528 0.16045748
v 0.06382083 -0.23468283 0.16255213
v 0.06292021 -0.25363338 0.17073293
v 0.03129398 -0.25792041 0.16875826
v 0.11123740 -0.47463834 0.11630952
v 0.11448550 -0.45414779 0.11676151
v 0.09003501 -0.47405252 0.12412018
v 0.10765542 -0.49623698 0.11629234
v 0.08654496 -0.49646148 0.12348206
v 0.08986898 -0.63520122 0.14727060
v 0.11235953 -0.62371278 0.13680968
v 0.12046930 -0.64217144 0.13736629
v 0.09855216 -0.65563887 0.14949161
v 0.05177871 -0.77959609 0.16245142
v 0.05256353 -0.79675329 0.15968283
v 0.08273190 -0.15896410 0.12406167
v 0.04305743 -0.17311341 0.11341421
v 0.05151020 -0.13267773 0.11389206
v 0.08582383 -0.12697840 0.12189880
v 0.16792887 -0.11342639 0.07877701
v 0.17320989 -0.14798337 0.07782212
v 0.14650580 -0.11803037 0.10289725
v 0.17992023 -0.10480475 0.04551283
v 0.18009456 -0.09440559 0.00802712
v 0.13970721 -0.08070034 -0.05188451
v 0.10642674 -0.08268791 -0.06072227
v 0.02585749 -0.12619400 -0.02567275
v 0.04788937 -0.12245774 -0.04472063
v 0.04616264 -0.09585023 -0.03643845
v 0.02541333 -0.10236251 -0.01488489
v 0.06779057 -0.26763630 -0.08358441
v 0.10240204 -0.29073241 -0.07166462
v 0.10599173 -0.26256111 -0.07274801
v 0.07689070 -0.23951858 -0.08026155
v 0.02947709 -0.43874702 -0.12635627
v 0.04854725 -0.44265640 -0.12301112
v 0.06648777 -0.41981286 -0.11098088
v 0.06762774 -0.44669488 -0.11395716
v 0.08701513 -0.45071641 -0.09853627
v 0.04774584 -0.54827476 -0.11787347
v 0.07100439 -0.54869592 -0.10717161
v 0.06893904 -0.52442646 -0.11030578
v 0.04630724 -0.52326918 -0.12114859
v 0.04934779 -0.57316351 -0.11327863
v 0.07304467 -0.57322294 -0.10342657
v 0.04934458 -0.62151694 -0.09941000
v 0.07205533 -0.63808966 -0.09012470
v 0.07318280 -0.61810243 -0.09268594
v 0.03127745 -0.78684676 -0.05559679
v 0.03052538 -0.77139199 -0.06351447
v 0.17773388 -0.30308366 -0.01998764
v 0.01520394 -0.16245759 0.08513102
v 0.00471330 -0.14999002 0.05442535
v 0.00930730 -0.12378228 0.06505994
v 0.02395390 -0.13073796 0.09291735
v 0.17540248 -0.36573508 0.00423898
v 0.15555009 -0.45269373 -0.01928341
v 0.15280931 -0.43261397 -0.01893959
v 0.15320075 -0.60135388 -0.00812860
v 0.15433483 -0.62609529 -0.01065479
v 0.08108046 -0.70108140 -0.09234416
v 0.08220971 -0.68854934 -0.09332432
v 0.17749441 -0.18383837 0.07781458
v 0.12905447 -0.01952916 -0.03969853
v 0.09619634 -0.02098572 -0.04610736
v 0.10172642 -0.05100417 -0.05385526
v 0.13495615 -0.04888821 -0.04618020
v 0.01531978 -0.08051735 0.02046761
v 0.02639942 -0.07500124 -0.00358128
v 0.02928082 -0.04584253 0.00705443
v 0.02084804 -0.05104750 0.03152033
v 0.02566075 -0.02092487 0.03969909
v 0.03105293 -0.01461118 0.01472635
v 0.03164228 0.01540059 0.02414897
v 0.02835431 0.00866938 0.04788315
v 0.16572282 -0.08453387 -0.02676470
v 0.16975680 -0.02925527 0.01144629
v 0.15607841 -0.02183545 -0.01869397
v 0.16152550 -0.05191636 -0.02302196
v 0.17525241 -0.06010604 0.00969557
v 0.11866777 -0.12148482 0.11762458
v 0.01183979 -0.10779005 0.00880527
v 0.01084085 -0.13024223 -0.00296679
v 0.02612946 -0.05933881 0.08059117
v 0.04144266 -0.06221026 0.10278781
v 0.03243883 -0.09537160 0.09881769
v 0.01700621 -0.09163976 0.07355288
v 0.14479244 -0.05620134 0.10085835
v 0.16128725 -0.04973489 0.07645307
v 0.16460699 -0.08049011 0.07725013
v 0.14563170 -0.08639562 0.10199303
v 0.16970234 -0.03989321 0.04462740
v 0.17522077 -0.07111567 0.04464461
v 0.15815486 0.02958447 0.01546181
v 0.14201148 0.03588545 -0.01041720
v 0.14947483 0.00743753 -0.01460281
v 0.16406028 0.00038844 0.01342906
v 0.15989703 0.01903260 0.04669289
v 0.16461851 -0.01031691 0.04550680
v 0.15870537 -0.02052128 0.07609008
v 0.15605801 0.00887692 0.07522382
v 0.14172255 0.00134635 0.09645183
v 0.14365108 -0.02747470 0.09897393
v 0.12192830 -0.03144461 0.11483377
v 0.12231135 -0.00329709 0.11179873
v 0.09728385 -0.03362119 0.12085818
v 0.07188448 -0.03402233 0.11653873
v 0.07756130 -0.00577599 0.11487910
v 0.10038585 -0.00545818 0.11791542
v 0.04015173 -0.00067490 0.09032203
v 0.05617275 -0.00395340 0.10608163
v 0.04943227 -0.03225547 0.10477656
v 0.03401365 -0.02914321 0.08555750
v 0.06324513 0.11089319 0.10643256
v 0.08038752 0.10738432 0.11074936
v 0.07397644 0.07881236 0.10918143
v 0.05551344 0.08201551 0.10392728
v 0.09725460 0.10513860 0.11642106
v 0.11513302 0.10512465 0.11579210
v 0.10966001 0.07726026 0.11301848
v 0.09196976 0.07720160 0.11283506
v 0.14081830 0.08487827 0.09082098
v 0.12619933 0.07939517 0.10606250
v 0.13166149 0.10729069 0.10848100
v 0.14496030 0.11268592 0.09290896
v 0.15738653 0.11998993 0.07372354
v 0.15585923 0.09228498 0.07327259
v 0.15401003 0.12820381 0.05067104
v 0.15661310 0.10093904 0.05069160
v 0.14254440 0.10989261 0.02297879
v 0.14271267 0.13612586 0.02338413
v 0.04010869 0.12804234 0.06234384
v 0.04002634 0.12097180 0.08198979
v 0.03312777 0.09289593 0.07478321
v 0.03572940 0.10008723 0.05532559
v 0.06215462 0.11106622 0.01563623
v 0.07819579 0.11475110 -0.00891885
v 0.07797782 0.14124030 0.00221836
v 0.06388409 0.13817942 0.02605285
v 0.15684511 0.04662055 0.04812903
v 0.15211731 0.05716449 0.01827218
v 0.13965337 0.02954447 0.09366101
v 0.15413497 0.03719991 0.07408801
v 0.04526275 0.02675611 0.09504206
v 0.06225616 0.02341336 0.10735758
v 0.03198667 0.04426754 0.03439589
v 0.02934201 0.03722697 0.05656376
v 0.11040942 0.06467861 -0.02314432
v 0.13506025 0.06287605 -0.00727915
v 0.13150242 0.08972484 -0.00546602
v 0.10747901 0.09143424 -0.02072876
v 0.15612851 0.07444465 0.04972234
v 0.15407616 0.06465429 0.07362974
v 0.13904652 0.05727220 0.09142943
v 0.12372511 0.05198658 0.10649730
v 0.10585728 0.04984343 0.11278600
v 0.08755573 0.04962748 0.11188151
v 0.06825820 0.05095261 0.10831100
v 0.05006642 0.05404580 0.09949395
v 0.03086133 0.06508672 0.06594294
v 0.03390875 0.07235867 0.04557478
v 0.10419214 0.11732626 -0.01711800
v 0.13097361 0.11592782 -0.00417174
v 0.13021410 0.14055842 0.00115746
v 0.10256964 0.14164019 -0.00770452
v 0.10279956 0.16306812 0.00472726
v 0.08215536 0.16177398 0.01529741
v 0.10297350 0.13401604 0.12112294
v 0.12097213 0.13413256 0.11930569
v 0.13709715 0.13639766 0.11130661
v 0.15875636 0.14722657 0.07591830
v 0.15321240 0.15603352 0.04885313
v 0.14014196 0.16252387 0.02519059
v 0.12526119 0.16235393 0.00873329
v 0.05572048 0.17830694 0.09110223
v 0.04905819 0.14906555 0.08610171
v 0.04793654 0.15478408 0.06821284
v 0.05530385 0.18308091 0.07286333
v 0.07430127 0.17059410 0.11799064
v 0.09006000 0.16683751 0.12788108
v 0.08617803 0.13642699 0.11617780
v 0.07123514 0.14024639 0.10722739
v 0.10883237 0.16462892 0.13114712
v 0.12760438 0.16443795 0.12731259
v 0.14507054 0.16572982 0.11826007
v 0.15125729 0.14052176 0.09708442
v 0.15839830 0.16947961 0.10151848
v 0.16153167 0.17663670 0.07671198
v 0.15529272 0.18539077 0.04440543
v 0.13721044 0.22275686 0.02723179
v 0.13362682 0.19243562 0.02355867
v 0.15931861 0.21568108 0.04563812
v 0.11246264 0.32452142 0.04163716
v 0.13774739 0.32214552 0.04136677
v 0.13413684 0.35827166 0.04893559
v 0.11202789 0.36084872 0.04900225
v 0.05793814 0.21279013 0.07762322
v 0.05675660 0.20975757 0.09812852
v 0.07445864 0.20291805 0.12847960
v 0.09261067 0.19919044 0.13805102
v 0.17340921 0.23953080 0.08172376
v 0.16858336 0.20732993 0.07707873
v 0.16560282 0.20043945 0.10482752
v 0.17003313 0.23360270 0.11002415
v 0.05644199 0.31487221 0.09114809
v 0.05595374 0.31257665 0.11227001
v 0.05296190 0.27766418 0.10954224
v 0.05354335 0.28002954 0.08654782
v 0.07340799 0.23722285 0.13642888
v 0.07325295 0.27221549 0.14160870
v 0.09228676 0.26861072 0.15117133
v 0.09217389 0.23334479 0.14631766
v 0.16992296 0.31165463 0.08917099
v 0.17398562 0.27449274 0.08588797
v 0.17115521 0.26944667 0.11385827
v 0.16766755 0.30770421 0.11541128
v 0.16338514 0.24708605 0.05074697
v 0.16324945 0.28063995 0.05606262
v 0.14054495 0.28713238 0.03591775
v 0.13889426 0.25365657 0.03027813
v 0.11263788 0.28907800 0.03525614
v 0.11072089 0.25560641 0.03081769
v 0.00230414 -0.18444413 -0.05915483
v 0.00241504 -0.17464465 -0.03314838
v 0.00236797 -0.17773259 -0.01194532
v 0.07200658 0.38923424 0.11241779
v 0.06450943 0.34997529 0.11237378
v 0.06394634 0.35324162 0.09313409
v 0.07175296 0.39318782 0.09565316
v 0.09555087 0.30594468 0.15078045
v 0.07647745 0.30826271 0.14258593
v 0.08275247 0.34639895 0.13867356
v 0.09902442 0.34486586 0.14623068
v 0.15803945 0.39217204 0.09379848
v 0.16429187 0.35103190 0.09167008
v 0.16194738 0.34826899 0.11550209
v 0.15507554 0.38940144 0.11566940
v 0.13136134 0.39761615 0.05720659
v 0.15581128 0.35440111 0.06475579
v 0.15056622 0.39505208 0.07130428
v 0.12734097 0.43675160 0.06200819
v 0.10987005 0.43879253 0.06138561
v 0.11098710 0.39970279 0.05663732
v 0.07789599 0.43118769 0.09697379
v 0.07674109 0.42790419 0.11254765
v 0.09982961 0.42249292 0.14064573
v 0.10057794 0.38421965 0.14248769
v 0.08620936 0.38585049 0.13512404
v 0.08704133 0.42447507 0.13333157
v 0.13407543 0.38654244 0.14006208
v 0.11732323 0.38461745 0.14424898
v 0.11575875 0.42267144 0.14210053
v 0.13117282 0.42479581 0.13737497
v 0.14827695 0.42713326 0.11494333
v 0.14684391 0.38788509 0.13062792
v 0.14117789 0.42600536 0.12811579
v 0.15152508 0.42949921 0.09468152
v 0.14491409 0.43349463 0.07396418
v 0.00415662 -0.18587762 0.05722212
v 0.00184507 -0.17242199 0.02679066
v 0.00319882 -0.16560084 0.04084154
v 0.00926698 -0.18164736 0.07144638
v 0.04552874 -0.06716311 -0.02788321
v 0.04468052 -0.03638119 -0.01799145
v 0.04249831 0.02384025 0.00028737
v 0.04416758 -0.00549996 -0.00946241
v 0.04304300 0.05218804 0.01184173
v 0.04462222 0.07995975 0.02416628
v 0.04644261 0.10729045 0.03619003
v 0.04934466 0.13398242 0.04489397
v 0.05570341 0.16017574 0.05021270
v 0.06298894 0.18799794 0.05303620
v 0.06628196 0.24780381 0.06196379
v 0.05523597 0.24569750 0.08186199
v 0.06744181 0.21635693 0.05811461
v 0.06742532 0.31839126 0.06886553
v 0.06516618 0.28206265 0.06498855
v 0.07295503 0.35740983 0.07369021
v 0.07959432 0.39734328 0.07909033
v 0.08531024 0.43497515 0.08154766
v 0.08040062 -0.17244601 -0.06995060
v 0.05243051 -0.16700417 -0.05911343
v 0.05433965 -0.18346351 -0.06588273
v 0.08136967 -0.19501740 -0.07311857
v 0.00786997 -0.17609960 -0.01966074
v 0.00348902 -0.17993665 -0.00172233
v 0.00424614 -0.17992401 -0.00783622
v 0.00799580 -0.17633539 -0.02686421
v 0.14646824 0.08306611 0.02102990
v 0.12277652 0.02459782 0.10842259
v 0.10327251 0.02227885 0.11455470
v 0.08267698 0.02184337 0.11294086
v 0.00225491 -0.18618780 0.00763218
v 0.05955821 0.05909228 -0.01048171
v 0.08233130 0.06313610 -0.02408396
v 0.07969873 0.08936590 -0.01682110
v 0.05780137 0.08652020 0.00027796
v 0.10761048 0.22746754 0.02763348
v 0.08697233 0.25227237 0.04552403
v 0.08516540 0.22232002 0.04031303
v 0.10670647 0.20239860 0.02136492
v 0.13483885 0.19543594 0.13628697
v 0.15287536 0.19652563 0.12497932
v 0.13829306 0.22863311 0.14475413
v 0.11370465 0.19632822 0.14043425
v 0.11546832 0.23015374 0.14936687
v 0.06431513 0.00333309 -0.02887446
v 0.09093083 0.00785738 -0.03787088
v 0.08674178 0.03577453 -0.02990865
v 0.06122510 0.03124857 -0.01936288
v 0.13338724 -0.53124750 0.08849139
v 0.11726170 -0.53474659 0.10609571
v 0.14002246 -0.65983385 -0.04538314
v 0.14581867 -0.64510697 -0.03164364
v 0.13355495 -0.63810992 -0.04598977
v 0.12960784 -0.65294808 -0.05535221
v 0.14839183 -0.66992193 -0.03587741
v 0.15429650 -0.65621531 -0.02051349
v 0.15463053 -0.68214500 -0.02653412
v -0.00622429 -0.86218208 0.12671567
v -0.00637852 -0.87472117 0.12209310
v 0.16016665 -0.66946006 -0.01101194
v 0.18026453 -0.72631603 0.01536663
v 0.18757914 -0.73096502 0.02031601
v 0.05003351 -0.59756815 -0.10719080
v 0.02417225 -0.59603655 -0.11145500
v 0.02396269 -0.61930895 -0.10395578
v 0.06338227 -0.39593646 -0.10463651
v 0.04416050 -0.26907715 -0.08962594
v 0.05123713 -0.30020323 -0.08821831
v 0.07430401 -0.30596691 -0.08110084
v 0.00986942 -0.19633657 -0.07467586
v 0.06188155 -0.62053114 0.15073307
v 0.06004515 -0.59379840 0.14630727
v 0.03231737 -0.80681235 0.15205759
v 0.01264193 -0.80229580 0.14731614
v 0.03165668 -0.83586347 0.14401312
v 0.03084096 -0.84861320 0.13936025
v 0.01196220 -0.84343815 0.13638651
v -0.00217309 -0.54578972 -0.12380647
v -0.00187261 -0.52178210 -0.12685290
v 0.01237754 -0.83067793 0.14045092
v 0.01441988 -0.89358389 0.11316608
v -0.00305869 -0.61608833 -0.10391414
v -0.00277157 -0.59336847 -0.11148899
v 0.00918045 -0.90259153 0.10764909
v 0.00275752 -0.17831546 0.00432737
v 0.00119234 -0.18678033 0.02832600
v 0.00151180 -0.18622166 0.01762778
v 0.02765406 -0.14648885 -0.03527782
v 0.01198708 -0.14762414 -0.01395750
v 0.01387658 -0.16023564 -0.02311418
v 0.02995614 -0.16205472 -0.04339964
v 0.18613435 -0.20407653 -0.00496257
v 0.19062413 -0.21528846 0.03553176
v 0.08784749 -0.18268907 0.13006791
v 0.37194225 -0.74525613 0.09704367
v 0.37218803 -0.75498790 0.10736711
v 0.34824327 -0.75186819 0.10745706
v 0.34820098 -0.74310869 0.09644811
v 0.06166008 -0.70183003 0.16366476
v 0.07222948 -0.67448616 0.15849696
v 0.08408783 -0.88714617 0.04158534
v 0.16041000 -0.88517207 0.04600695
v 0.15851437 -0.87581706 0.01898457
v 0.14723681 -0.87727338 0.02260283
v 0.14766534 -0.88754189 0.04911746
v 0.00214047 -0.19481516 0.02561666
v 0.15640572 -0.83309114 0.12665926
v 0.15718846 -0.85014850 0.11462611
v 0.14370821 -0.85094154 0.12157798
v 0.14173797 -0.83234918 0.13369590
v 0.03191404 -0.32326332 0.17748334
v 0.06159068 -0.32446274 0.17792386
v 0.03957476 -0.52180558 0.13039058
v 0.06143901 -0.52000284 0.12981032
v 0.05922031 -0.54333681 0.13506040
v 0.00200354 -0.20394939 0.08191784
v 0.00190839 -0.21121931 0.09390037
v 0.03788213 -0.54632211 0.13589180
v 0.09664568 -0.68821299 0.15704665
v 0.11409421 -0.67178631 0.14688736
v 0.02951399 -0.72168559 -0.08500838
v 0.04732184 -0.72657162 -0.08624761
v 0.04802947 -0.70796144 -0.09238166
v 0.03079544 -0.70126766 -0.09100479
v 0.31259924 -0.77938604 0.12127483
v 0.29277036 -0.76709050 0.11966823
v 0.29887372 -0.75408560 0.11339733
v 0.32090852 -0.76000834 0.11586323
v 0.17898026 -0.22478801 0.07890798
v 0.15340796 -0.20955813 0.11222628
v 0.14948964 -0.56530052 0.07296516
v 0.13625202 -0.56954658 0.09702084
v 0.13304523 -0.54983324 0.09270629
v 0.14687055 -0.54583281 0.06960499
v 0.16106647 -0.62016171 0.07744857
v 0.15684295 -0.60267830 0.07643965
v 0.16557832 -0.63656551 0.07751629
v 0.21612684 -0.72238249 0.08531260
v 0.22617322 -0.72850144 0.08647671
v 0.21633118 -0.72705948 0.09461781
v 0.04996826 -0.14660865 -0.05279415
v 0.05211610 -0.21313566 -0.08072838
v 0.04518743 -0.22937405 -0.08730062
v 0.00280585 -0.18664688 0.01056691
v 0.05854726 -0.90268618 0.03034281
v 0.05242508 -0.89729750 0.01332299
v 0.26443166 -0.73835874 0.07028472
v 0.28336394 -0.73770970 0.07498732
v 0.19710235 -0.71191192 0.05480428
v 0.20152649 -0.70905262 0.07132462
v 0.19323765 -0.70333415 0.06937315
v 0.18897444 -0.70684701 0.05139153
v 0.20308271 -0.71001589 0.08528240
v 0.19465552 -0.70420974 0.08529715
v 0.13767669 -0.79614383 -0.03370126
v 0.13984826 -0.81336480 -0.02288789
v 0.15213208 -0.80902833 -0.02218896
v 0.15037405 -0.79152292 -0.03195603
v 0.12391785 -0.79766315 -0.03647083
v 0.10813956 -0.79778463 -0.04016327
v 0.11063143 -0.81598628 -0.02778287
v 0.12632173 -0.81557298 -0.02464741
v 0.06674139 -0.85737383 -0.00520447
v 0.08352920 -0.86693114 0.01289499
v 0.04604533 -0.84918910 -0.01668005
v 0.02706542 -0.84380448 -0.02397193
v 0.01533870 -0.88147354 0.12038109
v 0.01241545 -0.86754364 0.12698323
v 0.03282112 -0.87255490 0.12727934
v 0.03559484 -0.88351148 0.11967379
v 0.04647110 -0.88625330 0.00446384
v 0.03511054 -0.87746370 -0.00554613
v 0.02293325 -0.86210668 -0.01448177
v 0.32954282 -0.82759094 0.04627900
v 0.35324061 -0.82512420 0.04642051
v 0.05868246 -0.91500157 0.06448006
v 0.06056928 -0.90917253 0.04758843
v 0.32965362 -0.83415389 0.06396445
v 0.35393885 -0.83093047 0.06386179
v 0.13505585 -0.87629676 0.02525782
v 0.14549471 -0.85700285 0.00337501
v 0.13276559 -0.85530829 0.00533754
v 0.04147112 -0.89431810 -0.00057211
v 0.03196313 -0.88672262 -0.00854327
v 0.18976471 -0.25145403 0.02486230
v 0.18426193 -0.23978814 -0.01074788
v 0.15200558 -0.51567781 -0.01338595
v 0.15703066 -0.52010071 0.01312357
v 0.02310932 -0.54711127 -0.12308104
v 0.02211828 -0.52175748 -0.12645352
v 0.00576153 -0.88728780 -0.02089480
v 0.04647124 -0.47025281 -0.12354533
v 0.02263250 -0.46561974 -0.12748140
v 0.02197376 -0.49491155 -0.12777466
v 0.04550724 -0.49730331 -0.12268189
v 0.01279482 -0.42340192 -0.12376822
v 0.01421469 -0.43761635 -0.12473283
v 0.01177115 -0.24666265 -0.09600990
v 0.02274210 -0.24712789 -0.09443042
v 0.25236118 -0.80990744 0.01031530
v 0.24853691 -0.83003944 0.01761323
v 0.26604229 -0.82640719 0.02263203
v 0.26894978 -0.80741596 0.01425524
v 0.06706667 -0.47384959 -0.11336348
v 0.08725621 -0.47668472 -0.09719215
v 0.17494689 -0.71944153 0.01249398
v 0.17474453 -0.72960860 -0.00493886
v 0.02256017 -0.64349926 -0.09583656
v 0.06500105 -0.71319866 -0.09136243
v 0.06506708 -0.72964865 -0.08516012
v 0.08177298 -0.73145127 -0.08200289
v 0.08098117 -0.71630847 -0.08835167
v 0.00272411 -0.18990010 0.02118624
v 0.24122067 -0.80940688 0.12084202
v 0.25337163 -0.81456673 0.11856206
v 0.24991620 -0.82408029 0.11432891
v 0.23797351 -0.82049930 0.11698921
v 0.00382189 -0.15336198 0.01160374
v 0.00449056 -0.13808101 0.02400872
v 0.01857946 -0.19563735 0.09497873
v 0.00598699 -0.19725114 0.07776644
v 0.07354930 -0.08836168 -0.05385396
v 0.07659592 -0.11890119 -0.06077425
v 0.07054932 -0.05732244 -0.04572802
v 0.06762306 -0.02669543 -0.03747756
v 0.06953245 0.16263324 0.03312042
v 0.08093421 0.19184113 0.03288797
v 0.08827312 0.28611720 0.05002804
v 0.00185794 -0.21472979 0.11039761
v 0.08978838 0.32193327 0.05497256
v 0.09185610 0.35998172 0.06070427
v 0.09398098 0.39983380 0.06625215
v 0.09605315 0.43819559 0.06910491
v 0.35616753 -0.82918811 0.08168596
v 0.33068964 -0.83370268 0.08334962
v 0.33393949 -0.82338041 0.09965159
v 0.35980818 -0.82115078 0.09725715
v 0.32228512 -0.74130964 0.06757478
v 0.31876257 -0.74803358 0.05294776
v 0.34097761 -0.74645609 0.05450486
v 0.34362423 -0.74104369 0.06912452
v 0.36674038 -0.73953503 0.07045440
v 0.36970806 -0.73953760 0.08441500
v 0.34620902 -0.73953283 0.08330348
v 0.37053335 -0.76830858 0.11450683
v 0.36805755 -0.78257161 0.11730518
v 0.34223345 -0.78150308 0.11913027
v 0.34603819 -0.76431149 0.11531562
v 0.36260703 -0.80962890 0.10900813
v 0.33778456 -0.81013763 0.11122485
v 0.34018448 -0.79609227 0.11760719
v 0.36538881 -0.79590273 0.11566184
v 0.36020407 -0.76328957 0.02947788
v 0.36205000 -0.75194854 0.04147700
v 0.33823729 -0.75458658 0.04016566
v 0.33582684 -0.76582545 0.02757346
v 0.24619034 -0.84896588 0.03318827
v 0.26405683 -0.84256613 0.03705651
v 0.20187095 -0.75307208 0.01139837
v 0.20495887 -0.76795346 -0.00293399
v 0.22016095 -0.76834220 0.00382503
v 0.21360694 -0.75304168 0.01865888
v 0.30595759 -0.81826377 0.02916824
v 0.28473738 -0.82208055 0.02622164
v 0.28371888 -0.83557940 0.04129082
v 0.30584627 -0.83024997 0.04444749
v 0.31200659 -0.76774889 0.02584468
v 0.00204143 -0.20134395 0.06863392
v 0.31503707 -0.75672752 0.03854787
v 0.29232067 -0.75736886 0.03570835
v 0.28988668 -0.76893002 0.02309963
v 0.32471326 -0.74850184 0.10659722
v 0.30244175 -0.74407005 0.10343526
v 0.25445893 -0.78910482 0.00857546
v 0.27101043 -0.78699493 0.01284191
v 0.16847557 -0.72006607 -0.00700101
v 0.18030170 -0.69401473 0.04600129
v 0.18390073 -0.70136636 0.04854465
v 0.12924388 -0.66803825 -0.06290723
v 0.13119654 -0.68288559 -0.06581274
v 0.16659442 -0.65936381 0.00924860
v 0.16967489 -0.67545772 0.01713628
v 0.13742079 -0.67314196 -0.05487583
v 0.13641961 -0.68319970 -0.05934549
v 0.09374326 -0.59548789 -0.08576023
v 0.02468607 -0.85310447 -0.01809000
v 0.28692350 -0.80438387 0.01691785
v 0.28815317 -0.78497273 0.01607738
v 0.26004437 -0.75300133 0.11159725
v 0.26241344 -0.74434137 0.10383394
v 0.27932915 -0.74886137 0.10912514
v 0.00173066 -0.22447014 0.12467243
v 0.00156902 -0.23701078 0.13965674
v 0.27576652 -0.75948244 0.11625117
v 0.13442051 -0.70904791 0.14803711
v 0.11630505 -0.69921148 0.15324493
v 0.12991197 -0.68535018 0.14227369
v 0.14565416 -0.69651031 0.13812232
v 0.24919036 -0.84011364 0.10174610
v 0.25269681 -0.84645641 0.09138308
v 0.23657030 -0.84979188 0.09163387
v 0.23554982 -0.84100461 0.10316353
v 0.25734922 -0.85129827 0.07626247
v 0.26189029 -0.85141307 0.05712436
v 0.24324808 -0.85866904 0.05498036
v 0.23906597 -0.85700965 0.07573027
v 0.17435285 -0.29673341 0.07651458
v 0.18392681 -0.29194093 0.04657885
v 0.13857996 -0.42342222 -0.04027743
v 0.12163045 -0.41522679 -0.05906954
v 0.10149395 -0.31844604 -0.07064129
v 0.03140300 -0.18254739 -0.05858933
v 0.01466643 -0.17378658 -0.03446314
v 0.00690463 -0.11518323 0.03593284
v 0.18818389 -0.28477588 0.01542809
v 0.01266959 -0.08616495 0.04640087
v 0.02002201 -0.05559999 0.05585942
v 0.06578534 -0.06349081 0.11747657
v 0.09371985 -0.06259972 0.12261042
v 0.08983152 -0.09350425 0.12263115
v 0.05880064 -0.09602165 0.11638120
v 0.12119656 -0.06013209 0.11683198
v 0.11996830 -0.09012240 0.11753687
v 0.11578292 0.03691953 -0.02654504
v 0.11576262 0.26620924 0.15398394
v 0.13783185 0.30451131 0.14782664
v 0.13889170 0.26491624 0.14912553
v 0.11690468 0.30467689 0.15274414
v 0.15829165 0.26603532 0.13519090
v 0.15703648 0.22979885 0.13152675
v 0.16004284 0.31643248 0.05972109
v 0.11791255 0.34443629 0.14822219
v 0.13642715 0.34550226 0.14344774
v 0.15222088 0.34644759 0.13241072
v 0.15615381 0.30519640 0.13467196
v 0.00453305 -0.16318095 0.00033477
v 0.16836192 -0.19338387 -0.04041810
v 0.16548051 -0.22631824 -0.04369732
v 0.10914163 -0.23374087 -0.07328416
v 0.08051194 -0.21644080 -0.07672971
v 0.10738404 -0.50293112 -0.07666690
v 0.12584472 -0.50595891 -0.05810066
v 0.12625708 -0.55190307 -0.05441650
v 0.14084405 -0.55475730 -0.03353650
v 0.14095752 -0.53244627 -0.03537418
v 0.12618576 -0.52848256 -0.05628668
v 0.15696716 -0.55965000 0.01730479
v 0.15635404 -0.56212950 0.04587865
v 0.15470733 -0.54258400 0.04301506
v 0.15599437 -0.53960031 0.01519378
v 0.15558232 -0.52404916 0.04039530
v 0.14744917 -0.52748752 0.06614623
v 0.07986027 -0.56355417 0.13466972
v 0.09914500 -0.55917430 0.12430055
v 0.10122840 -0.58169788 0.12976931
v 0.08138788 -0.58800828 0.13979323
v 0.03398049 -0.24176583 -0.09158862
v 0.00653683 -0.17371309 -0.01455592
v 0.07897349 -0.14728558 -0.06625454
v 0.11139742 -0.17743134 -0.07304296
v 0.14264753 -0.18348444 -0.06353971
v 0.26125255 -0.74286473 0.05723853
v 0.17611089 -0.72192407 0.12554625
v 0.17259747 -0.73257488 0.13061611
v 0.27735266 -0.84524685 0.07935429
v 0.28204629 -0.84454364 0.06067365
v 0.27087435 -0.76915121 0.01881657
v 0.23322561 -0.83452725 0.01269174
v 0.23683232 -0.81218797 0.00482449
v 0.22147307 -0.81580967 -0.00149040
v 0.13099658 -0.30642509 -0.05876978
v 0.16003846 -0.29153928 -0.04461513
v 0.13464063 -0.27855411 -0.06179169
v 0.00294976 -0.19620782 0.06186188
v 0.05473953 -0.19830990 -0.07302476
v 0.02599137 -0.02540845 0.06328145
v 0.03034804 0.00359625 0.07035153
v 0.03367377 0.03140312 0.07742105
v 0.03675859 0.05899978 0.08462750
v 0.04081678 0.08683968 0.09196392
v 0.04852297 0.11483765 0.09742609
v 0.05802992 0.14397389 0.09906341
v 0.06234686 0.17417359 0.10594584
v 0.05426632 0.24307716 0.10439309
v 0.06048181 0.24029082 0.12212513
v 0.06208212 0.20625609 0.11492045
v 0.05991402 0.27533579 0.12738019
v 0.06330253 0.31051862 0.12905368
v 0.07121434 0.34802675 0.12700337
v 0.08017901 0.42578751 0.12407082
v 0.07736842 0.38701963 0.12501015
v 0.00206871 -0.19379938 0.03420033
v 0.00225463 -0.19516194 0.04739089
v 0.11792192 -0.85293758 0.00676113
v 0.18348952 -0.71541327 0.03345517
v 0.19099750 -0.71927875 0.03781449
v 0.25380197 -0.76950681 0.01420336
v 0.31394809 -0.80939466 0.11321974
v 0.30974257 -0.82506055 0.10346361
v 0.27097780 -0.75717866 0.03207926
v 0.21155491 -0.74146700 0.03279863
v 0.20078264 -0.73881561 0.02601558
v 0.56403548 -0.81980956 0.06541863
v 0.56090337 -0.82388484 0.07969427
v 0.58253825 -0.82045847 0.07793809
v 0.58493817 -0.81538790 0.06490575
v 0.56618172 -0.80956674 0.05474476
v 0.58647937 -0.80512673 0.05570377
v 0.56714261 -0.74443096 0.07396565
v 0.56680959 -0.75395381 0.06123495
v 0.58753961 -0.75463307 0.06578434
v 0.58772099 -0.74649316 0.07863332
v 0.60722983 -0.78916723 0.05223220
v 0.60726994 -0.77658862 0.05388592
v 0.58732831 -0.77856261 0.05107703
v 0.58735019 -0.79230100 0.05069957
v 0.56299531 -0.74635071 0.10633282
v 0.55926317 -0.75644863 0.11784106
v 0.53877962 -0.75189841 0.11535893
v 0.54290158 -0.74220049 0.10215648
v 0.48231551 -0.75048685 0.05104655
v 0.48385602 -0.73941302 0.06248782
v 0.46683806 -0.74152029 0.05567875
v 0.46482709 -0.75362414 0.04564932
v 0.52128547 -0.82730764 0.06558736
v 0.51682234 -0.82827234 0.08170544
v 0.53882664 -0.82647914 0.08105408
v 0.54267526 -0.82361919 0.06563785
v 0.52511650 -0.78759241 0.04171004
v 0.52415735 -0.77082270 0.04525460
v 0.50204694 -0.77470237 0.04260720
v 0.50278252 -0.79161847 0.03943387
v 0.49910524 -0.83094400 0.06613217
v 0.49507493 -0.82835793 0.08187862
v 0.56702906 -0.78111905 0.04750964
v 0.56659794 -0.76652813 0.05240629
v 0.54565674 -0.76811659 0.04825334
v 0.54655921 -0.78397417 0.04411343
v 0.60355997 -0.75516349 0.10960598
v 0.60082656 -0.76505220 0.11829502
v 0.58006674 -0.76093304 0.11861269
v 0.58334196 -0.75085169 0.10866595
v 0.60732669 -0.76537937 0.06015337
v 0.60763842 -0.75577444 0.06972821
v 0.58716738 -0.76579463 0.05663683
v 0.60001200 -0.81266642 0.10279126
v 0.60178053 -0.81740707 0.08983339
v 0.57967055 -0.81972402 0.09264226
v 0.57733124 -0.81323147 0.10644470
v 0.52455306 -0.74387038 0.06254780
v 0.52408856 -0.75567722 0.05177576
v 0.54570377 -0.75407958 0.05617665
v 0.54600137 -0.74364775 0.06851225
v 0.52410686 -0.81836766 0.05198564
v 0.54541433 -0.81387264 0.05341256
v 0.55470532 -0.81296504 0.10926995
v 0.55740434 -0.82126373 0.09492610
v 0.53524584 -0.82142568 0.09605918
v 0.53231943 -0.81159014 0.11111066
v 0.50967699 -0.79443192 0.12075552
v 0.51096904 -0.77743435 0.12277366
v 0.53222299 -0.78166389 0.12356536
v 0.53129864 -0.79800928 0.12037504
v 0.50320297 -0.74652445 0.05668106
v 0.50381923 -0.73746282 0.07062525
v 0.52265608 -0.73891771 0.09639459
v 0.51846391 -0.74752533 0.11144152
v 0.49860719 -0.74337608 0.10566469
v 0.50253707 -0.73615223 0.08883017
v 0.46001902 -0.81563932 0.04090087
v 0.45887855 -0.82790786 0.05224081
v 0.47835389 -0.82661933 0.05142528
v 0.47978616 -0.81307042 0.04053815
v 0.47628880 -0.83235335 0.06707594
v 0.45569384 -0.83235252 0.06886779
v 0.42444196 -0.82152879 0.08745193
v 0.42480865 -0.80987591 0.09769441
v 0.43571466 -0.81026131 0.09579013
v 0.43717036 -0.82314605 0.08523440
v 0.46890724 -0.78465551 0.12204115
v 0.47053182 -0.76637250 0.11963839
v 0.49036339 -0.77223492 0.12151308
v 0.48869053 -0.79009819 0.12178253
v 0.45960844 -0.74462765 0.10674588
v 0.46545461 -0.73509979 0.09136944
v 0.48053485 -0.73902595 0.09847675
v 0.47493407 -0.75059849 0.11182977
v 0.41027802 -0.73978823 0.08799557
v 0.40934464 -0.73694074 0.07378441
v 0.42496738 -0.73490542 0.07489395
v 0.42546281 -0.73820198 0.09022652
v 0.40502289 -0.74878478 0.04450991
v 0.40356115 -0.76066792 0.03411596
v 0.41925132 -0.75977039 0.03558387
v 0.42078546 -0.74746883 0.04532167
v 0.40024728 -0.82112467 0.04595634
v 0.39881390 -0.82739496 0.06276037
v 0.41225603 -0.82882416 0.06001281
v 0.41415650 -0.82024068 0.04425476
v 0.45274603 -0.77987182 0.12142955
v 0.45188743 -0.75954682 0.11772049
v 0.43603209 -0.74591571 0.04707517
v 0.43407562 -0.75828457 0.03767984
v 0.44873646 -0.75597650 0.04113932
v 0.45104170 -0.74345148 0.05059315
v -0.00545260 -0.79976213 0.14398515
v -0.00562897 -0.81397271 0.14094007
v 0.42897943 -0.78900844 0.03491648
v 0.42908892 -0.80352855 0.03609838
v 0.44244036 -0.80230218 0.03735405
v 0.44438729 -0.78547621 0.03721966
v 0.42712876 -0.81938428 0.04317471
v 0.42528054 -0.82870245 0.05664125
v 0.44072321 -0.82872844 0.05422515
v 0.44206494 -0.81774575 0.04203582
v 0.43420595 -0.78776401 0.11455627
v 0.43650782 -0.77470350 0.11942761
v -0.00044012 -0.40655911 -0.11999714
v -0.00063843 -0.42249328 -0.12152194
v 0.44325623 -0.77795637 0.12078837
v 0.44131425 -0.79104757 0.11503327
v 0.44828725 -0.74109226 0.09996588
v 0.45218590 -0.73353988 0.08446914
v -0.00063008 -0.41295892 0.14556313
v -0.00082962 -0.42926314 0.13494952
v 0.46057972 -0.78284127 0.04029183
v 0.46247727 -0.76788718 0.04152381
v 0.44625536 -0.77075660 0.03797046
v 0.43857357 -0.83132768 0.07079317
v 0.41085348 -0.74767530 0.09956260
v 0.41086042 -0.75697356 0.10916048
v 0.39469582 -0.75686932 0.10801567
v 0.39473906 -0.74746019 0.09831907
v 0.39342541 -0.74060911 0.08644821
v 0.39141798 -0.73892421 0.07236305
v 0.38608938 -0.75028819 0.04284945
v 0.38412407 -0.76180899 0.03168780
v 0.38239571 -0.77761239 0.02544276
v 0.38018674 -0.79539305 0.02605636
v 0.40023729 -0.79429328 0.03026468
v 0.40223128 -0.77654982 0.02897947
v 0.37785682 -0.82815760 0.06348707
v 0.37751138 -0.82307506 0.04635189
v 0.38060990 -0.82534170 0.08025888
v 0.39937940 -0.82489985 0.07805487
v 0.43809736 -0.73631012 0.06110179
v 0.00064775 -0.31860909 -0.09762005
v 0.00097948 -0.29196876 -0.09570571
v 0.42312932 -0.73847711 0.05875021
v 0.55326301 -0.80065906 0.11960775
v 0.55370235 -0.78532970 0.12338197
v 0.57574934 -0.78813374 0.12199738
v 0.57585603 -0.80226040 0.11713319
v 0.59866405 -0.77746314 0.12135177
v 0.57728583 -0.77400357 0.12290153
v 0.56728500 -0.79603654 0.04829537
v 0.54659879 -0.80000061 0.04596945
v 0.60632712 -0.80126131 0.05606757
v 0.46014169 -0.79921323 0.03787997
v 0.47977638 -0.79579395 0.03833818
v 0.42553046 -0.79820138 0.10748895
v 0.41446427 -0.80935568 0.10030559
v 0.41661924 -0.79780382 0.10962754
v 0.46872097 -0.80188727 0.11328925
v 0.47067884 -0.81473029 0.09598352
v 0.44953766 -0.80878216 0.09787982
v 0.45174786 -0.79621619 0.11436331
v 0.43018579 -0.77191448 0.11739992
v 0.42756107 -0.78568810 0.11416449
v 0.41891178 -0.78440630 0.11448430
v 0.42140976 -0.77035820 0.11563933
v 0.41520408 -0.80579978 0.03557595
v 0.40015718 -0.80878717 0.03532635
v 0.40253696 -0.80857950 0.10292503
v 0.40094289 -0.81740069 0.09102488
v 0.38451937 -0.81793338 0.09472252
v 0.38618636 -0.80867082 0.10635881
v 0.41318712 -0.81906658 0.08878478
v 0.40462384 -0.79722524 0.11149739
v 0.38831329 -0.79673135 0.11364171
v 0.37837824 -0.81144404 0.03331685
v 0.40894622 -0.76968801 0.11487222
v 0.40698233 -0.78366452 0.11511501
v 0.39055249 -0.78319001 0.11621195
v 0.39285979 -0.76908326 0.11452083
v 0.55590039 -0.77034432 0.12313996
v 0.53478092 -0.76614225 0.12204164
v 0.46801135 -0.73331690 0.07252857
v 0.48395205 -0.73352450 0.08025598
v 0.45294374 -0.73451298 0.06588861
v 0.56604397 -0.74157685 0.09026291
v 0.58619010 -0.74528021 0.09420004
v 0.52474022 -0.73708582 0.07826899
v 0.54552639 -0.73879856 0.08487130
v 0.51058245 -0.80919099 0.11185029
v 0.43572268 -0.74810338 0.10568152
v 0.43828407 -0.73847157 0.09404156
v 0.44327593 -0.75135928 0.11123024
v 0.38795727 -0.74245399 0.05683652
v 0.40744659 -0.74029875 0.05813884
v 0.44351974 -0.76614106 0.12031700
v 0.36412445 -0.74442369 0.05568790
v 0.45256287 -0.82473010 0.08386672
v 0.42442575 -0.82916546 0.07305802
v 0.41236299 -0.82690239 0.07541518
v 0.60356563 -0.81704372 0.07602235
v 0.52541631 -0.80416429 0.04378633
v 0.47897169 -0.77941215 0.04131844
v 0.48020101 -0.76409894 0.04485835
v 0.43278530 -0.75874186 0.11450408
v 0.42371547 -0.75729793 0.11109665
v 0.42507100 -0.74731344 0.10173754
v 0.41491285 -0.79256403 0.03291018
v 0.41746557 -0.77540112 0.03132255
v 0.60599899 -0.74954933 0.09665187
v 0.43169352 -0.77311730 0.03400619
v 0.47252381 -0.82726824 0.08247884
v 0.01245169 -0.81681943 0.14400716
v 0.16184962 -0.64351618 0.00070106
v 0.12466957 -0.61660153 -0.05445765
v 0.13943030 -0.61999065 -0.03596073
v 0.17437477 -0.70170027 0.02701811
v 0.17837557 -0.70993334 0.03010010
v 0.20426938 -0.72843081 0.04169498
v 0.21597551 -0.73376775 0.04679457
v 0.16387834 -0.68356758 -0.00210468
v 0.01211976 -0.45235679 -0.12479163
v 0.04949816 -0.44890311 0.12977886
v 0.02483161 -0.44750282 0.12900907
v 0.02743939 -0.42953712 0.13580038
v 0.05338800 -0.43044731 0.13494338
v 0.03030114 -0.41175765 0.14628591
v 0.16324839 -0.38149092 0.08958983
v 0.15791188 -0.40296161 0.08664598
v 0.14304164 -0.40102169 0.10994197
v 0.14743198 -0.37867361 0.11481583
v 0.16283746 -0.41915059 0.05982590
v 0.15272102 -0.42108455 0.08447753
v 0.16772670 -0.40208709 0.06001876
v 0.17165588 -0.39660597 0.03185249
v 0.16654658 -0.41460818 0.03240196
v 0.16888319 -0.38699323 0.00503427
v 0.16325581 -0.40642491 0.00567121
v 0.16031177 -0.37620527 -0.01938188
v 0.14523466 -0.36549538 -0.04011631
v 0.12735210 -0.33188909 -0.05707247
v 0.10110168 -0.34471217 -0.07042627
v 0.12424918 -0.35486817 -0.05679096
v 0.05478506 -0.32900798 -0.08940336
v 0.07711580 -0.33554125 -0.08136100
v 0.01674969 -0.32116738 -0.09709723
v 0.03491158 -0.32455310 -0.09440557
v 0.11332083 -0.83425832 -0.01247831
v 0.09998997 -0.89002663 0.10100483
v 0.11070587 -0.89504308 0.07844897
v 0.08532939 -0.89520681 0.09861098
v 0.12246422 -0.83055294 0.14233854
v 0.12540163 -0.85013890 0.13101004
v 0.10340121 -0.84395659 0.14256114
v 0.10061622 -0.82589793 0.15078953
v 0.07333530 -0.88677913 0.11341006
v 0.06542341 -0.88854712 0.11281025
v 0.08452867 -0.88067555 0.11777546
v 0.04945083 -0.86519361 0.13378204
v 0.06843178 -0.87206334 0.12916017
v 0.15993580 -0.88112319 0.07430306
v 0.15809695 -0.86727852 0.09769157
v 0.16893743 -0.86599845 0.09226322
v 0.17244639 -0.88035488 0.06973235
v 0.15463085 -0.81594139 0.13443404
v 0.15217595 -0.79898810 0.13919427
v 0.16552617 -0.80106920 0.13350137
v 0.16677660 -0.81740314 0.12900351
v 0.20122817 -0.87243712 0.05670968
v 0.19800641 -0.86569297 0.07970170
v 0.20957506 -0.86420882 0.07730338
v 0.21339564 -0.86855954 0.05476852
v 0.16704787 -0.83392829 0.12125860
v 0.08471317 -0.70763743 0.16341060
v 0.12460929 -0.72292817 0.15506552
v 0.10581722 -0.71560621 0.16042420
v 0.16872546 -0.74448687 0.13440618
v 0.15644741 -0.73913032 0.14045718
v 0.16123468 -0.72620565 0.13627534
v 0.19246586 -0.75195754 0.12335239
v 0.18065746 -0.74874675 0.12858614
v 0.22336018 -0.79089797 -0.00472508
v 0.20851693 -0.79359639 -0.01152033
v 0.20567569 -0.82168549 -0.00535083
v 0.21024039 -0.74528855 0.11103599
v 0.22237061 -0.75074923 0.11011420
v 0.21961597 -0.75639504 0.11336872
v 0.20643774 -0.75119835 0.11405461
v 0.14683634 -0.88346177 0.07825387
v 0.19708709 -0.85257840 0.09640856
v 0.19648783 -0.83948952 0.10873741
v 0.20871247 -0.84128642 0.10714883
v 0.20930131 -0.85317808 0.09442444
v 0.19850916 -0.82450002 0.11821249
v 0.19907783 -0.80935067 0.12372214
v 0.21200104 -0.81324923 0.12145011
v 0.21094917 -0.82738811 0.11628672
v 0.21862414 -0.76347345 0.11679767
v 0.20251527 -0.75843132 0.11711463
v 0.23079358 -0.85481369 0.03055432
v 0.18244085 -0.87928325 0.03713600
v 0.17902553 -0.86577195 0.01219430
v 0.16903180 -0.87202436 0.01521251
v 0.17237458 -0.88292360 0.04176261
v 0.24423170 -0.73671103 0.06615966
v 0.23980322 -0.74084675 0.05248163
v 0.24662948 -0.73430455 0.07863355
v 0.21601890 -0.73366547 0.10226069
v 0.24779525 -0.73521000 0.08953567
v 0.23711133 -0.76916522 0.00955361
v 0.23845242 -0.78986591 0.00339186
v 0.17651710 -0.84052968 -0.00402473
v 0.16590355 -0.84889168 -0.00170613
v 0.22721125 -0.86410904 0.05416444
v 0.22325630 -0.86108947 0.07613055
v 0.24070133 -0.75841951 0.11423869
v 0.25351971 -0.76621956 0.11882894
v 0.23783615 -0.76355112 0.11696862
v 0.20058434 -0.72559476 0.11148742
v 0.21345611 -0.73984885 0.10707434
v 0.18203044 -0.87849301 0.06500062
v 0.22143725 -0.85238439 0.09270631
v 0.22154382 -0.84100449 0.10591741
v 0.18705450 -0.82169735 0.12098806
v 0.18556146 -0.83716857 0.11182778
v 0.17610395 -0.83551776 0.11608192
v 0.17683616 -0.81936640 0.12464362
v 0.22556365 -0.81744182 0.11989103
v 0.22803652 -0.80349422 0.12263562
v 0.18764822 -0.80592316 0.12620765
v 0.17678878 -0.80320507 0.12937120
v 0.23560201 -0.77064723 0.11962654
v 0.15616003 -0.85482699 0.00105940
v 0.15390821 -0.83054888 -0.01070219
v 0.14241073 -0.83353323 -0.00969966
v 0.17782535 -0.81325877 -0.01503566
v 0.16486749 -0.82335055 -0.01299160
v 0.19342077 -0.80126268 -0.01482619
v 0.12961547 -0.83375996 -0.01032513
v 0.43980855 -0.76235497 0.11843915
v 0.26530838 -0.77410758 0.12130938
v 0.25721908 -0.76096570 0.11643474
v 0.27048087 -0.76796311 0.11977902
v 0.31547621 -0.79543370 0.11850704
v 0.43362808 -0.79914719 0.10603239
v 0.44058821 -0.79944813 0.10622193
v 0.48927909 -0.80594790 0.11240093
v 0.51276433 -0.82085997 0.09688535
v 0.49119872 -0.81883270 0.09655105
v 0.50164175 -0.82334852 0.05086191
v 0.50297320 -0.80892807 0.04141590
v 0.50244558 -0.75921577 0.04799006
v 0.49370834 -0.75632685 0.11635385
v 0.64613682 -0.80548680 0.05892610
v 0.64547342 -0.81204200 0.06956089
v 0.66655189 -0.80964047 0.06640713
v 0.66684949 -0.80188686 0.05702455
v 0.68642062 -0.78803062 0.05196743
v 0.66679466 -0.79125243 0.05301471
v 0.68720573 -0.79909956 0.05401292
v 0.68539083 -0.77804291 0.05512054
v 0.66633409 -0.78088820 0.05496778
v 0.68455845 -0.77041566 0.06230390
v 0.68442804 -0.76460880 0.07100460
v 0.66601813 -0.76501852 0.06879653
v 0.66597992 -0.77188116 0.06064676
v 0.66621667 -0.76064593 0.07873709
v 0.66597503 -0.75899392 0.08967446
v 0.64649630 -0.75579774 0.08749704
v 0.64677292 -0.75896686 0.07592499
v 0.68388009 -0.77091885 0.10826263
v 0.68305975 -0.77958292 0.11123713
v 0.66316241 -0.77665818 0.11358228
v 0.66419035 -0.76710039 0.10954590
v 0.64174360 -0.79528481 0.11241616
v 0.64158577 -0.78408396 0.11586481
v 0.66275793 -0.78747475 0.11294021
v 0.66289920 -0.79808539 0.10962568
v 0.68277210 -0.80078423 0.10844330
v 0.68368047 -0.80755800 0.09967805
v 0.66379601 -0.80579507 0.10219615
v 0.60517031 -0.81132996 0.06409834
v 0.62559056 -0.80851305 0.06171452
v 0.62642723 -0.79815263 0.05480727
v 0.62669426 -0.77463043 0.05658811
v 0.62659097 -0.78609002 0.05358836
v 0.64649779 -0.78326851 0.05404694
v 0.64646101 -0.77298999 0.05842955
v 0.60740036 -0.74947059 0.08253011
v 0.62708896 -0.75734103 0.07327259
v 0.62703258 -0.75273657 0.08523319
v 0.64664358 -0.76495546 0.06607589
v 0.62687999 -0.76506996 0.06357314
v 0.64541143 -0.75718576 0.09966213
v 0.66517442 -0.76117158 0.10074281
v 0.64489353 -0.81328636 0.08219653
v 0.64396763 -0.81078643 0.09456334
v 0.66517162 -0.81010109 0.09086291
v 0.66604942 -0.81189555 0.07856554
v 0.62584877 -0.75373816 0.09809880
v 0.62229699 -0.81184709 0.09857812
v 0.62355828 -0.81530023 0.08604495
v 0.64269865 -0.80485487 0.10530316
v 0.62091708 -0.80395448 0.10919859
v 0.68622988 -0.81121439 0.07548261
v 0.68717939 -0.80779791 0.06333385
v 0.62454140 -0.81453639 0.07289159
v 0.64392692 -0.76304358 0.10995598
v 0.64241451 -0.77279848 0.11564238
v 0.62166554 -0.76894957 0.11715218
v 0.62383378 -0.75924039 0.10988920
v 0.59791511 -0.79038411 0.11938646
v 0.62029082 -0.78064364 0.11865202
v 0.62012863 -0.79267305 0.11583953
v 0.68272477 -0.79004180 0.11113634
v 0.59851760 -0.80311096 0.11346275
v 0.76957369 -0.75694966 0.06063339
v 0.77901840 -0.76106048 0.05964386
v 0.77318364 -0.76383156 0.06701442
v 0.76297414 -0.76200676 0.06645022
v 0.74284023 -0.73930794 0.05078733
v 0.75507319 -0.73443896 0.04506411
v 0.76184225 -0.73557788 0.05393727
v 0.75095195 -0.74174368 0.06052960
v 0.77515227 -0.75242132 0.05508544
v 0.78332871 -0.75950617 0.05318275
v 0.79112554 -0.76638424 0.05122717
v 0.78221631 -0.75941145 0.04848542
v 0.79096252 -0.77210438 0.04622031
v 0.78528047 -0.78302503 0.04466873
v 0.79846328 -0.78741038 0.04874574
v 0.79917002 -0.77751118 0.04677976
v 0.77791679 -0.79927969 0.07026730
v 0.77468425 -0.79975170 0.08238978
v 0.79128051 -0.79909676 0.08360621
v 0.79378802 -0.79756224 0.07136694
v 0.78173542 -0.79378206 0.10405997
v 0.78765523 -0.79612029 0.09360927
v 0.77096909 -0.79784071 0.09178120
v 0.76636231 -0.79544371 0.10095584
v 0.75776875 -0.76522946 0.07425363
v 0.76818454 -0.76562852 0.07504946
v 0.76620013 -0.76560956 0.08154419
v 0.75526780 -0.76511681 0.08137102
v 0.78138292 -0.76563853 0.04361277
v 0.78260672 -0.75025219 0.04401466
v 0.78170449 -0.75291091 0.04033692
v 0.77581418 -0.76754808 0.03955301
v 0.71812826 -0.75855476 0.08535495
v 0.72914183 -0.75631666 0.08831255
v 0.72968328 -0.75487453 0.09656658
v 0.71722466 -0.75730240 0.09450717
v 0.71743751 -0.75725412 0.06320566
v 0.71214694 -0.76688653 0.05185250
v 0.71982968 -0.76137131 0.04684537
v 0.72401589 -0.75061917 0.05880084
v 0.72920543 -0.75370693 0.04299849
v 0.73979974 -0.74609685 0.04007357
v 0.73290789 -0.74448532 0.05510377
v 0.75329798 -0.74023837 0.03632513
v 0.72468662 -0.75864249 0.10942782
v 0.71597630 -0.76171923 0.10587530
v 0.83286166 -0.75323093 0.06067149
v 0.83366257 -0.75438666 0.05474126
v 0.83611470 -0.75198007 0.05559633
v 0.83546293 -0.75116837 0.06149403
v 0.71614420 -0.78934962 0.11205885
v 0.71519005 -0.77925795 0.11374313
v 0.72224849 -0.77960432 0.11582533
v 0.72370285 -0.78953493 0.11219129
v 0.73130512 -0.78021652 0.11906889
v 0.73326027 -0.79019731 0.11299689
v 0.84158480 -0.76054919 0.05025020
v 0.84551948 -0.76360196 0.05235619
v 0.84845245 -0.75785923 0.05273619
v 0.84405851 -0.75561041 0.05096742
v 0.78322232 -0.76464069 0.06669354
v 0.78818995 -0.76336223 0.05851258
v 0.79696023 -0.76528591 0.05676835
v 0.80441314 -0.76662099 0.05533177
v 0.80547750 -0.76483458 0.06197169
v 0.79514992 -0.76511532 0.06609122
v 0.77988619 -0.76640344 0.07847370
v 0.79154402 -0.76596594 0.07911021
v 0.78674304 -0.76632833 0.08657527
v 0.77560401 -0.76624238 0.08624212
v 0.78016454 -0.76237172 0.10692862
v 0.77148628 -0.76094788 0.10577744
v 0.77183908 -0.76305687 0.09936578
v 0.78227681 -0.76417154 0.09987283
v 0.81055170 -0.76647401 0.10011360
v 0.80140996 -0.76592147 0.09997877
v 0.80317527 -0.76660985 0.09454036
v 0.81190628 -0.76706427 0.09480306
v 0.70817751 -0.79044509 0.11197492
v 0.70775241 -0.78000283 0.11252963
v 0.77698421 -0.77605575 0.13191089
v 0.78243297 -0.78512281 0.12622848
v 0.77129835 -0.78603977 0.12219640
v 0.76583493 -0.77813917 0.12779422
v 0.72646904 -0.79755396 0.10476416
v 0.71826530 -0.79831839 0.10540975
v 0.84887445 -0.76567060 0.05726443
v 0.85115623 -0.75959700 0.05783106
v 0.74042213 -0.76088721 0.03430092
v 0.75514102 -0.75029069 0.03096250
v 0.72871107 -0.77020222 0.03943472
v 0.71306419 -0.78062570 0.04771952
v 0.72062886 -0.77622372 0.04449701
v 0.79993850 -0.76545447 0.07151236
v 0.77679026 -0.76586878 0.07376806
v 0.76434922 -0.76490968 0.08661382
v 0.75505793 -0.75612009 0.10737537
v 0.76212364 -0.75733459 0.10999382
v 0.75935942 -0.75716287 0.11768508
v 0.75108129 -0.75685698 0.11741388
v 0.77407610 -0.76156271 0.12630217
v 0.77401459 -0.76744485 0.13162662
v 0.76434660 -0.76794630 0.12907383
v 0.76610208 -0.76096904 0.12480327
v 0.78062320 -0.75321680 0.03471296
v 0.77066761 -0.76556367 0.03420751
v 0.71499580 -0.76941180 0.11171892
v 0.72240037 -0.76864672 0.11533046
v 0.70777398 -0.77146292 0.10915140
v 0.73040044 -0.75590980 0.07633363
v 0.74341190 -0.76194775 0.08010626
v 0.74204445 -0.76093966 0.08534449
v 0.72911590 -0.75721419 0.08253095
v 0.75303906 -0.75597870 0.06767706
v 0.74170309 -0.74742460 0.06541052
v 0.76084960 -0.74988782 0.06279707
v 0.71785015 -0.75884438 0.07615808
v 0.70897800 -0.76233006 0.07355512
v 0.70894277 -0.76215345 0.08385078
v 0.70839334 -0.76211953 0.09418068
v 0.70825028 -0.76559401 0.10365785
v 0.69909251 -0.76390737 0.07248831
v 0.69945526 -0.76304013 0.08270328
v 0.69932729 -0.76386976 0.09348099
v 0.69914520 -0.76693678 0.10247047
v 0.70907634 -0.80043936 0.10608572
v 0.69779283 -0.80184865 0.10744426
v 0.69761550 -0.79078025 0.11165570
v 0.70954835 -0.76425225 0.06287698
v 0.69967800 -0.76815856 0.06296212
v 0.70100099 -0.77427185 0.05363191
v 0.70258224 -0.78537965 0.05036794
v 0.77838778 -0.73498631 0.04726347
v 0.77390379 -0.73847824 0.05170430
v 0.76853091 -0.73274511 0.04758146
v 0.77453840 -0.73013097 0.04233441
v 0.80556595 -0.77123678 0.05012326
v 0.79825264 -0.77032638 0.05025362
v 0.80770725 -0.77844328 0.04809544
v 0.73871410 -0.75457025 0.10263623
v 0.73413640 -0.75776744 0.11352471
v 0.80775398 -0.76524556 0.06775343
v 0.82335782 -0.77164048 0.04894648
v 0.82742625 -0.77703381 0.05107263
v 0.83970952 -0.76930594 0.05187498
v 0.83575368 -0.76509136 0.04949916
v 0.81950665 -0.76229215 0.06607027
v 0.82366180 -0.76599669 0.07018302
v 0.81723654 -0.76766330 0.07122502
v 0.81364393 -0.76489317 0.06630085
v 0.80595505 -0.76422954 0.10672260
v 0.79808944 -0.76407546 0.10659350
v 0.80960417 -0.79435450 0.05937427
v 0.79585773 -0.79631174 0.05778538
v 0.80955327 -0.79125011 0.07255186
v 0.79225802 -0.76502222 0.10008351
v 0.78403401 -0.76553375 0.09358808
v 0.79398865 -0.76586723 0.09431250
v 0.80733705 -0.76700336 0.07812063
v 0.79984653 -0.76599562 0.07931078
v 0.80329812 -0.76591003 0.07430313
v 0.80934733 -0.76649064 0.07257879
v 0.75351995 -0.77967435 0.12505415
v 0.75244164 -0.76642758 0.12656519
v 0.83716798 -0.75713784 0.05101096
v 0.83960259 -0.75353670 0.05204540
v 0.69806463 -0.78038001 0.11099122
v 0.69879156 -0.77240586 0.10805108
v 0.77312714 -0.76505125 0.09270103
v 0.78095996 -0.79556018 0.05656971
v 0.76254207 -0.76340431 0.09207850
v 0.80613899 -0.77018070 0.11636194
v 0.80913413 -0.77671391 0.11492343
v 0.80058068 -0.78157794 0.11465508
v 0.79913127 -0.77230358 0.11838409
v 0.83520007 -0.75488472 0.06576331
v 0.83955264 -0.75810397 0.06886874
v 0.83413243 -0.76179826 0.06904593
v 0.83029836 -0.75777751 0.06579366
v 0.81757343 -0.76225334 0.05487871
v 0.81760615 -0.76088107 0.06075649
v 0.81106991 -0.76425099 0.06104398
v 0.81055248 -0.76563710 0.05504415
v 0.81214708 -0.76997906 0.05058639
v 0.81979316 -0.76664114 0.05066310
v 0.83039576 -0.77856672 0.06507698
v 0.82857156 -0.77250469 0.06996840
v 0.83932698 -0.76678270 0.06943028
v 0.84287119 -0.77057636 0.06432970
v 0.75192559 -0.79778969 0.09847551
v 0.74831218 -0.79439962 0.10746924
v 0.76236856 -0.79204488 0.11038833
v 0.77681363 -0.78992188 0.11387176
v 0.79028058 -0.78582108 0.11655094
v 0.79605615 -0.79210931 0.10659698
v 0.75818390 -0.78777444 0.11790401
v 0.81847900 -0.78407538 0.07721243
v 0.81841040 -0.77758390 0.07588293
v 0.82017368 -0.78367054 0.06837358
v 0.76082748 -0.76068968 0.09970065
v 0.83164197 -0.76069385 0.05046515
v 0.72497326 -0.79999435 0.05796534
v 0.72474056 -0.80607134 0.07106923
v 0.73539001 -0.80462861 0.07141387
v 0.73445016 -0.79699320 0.05553076
v 0.82847226 -0.75581253 0.06044548
v 0.82856894 -0.75670224 0.05445108
v 0.80496663 -0.76446128 0.11655558
v 0.79866987 -0.76279950 0.11791900
v 0.79681182 -0.76273274 0.11304876
v 0.80446786 -0.76334912 0.11227302
v 0.74501008 -0.78991181 0.11486290
v 0.79013973 -0.78020787 0.12938383
v 0.78550273 -0.76983839 0.13454853
v 0.72925055 -0.80247080 0.09481821
v 0.73609024 -0.79642969 0.10544394
v 0.73920900 -0.80036753 0.09635184
v 0.80461687 -0.79063910 0.09468447
v 0.75587124 -0.80010188 0.09022833
v 0.74262846 -0.80227333 0.08803650
v 0.73155171 -0.80465138 0.08520070
v 0.72250146 -0.80668229 0.08413363
v 0.72067660 -0.80415630 0.09450866
v 0.84873223 -0.76464480 0.06437847
v 0.84271538 -0.77156866 0.05705707
v 0.71073073 -0.80609864 0.09485600
v 0.69876188 -0.80789798 0.09716214
v 0.71251094 -0.80855638 0.08399670
v 0.70020163 -0.80996615 0.08571570
v 0.74585593 -0.80332524 0.07880086
v 0.74828750 -0.80199254 0.06778785
v 0.75926584 -0.80135155 0.08115318
v 0.76282656 -0.80058587 0.06974135
v 0.80681962 -0.79698551 0.08423515
v 0.84314167 -0.75386620 0.06934264
v 0.84809184 -0.74659389 0.07020636
v 0.85245454 -0.74778110 0.06863131
v 0.84815699 -0.75581861 0.06849897
v 0.84461284 -0.76144731 0.06871600
v 0.85119295 -0.75831527 0.06449699
v 0.76607752 -0.79552794 0.05487893
v 0.81476867 -0.76819468 0.07727131
v 0.74945468 -0.79244196 0.04987509
v 0.77199155 -0.78499937 0.04182386
v 0.76116103 -0.78054500 0.03720338
v 0.73106694 -0.78513485 0.04264620
v 0.74285597 -0.77700919 0.03560901
v 0.71495813 -0.79268688 0.05090352
v 0.72287548 -0.78965145 0.04825876
v 0.70358306 -0.79618591 0.05245975
v 0.75612336 -0.76525366 0.03054311
v 0.83886206 -0.74578488 0.05750166
v 0.83880621 -0.74546450 0.06355342
v 0.70356923 -0.80522341 0.06074875
v 0.71583557 -0.80215943 0.05914782
v 0.76870769 -0.74349135 0.05718565
v 0.75220442 -0.76192671 0.09106354
v 0.75067848 -0.75879467 0.09703514
v 0.74762666 -0.75525343 0.10523075
v 0.74321687 -0.75718153 0.11648837
v 0.70211345 -0.81033850 0.07302419
v 0.68483239 -0.76215780 0.08102755
v 0.68472344 -0.76250589 0.09174348
v 0.68485308 -0.81016588 0.08808081
v 0.84240216 -0.74686259 0.05352504
v 0.81665772 -0.77126420 0.09688186
v 0.81606823 -0.77152193 0.09944045
v 0.76429820 -0.73218542 0.04007827
v 0.77205575 -0.73065275 0.03581662
v 0.76348132 -0.73729002 0.03220949
v 0.76608962 -0.74539459 0.02794094
v 0.77566719 -0.74160999 0.02757223
v 0.77295053 -0.73475879 0.03068517
v 0.74138677 -0.75893503 0.08992717
v 0.74088687 -0.75673485 0.09555801
v 0.74116391 -0.76776886 0.12402109
v 0.74184352 -0.78059500 0.12229490
v 0.81516570 -0.77632082 0.04875956
v 0.80961239 -0.78667802 0.05079792
v 0.81788808 -0.78231615 0.05151456
v 0.82944071 -0.78054941 0.05730099
v 0.82145977 -0.77442348 0.07170466
v 0.81880683 -0.77247131 0.07541183
v 0.73488158 -0.75224179 0.07063842
v 0.74708700 -0.76047564 0.07369208
v 0.77790439 -0.74779415 0.05108507
v 0.78113455 -0.74357289 0.04822780
v 0.79618442 -0.76617539 0.08671552
v 0.81773400 -0.78495687 0.09240682
v 0.81798619 -0.78959817 0.08445900
v 0.80478412 -0.76710969 0.08649208
v 0.85188520 -0.74895585 0.05383833
v 0.84700418 -0.74764132 0.05229131
v 0.81955534 -0.78709877 0.05836000
v 0.78943515 -0.76331264 0.10705511
v 0.81304592 -0.78258622 0.09960815
v 0.81841975 -0.77809244 0.09585351
v 0.78024518 -0.76509386 0.13205862
v 0.71481061 -0.80786645 0.07140574
v 0.84182304 -0.74581766 0.06862183
v 0.83804512 -0.75179017 0.06698675
v 0.85463643 -0.74950010 0.06480298
v 0.85430890 -0.75045109 0.05888849
v 0.73144203 -0.76828825 0.11996410
v 0.75368607 -0.76387525 0.08637832
v 0.68434530 -0.76525420 0.10142871
v 0.77834177 -0.74921209 0.02895729
v 0.76810795 -0.75565016 0.02940960
v 0.81183702 -0.76749182 0.08622935
v 0.79542154 -0.77780461 0.12272629
v 0.81469440 -0.78141642 0.10953505
v 0.81834626 -0.77919269 0.10294932
v 0.80593085 -0.78709167 0.10801193
v 0.81924677 -0.77411270 0.10078440
v 0.85747290 -0.74183643 0.06555468
v 0.85722256 -0.74271315 0.05974402
v 0.85445523 -0.74141157 0.05465211
v 0.84908199 -0.74143875 0.05340757
v 0.84442973 -0.74161315 0.05493021
v 0.85473138 -0.74063170 0.06925818
v 0.85023445 -0.73993802 0.07070864
v 0.84423888 -0.74072939 0.06926978
v 0.85492975 -0.73453474 0.07002406
v 0.85828096 -0.73393989 0.06641377
v 0.85694659 -0.72999156 0.05810339
v 0.85667098 -0.72579545 0.05820284
v 0.85406077 -0.72692263 0.05581486
v 0.85552347 -0.73322839 0.05576798
v 0.85364640 -0.72151250 0.05731876
v 0.85673809 -0.72090340 0.05918612
v 0.85844171 -0.73135525 0.06102886
v 0.85876083 -0.72617662 0.06203368
v 0.85842985 -0.72141474 0.06692256
v 0.85895139 -0.72090900 0.06297084
v 0.85814393 -0.72655779 0.06607225
v 0.85839999 -0.73071200 0.06470162
v 0.85857499 -0.73554015 0.06039958
v 0.85867900 -0.71653742 0.06356555
v 0.85572022 -0.71493107 0.06431561
v 0.85415524 -0.71715987 0.05980021
v 0.85693544 -0.71754533 0.06021309
v 0.85010141 -0.73512870 0.05441002
v 0.85022074 -0.72804517 0.05582966
v 0.85010999 -0.72208750 0.05797809
v 0.85084426 -0.71761215 0.06079933
v 0.84725285 -0.72229296 0.06004370
v 0.84661543 -0.72806823 0.05778214
v 0.84828168 -0.71872669 0.06269552
v 0.84563762 -0.72224373 0.06304580
v 0.84416878 -0.72776121 0.06133669
v 0.84279013 -0.73612410 0.05947680
v 0.84570056 -0.73618221 0.05591975
v 0.84699523 -0.71974164 0.06421286
v 0.85261405 -0.71561509 0.06537826
v 0.85713732 -0.72777843 0.06899613
v 0.85674536 -0.72188145 0.06959093
v 0.85462278 -0.72808993 0.07091253
v 0.85433489 -0.72220844 0.07104237
v 0.85874438 -0.71770221 0.06706791
v 0.85666555 -0.71703315 0.06870729
v 0.84090102 -0.74136680 0.05885328
v 0.84123123 -0.74119169 0.06481045
v 0.84260470 -0.73607081 0.06530166
v 0.84383070 -0.72785819 0.06664706
v 0.84552741 -0.73559177 0.06961229
v 0.85065991 -0.73450708 0.07120376
v 0.85129821 -0.72797030 0.07154609
v 0.84705251 -0.72819179 0.07058565
v 0.84808600 -0.72245878 0.07020824
v 0.85110968 -0.72232741 0.07126013
v 0.84592479 -0.72209918 0.06697097
v 0.85080385 -0.71854085 0.06973870
v 0.85379058 -0.71745926 0.06962118
v 0.84880728 -0.71964079 0.06922321
v 0.84781200 -0.71921819 0.06674767
v 0.84982955 -0.71729100 0.06627372
v 0.83848131 -0.75636679 0.09055620
v 0.83968866 -0.75769478 0.08536630
v 0.84206641 -0.75185269 0.08613074
v 0.84038877 -0.75063288 0.09156139
v 0.84746116 -0.76402217 0.08195186
v 0.85204387 -0.76820338 0.08453435
v 0.85474807 -0.75991738 0.08503406
v 0.84979725 -0.75621563 0.08272243
v 0.85360134 -0.77067387 0.09161810
v 0.85620725 -0.76222503 0.09188666
v 0.82738769 -0.77385700 0.07835715
v 0.82939619 -0.77962661 0.07989191
v 0.84476924 -0.77411526 0.08279748
v 0.84109563 -0.76909840 0.08052339
v 0.82095134 -0.76555133 0.09361074
v 0.82353091 -0.76874006 0.09725780
v 0.84293836 -0.76041472 0.08268733
v 0.84526742 -0.75357234 0.08344955
v 0.83880389 -0.75693142 0.09554946
v 0.84160030 -0.75905663 0.09961329
v 0.83587325 -0.76439553 0.09848239
v 0.83351225 -0.76128256 0.09484567
v 0.82218075 -0.76563501 0.08063551
v 0.82083726 -0.76474607 0.08719818
v 0.82487053 -0.76930189 0.07836665
v 0.82951397 -0.78083277 0.09354171
v 0.82722855 -0.77509326 0.09751733
v 0.83999515 -0.76901329 0.09983641
v 0.84398967 -0.77395648 0.09686209
v 0.83733428 -0.76508635 0.08135460
v 0.83306658 -0.76023185 0.08929802
v 0.83439934 -0.76152575 0.08382460
v 0.85064209 -0.76671731 0.09838193
v 0.84537870 -0.77697408 0.08961065
v 0.84397370 -0.75212651 0.10059328
v 0.84752142 -0.74363619 0.10119193
v 0.85222399 -0.74560559 0.10076745
v 0.84857047 -0.75439245 0.10086595
v 0.84581017 -0.76195079 0.10038543
v 0.85321975 -0.75818378 0.09846582
v 0.84455431 -0.74271351 0.08759454
v 0.84291357 -0.74209350 0.09323262
v 0.84797686 -0.74379742 0.08455903
v 0.83044624 -0.78388119 0.08600964
v 0.85745925 -0.74833488 0.08611645
v 0.85234004 -0.74561238 0.08409992
v 0.84353250 -0.74241787 0.09830852
v 0.84063184 -0.75094450 0.09673388
v 0.85637081 -0.74802804 0.09818299
v 0.85876268 -0.75015199 0.09211574
v 0.85835898 -0.73947638 0.09815189
v 0.86066103 -0.74082428 0.09272791
v 0.85926872 -0.73951072 0.08711381
v 0.85386622 -0.73871619 0.08508132
v 0.84940219 -0.73835748 0.08576591
v 0.85447693 -0.73789507 0.10072846
v 0.85006011 -0.73716235 0.10133568
v 0.84579110 -0.73704273 0.09883269
v 0.85396534 -0.73022217 0.10067055
v 0.85819268 -0.73009986 0.09824967
v 0.85812551 -0.72289753 0.08865142
v 0.85762578 -0.71735483 0.08822466
v 0.85496718 -0.71821523 0.08622570
v 0.85650843 -0.72435874 0.08598761
v 0.85918778 -0.72700965 0.08939596
v 0.85877025 -0.73060858 0.08735313
v 0.85971165 -0.72734636 0.09275908
v 0.85933906 -0.72213972 0.09271006
v 0.85751647 -0.71632218 0.09649483
v 0.85921061 -0.71607524 0.09256065
v 0.85747617 -0.72227973 0.09627408
v 0.85827798 -0.72662425 0.09584261
v 0.85443652 -0.71282291 0.08801909
v 0.85717386 -0.71311206 0.08856392
v 0.86110514 -0.73211384 0.09299403
v 0.85400158 -0.73271894 0.08545922
v 0.85276163 -0.72546440 0.08513942
v 0.85146278 -0.71865588 0.08610076
v 0.85095966 -0.71330416 0.08850995
v 0.84806824 -0.71891689 0.08727501
v 0.84855449 -0.72567981 0.08624304
v 0.84831935 -0.71452892 0.08973233
v 0.84560806 -0.71878570 0.09005706
v 0.84500217 -0.72542596 0.08931784
v 0.84623843 -0.73354071 0.08950608
v 0.84957290 -0.73348522 0.08626995
v 0.84673339 -0.71566182 0.09101362
v 0.85525161 -0.70974833 0.09209013
v 0.85169929 -0.71064723 0.09248322
v 0.85877019 -0.71068370 0.09202541
v 0.85547107 -0.72290403 0.09802642
v 0.85486960 -0.71652770 0.09766134
v 0.85298836 -0.72287238 0.09990845
v 0.85250688 -0.71636397 0.09893628
v 0.85757893 -0.71184188 0.09592969
v 0.85513198 -0.71138501 0.09646692
v 0.84628731 -0.73784345 0.08892477
v 0.84477609 -0.73736745 0.09404975
v 0.84465539 -0.73311377 0.09455953
v 0.84392029 -0.72488070 0.09450521
v 0.84603423 -0.73240727 0.09905717
v 0.84991491 -0.73091197 0.10103398
v 0.84965682 -0.72355223 0.10034112
v 0.84595090 -0.72432500 0.09874132
v 0.84661287 -0.71817952 0.09780250
v 0.84970027 -0.71715254 0.09900218
v 0.84480667 -0.71853513 0.09423903
v 0.84956115 -0.71321505 0.09678359
v 0.85229892 -0.71180093 0.09677486
v 0.84737676 -0.71495092 0.09640457
v 0.84668154 -0.71487403 0.09364274
v 0.84886879 -0.71249032 0.09299879
v 0.82562268 -0.75108600 0.11097707
v 0.82909107 -0.75290877 0.10688072
v 0.82996809 -0.74853200 0.10631894
v 0.82614398 -0.74683493 0.11061546
v 0.83719945 -0.75815117 0.10616318
v 0.83963269 -0.76108694 0.10889390
v 0.84065652 -0.75321740 0.10903572
v 0.83844340 -0.75154370 0.10620208
v 0.83957613 -0.76197654 0.11542869
v 0.84070885 -0.75314248 0.11439222
v 0.82350773 -0.76974189 0.10273685
v 0.82494521 -0.77442610 0.10515543
v 0.83495474 -0.76741397 0.10761879
v 0.83296049 -0.76344389 0.10479242
v 0.83311951 -0.75523961 0.10552175
v 0.83457160 -0.74989545 0.10535218
v 0.82453865 -0.75039244 0.11558275
v 0.82597005 -0.75131893 0.11911746
v 0.82149267 -0.75629479 0.11838761
v 0.82052422 -0.75505519 0.11503033
v 0.81240588 -0.76142836 0.10820058
v 0.81577390 -0.76313484 0.10391399
v 0.81977522 -0.76602381 0.10243974
v 0.81866074 -0.77215993 0.11709554
v 0.81437778 -0.76669651 0.11803140
v 0.82507896 -0.75991809 0.12085290
v 0.83021122 -0.76537514 0.11988484
v 0.82909572 -0.75977921 0.10467018
v 0.82152146 -0.75453675 0.10996484
v 0.82486856 -0.75678426 0.10588121
v 0.83529150 -0.75823832 0.12058334
v 0.83358961 -0.76884878 0.11387614
v 0.82684302 -0.74688691 0.11942647
v 0.83015978 -0.73738587 0.11850193
v 0.83458775 -0.73796231 0.11938789
v 0.83173883 -0.74847734 0.12116128
v 0.82981825 -0.75423187 0.12161779
v 0.83694649 -0.75125748 0.11949028
v 0.83099920 -0.73998678 0.10563542
v 0.82764184 -0.73878086 0.10990533
v 0.83567303 -0.74071234 0.10471478
v 0.82318312 -0.77595901 0.11132844
v 0.81126821 -0.76198775 0.11677825
v 0.84250963 -0.74162227 0.10794342
v 0.83955920 -0.74123859 0.10538265
v 0.82711589 -0.73788536 0.11501206
v 0.82507157 -0.74637562 0.11560272
v 0.83958733 -0.73986769 0.11775388
v 0.84283876 -0.74197364 0.11303504
v 0.84080386 -0.73151404 0.11630803
v 0.84408498 -0.73313785 0.11165491
v 0.84371257 -0.73327595 0.10640228
v 0.84015793 -0.73404211 0.10422470
v 0.83622116 -0.73453790 0.10395233
v 0.83544165 -0.73048139 0.11752415
v 0.83155769 -0.73097181 0.11653151
v 0.82881212 -0.73283792 0.11385641
v 0.83444941 -0.72554064 0.11612353
v 0.83927995 -0.72468507 0.11382774
v 0.84019595 -0.71955389 0.10369906
v 0.83960509 -0.71453923 0.10226220
v 0.83852357 -0.71541071 0.10039124
v 0.83993602 -0.72069806 0.10177097
v 0.84163737 -0.72310305 0.10535228
v 0.84233671 -0.72611350 0.10467380
v 0.84169090 -0.72294569 0.10863563
v 0.84068274 -0.71846920 0.10755157
v 0.83694530 -0.71372342 0.10961610
v 0.83991826 -0.71354061 0.10616329
v 0.83763146 -0.71863413 0.11097401
v 0.83957201 -0.72226483 0.11159858
v 0.83773232 -0.71094716 0.10060400
v 0.83911151 -0.71108437 0.10193023
v 0.84293503 -0.72652972 0.10974547
v 0.83943462 -0.72836637 0.10244572
v 0.83761007 -0.72227120 0.10042030
v 0.83605921 -0.71650672 0.09927511
v 0.83465356 -0.71202433 0.10000443
v 0.83296281 -0.71772265 0.09984881
v 0.83409840 -0.72343516 0.10073808
v 0.83188993 -0.71369958 0.10061327
v 0.83023107 -0.71830004 0.10152143
v 0.83061945 -0.72397661 0.10230592
v 0.83195668 -0.73025149 0.10435814
v 0.83558971 -0.72966570 0.10261217
v 0.83030480 -0.71515149 0.10177058
v 0.83670872 -0.70852298 0.10424012
v 0.83312196 -0.70942539 0.10397026
v 0.83914047 -0.70945716 0.10499498
v 0.83562964 -0.71916878 0.11306080
v 0.83462411 -0.71392775 0.11115491
v 0.83251524 -0.71986604 0.11383143
v 0.83197165 -0.71440893 0.11157659
v 0.83718073 -0.71032780 0.10826048
v 0.83521897 -0.71006566 0.10866150
v 0.83226156 -0.73480135 0.10566029
v 0.82923555 -0.73425537 0.10944337
v 0.82920241 -0.73027533 0.10791317
v 0.82774758 -0.72350377 0.10586441
v 0.82855010 -0.72901237 0.11218420
v 0.83052182 -0.72639519 0.11467913
v 0.82960445 -0.72066343 0.11275786
v 0.82739252 -0.72214526 0.11006996
v 0.82761019 -0.71692514 0.10852495
v 0.82938844 -0.71552175 0.11067578
v 0.82788980 -0.71779412 0.10467044
v 0.82986403 -0.71226209 0.10783133
v 0.83229220 -0.71059924 0.10856754
v 0.82842493 -0.71400756 0.10695258
v 0.82906294 -0.71410549 0.10404852
v 0.83059126 -0.71166235 0.10381326
v 0.81110424 -0.76137555 0.11293666
v 0.80480921 -0.74749506 0.13071454
v 0.80811691 -0.74873745 0.12794134
v 0.80848837 -0.74528658 0.12808233
v 0.80502534 -0.74461061 0.13069007
v 0.81560230 -0.75356615 0.12862509
v 0.81735194 -0.75534099 0.13228491
v 0.81769300 -0.74854314 0.13245386
v 0.81615913 -0.74743950 0.12885466
v 0.81536937 -0.75522280 0.13782457
v 0.81578475 -0.74859434 0.13727215
v 0.80347359 -0.76624715 0.12309054
v 0.80270767 -0.77053690 0.12651408
v 0.81340659 -0.76157826 0.13073952
v 0.81219316 -0.75895417 0.12695798
v 0.79302621 -0.75364459 0.13089624
v 0.79231369 -0.75585347 0.13505489
v 0.78610265 -0.76029515 0.13260661
v 0.78502941 -0.75924712 0.12776378
v 0.81200218 -0.75128746 0.12715378
v 0.81252885 -0.74620032 0.12763330
v 0.80266416 -0.74689972 0.13411386
v 0.80239224 -0.74713242 0.13795421
v 0.80030888 -0.75073010 0.13798100
v 0.80046648 -0.74964494 0.13362205
v 0.79771483 -0.75698400 0.12314197
v 0.79558849 -0.75370276 0.12698278
v 0.78754580 -0.75806463 0.12309620
v 0.79232931 -0.76007426 0.11987251
v 0.80111790 -0.76071024 0.12276779
v 0.79534370 -0.76537573 0.13770613
v 0.79306579 -0.75981694 0.13751221
v 0.80233324 -0.75407517 0.14075020
v 0.80690026 -0.75817299 0.14048579
v 0.80968392 -0.75521100 0.12640539
v 0.80233467 -0.75069648 0.12965003
v 0.80638248 -0.75191200 0.12725866
v 0.81021792 -0.75216180 0.14077225
v 0.81115878 -0.76225835 0.13635662
v 0.80256999 -0.74358702 0.13804916
v 0.80372685 -0.73697853 0.13780457
v 0.80663991 -0.73700565 0.13994074
v 0.80576289 -0.74457532 0.14075735
v 0.80527925 -0.74893939 0.14091432
v 0.81069696 -0.74620926 0.14057466
v 0.80937171 -0.73849553 0.12777153
v 0.80552685 -0.73844379 0.13049525
v 0.81320715 -0.73877156 0.12751034
v 0.79943419 -0.77154845 0.13250673
v 0.81836343 -0.73931825 0.13214770
v 0.81658024 -0.73888987 0.12883028
v 0.80354309 -0.73769438 0.13411692
v 0.80288529 -0.74384558 0.13419682
v 0.81125486 -0.73779714 0.13982782
v 0.81624126 -0.73932827 0.13666284
v 0.81191647 -0.73118740 0.13900036
v 0.81735444 -0.73250556 0.13626927
v 0.81893682 -0.73312742 0.13151249
v 0.81716847 -0.73386419 0.12835890
v 0.81395739 -0.73440981 0.12724835
v 0.80691940 -0.73099613 0.13875613
v 0.80458772 -0.73184389 0.13645327
v 0.80476689 -0.73326492 0.13327131
v 0.80734038 -0.72619396 0.13709995
v 0.81231672 -0.72546053 0.13721287
v 0.81822461 -0.72215700 0.12918508
v 0.81842482 -0.71857411 0.12782055
v 0.81787372 -0.71902180 0.12598416
v 0.81843591 -0.72330046 0.12737653
v 0.81838465 -0.72524941 0.13113904
v 0.81871951 -0.72787982 0.13039643
v 0.81693548 -0.72511357 0.13399041
v 0.81733322 -0.72119308 0.13252476
v 0.81381786 -0.71623904 0.13329548
v 0.81776047 -0.71710801 0.13132918
v 0.81372082 -0.72008789 0.13494623
v 0.81436867 -0.72355008 0.13576737
v 0.81752044 -0.71499431 0.12577060
v 0.81855249 -0.71549034 0.12740824
v 0.81694984 -0.72794002 0.13494214
v 0.81725919 -0.72968864 0.12750810
v 0.81711507 -0.72427505 0.12556046
v 0.81638533 -0.71898419 0.12417245
v 0.81514305 -0.71489936 0.12453651
v 0.81391239 -0.71993721 0.12378770
v 0.81451058 -0.72540003 0.12490585
v 0.81289262 -0.71620071 0.12431109
v 0.81139904 -0.72077382 0.12439811
v 0.81125337 -0.72614503 0.12521544
v 0.81073916 -0.73142105 0.12666088
v 0.81440943 -0.73083168 0.12638876
v 0.81143403 -0.71763021 0.12451750
v 0.81561530 -0.71245801 0.12831026
v 0.81317949 -0.71301371 0.12688375
v 0.81756842 -0.71357119 0.13011530
v 0.81099701 -0.72032213 0.13563412
v 0.81128693 -0.71581137 0.13346693
v 0.80799520 -0.72128153 0.13506016
v 0.80899549 -0.71633267 0.13233459
v 0.81466687 -0.71366453 0.13199681
v 0.81287462 -0.71289843 0.13110667
v 0.81010950 -0.73461401 0.12737286
v 0.80667412 -0.73430026 0.12987131
v 0.80719686 -0.73089212 0.12879536
v 0.80781949 -0.72586119 0.12700137
v 0.80497229 -0.72954547 0.13189545
v 0.80496383 -0.72774869 0.13496315
v 0.80601501 -0.72247064 0.13302216
v 0.80562067 -0.72418875 0.13001710
v 0.80726850 -0.71907640 0.12814781
v 0.80756056 -0.71752441 0.13047192
v 0.80883038 -0.72039938 0.12578750
v 0.80963665 -0.71492201 0.12803420
v 0.81086934 -0.71345514 0.12945759
v 0.80895334 -0.71649593 0.12704730
v 0.81014562 -0.71680313 0.12562844
v 0.81140554 -0.71462989 0.12602073
v 0.78780091 -0.76303118 0.13502091
v 0.79146135 -0.74646848 0.03940517
v 0.79095984 -0.74651837 0.03406624
v 0.78492099 -0.73047143 0.04456577
v 0.78832674 -0.73721218 0.04584019
v 0.78224152 -0.72600108 0.03931916
v 0.78349602 -0.73005676 0.02876092
v 0.78218639 -0.72670007 0.03351118
v 0.79060960 -0.74314296 0.04328220
v 0.78933561 -0.74384797 0.02895971
v 0.78603107 -0.73673326 0.02636246
v 0.79853338 -0.73666966 0.02593504
v 0.79558843 -0.72968388 0.02446997
v 0.79174846 -0.72277802 0.02762696
v 0.78941512 -0.72133631 0.03344503
v 0.78808439 -0.72230393 0.03924972
v 0.79921341 -0.74181336 0.03174636
v 0.79861349 -0.74282742 0.03725420
v 0.79629135 -0.73990893 0.04175790
v 0.80746108 -0.73607403 0.02995467
v 0.81025112 -0.72873229 0.02572885
v 0.80904597 -0.71356475 0.02756929
v 0.81338942 -0.71165150 0.02766812
v 0.81157094 -0.71062595 0.03165418
v 0.80622905 -0.71242046 0.03122061
v 0.80664921 -0.71616471 0.02722478
v 0.80186480 -0.71639657 0.02931255
v 0.81282252 -0.71780789 0.02423757
v 0.80929440 -0.72011113 0.02494991
v 0.81234616 -0.72401541 0.02445829
v 0.81612319 -0.72323000 0.02432629
v 0.81710321 -0.71525902 0.02409050
v 0.82066470 -0.71362686 0.02600899
v 0.81733698 -0.71092743 0.02793828
v 0.81715286 -0.71076703 0.03119540
v 0.80578560 -0.72270113 0.02498665
v 0.79618841 -0.71644539 0.03478214
v 0.80348188 -0.71291500 0.03593019
v -0.00595665 -0.84047955 0.13399370
v -0.00610255 -0.85231346 0.13021304
v 0.81064987 -0.71154827 0.03617162
v 0.81687379 -0.71268225 0.03511435
v 0.81053954 -0.71515489 0.04008999
v 0.80268401 -0.71584433 0.04104969
v 0.81598365 -0.71617913 0.03822744
v 0.81149894 -0.71943599 0.04198989
v 0.80407989 -0.72129166 0.04400364
v 0.79426640 -0.72516310 0.04361475
v 0.79350376 -0.71923870 0.04023239
v 0.81534457 -0.71878207 0.03996921
v 0.82240665 -0.71392417 0.02965245
v 0.82145029 -0.71642524 0.03346500
v 0.81651658 -0.72740048 0.02696717
v 0.82099020 -0.72434098 0.02737311
v 0.81991583 -0.72074211 0.02439806
v 0.81535321 -0.73136562 0.03065526
v 0.82058525 -0.72687173 0.03127697
v 0.82230836 -0.71780550 0.02521163
v 0.82346886 -0.71973336 0.02807069
v 0.78953516 -0.72721952 0.04383832
v 0.79294270 -0.73415923 0.04435490
v 0.79791945 -0.73203903 0.04347295
v 0.80693948 -0.72783899 0.04275712
v 0.80227494 -0.73712778 0.04056770
v 0.80565119 -0.73884189 0.03511500
v 0.81382191 -0.73322403 0.03520313
v 0.81060445 -0.73214078 0.03981951
v 0.81626683 -0.72730803 0.03861958
v 0.81885004 -0.72798479 0.03536296
v 0.81367826 -0.72401899 0.04080969
v 0.82059973 -0.72332388 0.03554589
v 0.82277268 -0.72179830 0.03212094
v 0.81839705 -0.72400141 0.03757966
v 0.81717372 -0.72146159 0.03862908
v 0.81939864 -0.71918273 0.03657243
v 0.78004068 -0.76092744 0.12707545
v 0.78277618 -0.75963587 0.12125481
v 0.77618527 -0.76017183 0.12030549
v 0.76818198 -0.75839698 0.11911464
v 0.75888431 -0.76006645 0.12335280
v 0.77024245 -0.75899243 0.11229417
v 0.77861100 -0.76072198 0.11391755
v 0.78798044 -0.76094973 0.11480597
v 0.76485455 -0.75942260 0.10498939
v 0.01216461 -0.81392276 -0.04109306
v 0.01256134 -0.79843771 -0.05010952
v 0.30964077 -0.78336984 0.01863645
v 0.30747446 -0.80148619 0.01907854
v 0.30465639 -0.83884919 0.06314873
v 0.30138555 -0.83891189 0.08643317
v 0.06736684 -0.49971396 -0.11198426
v 0.11680075 -0.55432296 0.11096391
v 0.11972127 -0.57514167 0.11633462
v 0.03755264 -0.57195574 0.14214653
v 0.05906291 -0.56783831 0.14117113
v 0.15124859 -0.53636450 -0.01118581
v 0.15161686 -0.55745941 -0.00941426
v 0.10864277 -0.52602386 -0.07505201
v 0.10986379 -0.54983568 -0.07333030
v 0.14133294 -0.51074630 -0.03724090
v 0.08303881 -0.51850986 0.12596914
v 0.10322122 -0.51699829 0.11784819
v 0.09965946 -0.53788257 0.12008438
v 0.08032817 -0.54057670 0.12983067
v 0.01694606 -0.57548338 0.13752747
v 0.01740571 -0.54943341 0.13156216
v 0.15909828 -0.58031911 0.01945881
v 0.15910354 -0.58185315 0.04830568
v 0.14096181 -0.58898711 0.10008616
v 0.12508428 -0.59538722 0.11986468
v 0.10595468 -0.60382432 0.13386238
v 0.08456506 -0.61271024 0.14383234
v 0.09356007 -0.57305878 -0.08902872
v 0.07376108 -0.59660292 -0.09809019
v 0.15229681 -0.57911408 -0.00823322
v 0.02408990 -0.57202446 -0.11800145
v 0.06533252 -0.64677829 0.15464483
v 0.03970435 -0.65181088 0.15701100
v 0.15284775 -0.58462453 0.07559923
v 0.02959397 -0.75548995 -0.07114952
v 0.04870543 -0.75932133 -0.07045355
v 0.04774864 -0.74330562 -0.07878682
v 0.02907537 -0.73878610 -0.07839596
v 0.06584343 -0.74562728 -0.07725641
v 0.08318052 -0.74680078 -0.07400842
v 0.09928106 -0.74699324 -0.06961185
v 0.13838135 -0.74193966 -0.05304822
v 0.12682921 -0.74461848 -0.05901895
v 0.15670456 -0.73116142 -0.03723618
v 0.14851010 -0.73766947 -0.04611689
v 0.16163711 -0.72066158 -0.02543456
v 0.16336687 -0.70857882 -0.01088554
v 0.16992407 -0.70968199 0.00995688
v 0.16645919 -0.69665301 0.00481249
v 0.15918133 -0.69544721 -0.01756364
v 0.15607463 -0.70756847 -0.03083999
v 0.15111090 -0.71737850 -0.04244459
v 0.01732799 -0.66922104 -0.09031931
v 0.01370535 -0.69467312 -0.08634952
v 0.01082345 -0.82853562 -0.03252117
v 0.51370913 -0.76162571 0.11980208
v 0.64673316 -0.79504091 0.05322687
v 0.01173489 -0.85527629 0.13201213
v 0.03097378 -0.85990715 0.13448626
v 0.09603959 -0.87295836 0.12416410
v 0.11198627 -0.88306379 0.10507286
v 0.07414586 -0.86339092 0.13593382
v 0.05211214 -0.85513258 0.14030966
v 0.14050597 -0.59896028 -0.03275036
v 0.03253590 -0.82201087 0.14815998
v 0.05348373 -0.84301406 0.14624980
v 0.07673927 -0.85127831 0.14279287
v 0.10164113 -0.86119401 0.13189347
v 0.12650499 -0.87214684 0.11189362
v 0.14532168 -0.86969614 0.10376193
v 0.16712655 -0.85021424 0.10875219
v 0.18578766 -0.85197258 0.09980123
v 0.18775122 -0.86639905 0.08309878
v 0.17856337 -0.86633074 0.08743237
v 0.17585790 -0.85107243 0.10355000
v 0.26900578 -0.84260935 0.09414342
v 0.29177678 -0.82420146 0.10861792
v 0.28369188 -0.83535051 0.09966359
v 0.29524127 -0.80940104 0.11573400
v 0.29637712 -0.79780823 0.11996382
v 0.29284450 -0.78593636 0.12203665
v 0.28283209 -0.77575982 0.12171324
v 0.24347423 -0.75387233 0.11144178
v 0.22581641 -0.74637640 0.10705839
v 0.18971914 -0.71953243 0.11513175
v 0.18015842 -0.71293437 0.11850908
v 0.15687859 -0.68602926 0.12611306
v 0.14430375 -0.67418164 0.12853172
v -0.00658094 -0.89120883 0.11463493
v 0.13194822 -0.65934813 0.13333702
v -0.00394854 -0.67888170 0.15068319
v -0.00420751 -0.69961745 0.15243845
v -0.00301460 -0.60435253 0.13697557
v -0.00334444 -0.63062978 0.14290649
v 0.12030295 -0.41845113 0.12181012
v 0.11682373 -0.43567476 0.11739957
v 0.09680680 -0.43391606 0.12733069
v -0.00104544 -0.44681507 0.12630320
v -0.00134756 -0.47115791 0.12095972
v -0.00202733 -0.52569211 0.11984960
v -0.00235741 -0.55204296 0.12470815
v 0.10080179 -0.41592383 0.13336137
v 0.04565604 -0.47219500 0.12770550
v -0.00467671 -0.73729765 0.15251143
v -0.00488127 -0.75375992 0.15099083
v -0.00508002 -0.76974529 0.14909464
v 0.02242358 -0.47123486 0.12510166
v 0.16071619 -0.43539226 0.05987463
v 0.16411415 -0.43101412 0.03307098
v 0.13532451 -0.43744975 0.10253818
v 0.15046138 -0.43735614 0.08345026
v 0.16022393 -0.42394844 0.00627560
v 0.10118016 -0.38719565 -0.07299888
v 0.08096215 -0.38031477 -0.08706266
v 0.03927023 -0.37121132 -0.10487648
v 0.01924787 -0.36819795 -0.10836054
v 0.15070216 -0.41495553 -0.01797371
v 0.05989015 -0.37501997 -0.09796641
v 0.13711952 -0.40503311 -0.03842866
v 0.11991188 -0.39546859 -0.05663297
v 0.06829339 -0.47319421 0.12766734
v 0.07183105 -0.45111695 0.12924284
v -0.00630817 -0.87384176 -0.01906707
v -0.00619040 -0.86435032 -0.01784328
v 0.09334536 -0.45281142 0.12529497
v 0.05486250 -0.72328401 0.16564544
v 0.03347885 -0.72130603 0.16187856
v 0.07654037 -0.72686654 0.16673693
v 0.09424008 -0.75064892 0.16583586
v 0.09794527 -0.73251432 0.16427416
v 0.11779873 -0.73889303 0.15888923
v -0.00642303 -0.88313460 -0.02159175
v -0.00553108 -0.81218517 -0.04172935
v -0.00533192 -0.79651278 -0.05111504
v 0.11425211 -0.75661731 0.16012755
v -0.00399644 -0.69050235 -0.08366618
v -0.00368121 -0.66548538 -0.08819218
v -0.00571702 -0.82683480 -0.03277228
v -0.00335606 -0.63971448 -0.09607685
v 0.14973114 -0.76695502 0.14332992
v 0.15187484 -0.75252593 0.14299449
v 0.16542299 -0.75697893 0.13649213
v 0.16401111 -0.77076066 0.13684037
v 0.18906720 -0.76380950 0.12527779
v 0.17769285 -0.76064980 0.13059716
v 0.20125124 -0.76790434 0.12031572
v 0.21766852 -0.77288336 0.12052211
v 0.21341129 -0.79943550 0.12404799
v 0.19967631 -0.79435194 0.12548473
v 0.14996791 -0.78268367 0.14191522
v 0.13262452 -0.77926648 0.15041390
v 0.03078855 -0.75812012 0.15952764
v 0.01202411 -0.75529402 0.15435226
v 0.17160843 -0.68910104 0.02285175
v 0.17670064 -0.68281412 0.04281731
v 0.18019719 -0.67972875 0.06251001
v 0.17978278 -0.68084991 0.08044769
v 0.17763932 -0.68365669 0.09728730
v 0.17218414 -0.68925214 0.11151582
v 0.17212106 -0.70560628 0.12118649
v 0.16508651 -0.69698155 0.12363020
v 0.00141040 -0.24931005 0.15218753
v 0.16670027 -0.71451801 0.12966678
v 0.15742393 -0.70625365 0.13362375
v 0.14161673 -0.73120230 0.14745291
v 0.14944944 -0.71780092 0.14148697
v 0.13578834 -0.74605179 0.15104491
v 0.13265589 -0.76221180 0.15191570
v 0.11330998 -0.77488124 0.15912960
v 0.09301987 -0.76987523 0.16498864
v 0.07339627 -0.80238116 0.16054115
v 0.07253340 -0.78443789 0.16455783
v 0.07197089 -0.76541477 0.16675693
v 0.07249647 -0.74605161 0.16756845
v 0.07249454 -0.89773238 0.09983090
v 0.05344032 -0.89200819 0.11106414
v 0.27452925 -0.78123796 0.12225129
v 0.27998927 -0.78895754 0.12222964
v 0.00079583 -0.29786670 0.17485239
v 0.00049800 -0.32167879 0.17607972
v 0.26982957 -0.78935879 0.12250040
v 0.26879323 -0.78380775 0.12250350
v 0.28180188 -0.79808748 0.12124461
v 0.28074476 -0.80939221 0.11836991
v 0.26844940 -0.80780548 0.12002733
v 0.26965067 -0.79684812 0.12220162
v 0.27746728 -0.82176137 0.11322957
v 0.26519117 -0.81883633 0.11613953
v 0.27094817 -0.83172685 0.10736547
v 0.26135188 -0.83797818 0.10312016
v 0.25679687 -0.83359993 0.10782525
v 0.26085514 -0.82800448 0.11180227
v 0.22375643 -0.82955450 0.11421572
v 0.23615581 -0.83151281 0.11111937
v 0.24820173 -0.83278298 0.10885061
v 0.23365979 -0.77977049 0.12172455
v 0.24702731 -0.78825390 0.12280385
v 0.25854462 -0.79430264 0.12274149
v 0.25676823 -0.80482101 0.12158221
v 0.24466552 -0.79851729 0.12251960
v 0.00105271 -0.27745521 0.16940638
v 0.23115480 -0.79081500 0.12301739
v 0.05104730 -0.74309850 0.16549626
v 0.03080081 -0.74067032 0.16076055
v 0.00157648 -0.24417520 -0.09656803
v 0.00180004 -0.22612667 -0.09304152
v 0.18709627 -0.77638489 0.12638257
v 0.00199550 -0.21016645 -0.08510856
v 0.00216659 -0.19608063 -0.07425301
v 0.17652377 -0.77385139 0.13134688
v 0.19968626 -0.77971506 0.12348591
v 0.21551286 -0.78493845 0.12321204
v 0.18755592 -0.79080236 0.12736806
v 0.17632356 -0.78812188 0.13094084
v 0.16410021 -0.78559273 0.13584104
v 0.05103569 -0.76160538 0.16435957
v 0.01225543 -0.73843586 0.15580283
v -0.00009695 -0.36964810 0.16530366
v -0.00037112 -0.39190376 0.15602720
v 0.00033570 -0.34376809 -0.10203118
v -0.00653531 -0.89215827 -0.02460322
v -0.00719585 -0.94101799 0.09100914
v -0.00607068 -0.85476047 -0.01854463
v -0.00595372 -0.84545869 -0.02181753
v 0.00210628 -0.19709760 0.04057196
v -0.00582629 -0.83542871 -0.02754554
v 0.00208812 -0.19813287 0.05369463
v -0.00268560 -0.57816982 0.13058543
v 0.18984888 -0.83069968 -0.00611381
v 0.19019094 -0.85727197 0.00965117
v 0.19245945 -0.87335128 0.03357732
v 0.19116998 -0.87548608 0.06024024
v 0.43902022 -0.73362523 0.07858503
v 0.01853632 -0.52372807 0.12632854
v 0.02028908 -0.49772900 0.12361269
v 0.04244145 -0.49724984 0.12677950
v 0.01682195 -0.65430379 0.15293440
v 0.01370661 -0.71966493 0.15704307
v 0.10837169 -0.71600252 -0.07960702
v 0.09544706 -0.71673113 -0.08451931
v 0.09700802 -0.73178744 -0.07784201
v 0.11070003 -0.73100233 -0.07262956
v 0.12987815 -0.71325111 -0.06597374
v 0.11988191 -0.71487868 -0.07322572
v 0.12302932 -0.72954887 -0.06649776
v 0.13383976 -0.72724843 -0.05961443
v 0.13865899 -0.70985126 -0.05785378
v 0.14327995 -0.72349042 -0.05185025
v 0.11752637 -0.69956821 -0.07887907
v 0.10654879 -0.70040560 -0.08519636
v 0.09406649 -0.70123667 -0.08927394
v 0.13450223 -0.69651824 -0.06337564
v 0.12669714 -0.69851118 -0.07143118
v 0.00493442 -0.89534187 -0.02351220
v 0.00899583 -0.84980071 -0.02137826
v 0.00830573 -0.85900116 -0.01882313
v 0.01204735 -0.71536064 -0.08141395
v 0.01139808 -0.75010759 -0.07009524
v 0.01158894 -0.76602584 -0.06423199
v 0.01203221 -0.78228962 -0.05787340
v 0.01014109 -0.83957642 -0.02609323
v 0.01151251 -0.73319823 -0.07599530
v 0.16433820 -0.24499652 0.10441099
v 0.14590020 -0.22849089 0.12485097
v 0.15258121 -0.25585350 0.12194233
v 0.13882048 -0.24323121 0.13581347
v 0.16405213 -0.32625568 0.09674535
v 0.16255687 -0.29921848 0.10319652
v 0.16493322 -0.35454991 0.09252022
v 0.11918357 -0.23535269 0.14874792
v 0.09429485 -0.23231566 0.15816356
v 0.09250172 -0.25220954 0.16613807
v 0.14924003 -0.35246620 0.11806905
v 0.14929478 -0.32528827 0.12184219
v 0.15935966 -0.27508318 0.11163384
v 0.14719512 -0.27684912 0.12973303
v 0.14512087 -0.26193166 0.13185596
v 0.11665716 -0.25347453 0.15598126
v 0.13435817 -0.25682485 0.14280872
v 0.03275875 -0.39151737 0.15609823
v 0.06109500 -0.39228293 0.15448761
v 0.05770049 -0.41206816 0.14467596
v 0.12505615 -0.39878872 0.12800436
v 0.13815102 -0.42042091 0.10530689
v 0.13313705 -0.27504236 0.14580704
v 0.11478083 -0.27446160 0.16048752
v 0.09023520 -0.27460033 0.17162494
v 0.08846341 -0.34948739 0.16629978
v 0.08819634 -0.32521251 0.17183383
v 0.11145393 -0.32418904 0.16047598
v 0.11137555 -0.34981450 0.15512416
v 0.12909269 -0.37631455 0.13433498
v 0.13131662 -0.35046223 0.13917816
v 0.08738672 -0.37302384 0.15867002
v 0.10932035 -0.37462881 0.14860697
v 0.10540165 -0.39661819 0.14087789
v 0.13205209 -0.32368171 0.14345782
v 0.06023128 -0.29946837 0.17954342
v 0.08865044 -0.29936054 0.17386842
v 0.03089092 -0.29949394 0.17800170
v 0.08447482 -0.39466628 0.14955878
v 0.08038373 -0.41400680 0.14034808
v 0.07568339 -0.43239751 0.13272776
v 0.06481911 -0.49685133 0.12660182
v 0.12246985 0.00888395 -0.03271988
v 0.00188522 -0.17610478 0.01335458
v 0.00166257 -0.18634927 0.04074871
v 0.18105285 -0.27242351 -0.01706970
v 0.18378259 -0.26075009 0.05905575
v 0.17206766 -0.26953959 0.08779754
v 0.03153893 -0.17363632 -0.05106147
v 0.01475781 -0.16858315 -0.02994200
v 0.16310647 -0.26039016 -0.04476495
v 0.11114929 -0.20580906 -0.07367975
v 0.00516395 -0.16985577 -0.00866796
v 0.14897758 -0.29951239 0.12588499
v 0.13292104 -0.29772243 0.14565498
v 0.11313541 -0.29828390 0.16204157
v 0.06125212 -0.27559397 0.17673539
v 0.03079283 -0.27714619 0.17479648
v 0.02276894 -0.22123110 -0.08975603
v 0.01849475 -0.23247689 -0.09358665
v 0.01050292 -0.22884727 -0.09351576
v 0.01106109 -0.21270174 -0.08667803
v 0.09994629 -0.36668167 -0.07033768
v 0.07839372 -0.35931596 -0.08270811
v 0.03681770 -0.34939399 -0.09810150
v 0.01791110 -0.34613448 -0.10136290
v 0.15426473 -0.39617822 -0.01821159
v 0.05696426 -0.35356218 -0.09205380
v 0.14026256 -0.38553298 -0.03855012
v 0.12088640 -0.37542021 -0.05572919
v 0.08328872 0.46472603 0.09545358
v 0.08282839 0.49540889 0.09167353
v 0.08414549 0.49321818 0.10747390
v 0.08143254 0.46211040 0.11100949
v 0.09819420 0.45698619 0.13971013
v 0.08663196 0.45916468 0.13185100
v 0.11316808 0.45664394 0.14132659
v 0.11038546 0.48833656 0.14156424
v 0.12186615 0.48908609 0.13376524
v 0.12678070 0.45792627 0.13574433
v 0.13594909 0.45916557 0.12618262
v 0.13889699 0.49190593 0.09455156
v 0.14476481 0.46241647 0.09424645
v 0.14232421 0.46037513 0.11413448
v 0.13813733 0.49114305 0.11367475
v 0.13863158 0.46699691 0.07381654
v 0.13337693 0.49534208 0.07433677
v 0.12294693 0.47057426 0.06302956
v 0.08820269 0.46844852 0.07958910
v 0.08605319 0.49796724 0.07437181
v 0.09662408 0.48866946 0.14069299
v 0.08703407 0.49070430 0.13063473
v 0.08168228 0.46088135 0.12195931
v 0.08552459 0.49187648 0.11886898
v 0.08125532 0.52430624 0.10374951
v 0.07396299 0.52545047 0.08653608
v 0.09498184 0.51956213 0.14193434
v 0.08966748 0.52155751 0.12815577
v 0.11672352 0.52004987 0.13195553
v 0.10750265 0.51895821 0.14391404
v 0.13849664 0.52073252 0.11387496
v 0.13119423 0.49001968 0.12458725
v 0.12882514 0.52017534 0.12344486
v 0.13919224 0.52087390 0.09499677
v 0.13333659 0.52299738 0.07084490
v 0.08041155 0.52537668 0.06736355
v 0.08603148 0.52339029 0.11615355
v 0.13708085 0.61451954 -0.09287389
v 0.14178078 0.61433834 -0.09199562
v 0.14335524 0.61910385 -0.09270002
v 0.13612461 0.62001884 -0.09404066
v 0.08908757 0.61125934 -0.10551091
v 0.09811383 0.60928446 -0.10771120
v 0.10060550 0.61886615 -0.10574441
v 0.08822598 0.62172884 -0.10326525
v 0.12645896 0.62395066 -0.10003727
v 0.12131768 0.62398082 -0.10044615
v 0.12005049 0.62005669 -0.10425256
v 0.12855935 0.61983883 -0.10365044
v 0.16961728 0.61960191 -0.05586913
v 0.16534577 0.61998814 -0.05729054
v 0.16493624 0.61526436 -0.05988595
v 0.17064445 0.61540926 -0.05724560
v 0.15653788 0.62311518 -0.07495631
v 0.15244970 0.62394363 -0.07632974
v 0.15195082 0.61914176 -0.07947692
v 0.15815245 0.61932510 -0.07688733
v 0.10119456 0.60490167 -0.08248752
v 0.10063966 0.60568082 -0.09781506
v 0.08697651 0.60887367 -0.09516429
v 0.08567312 0.60409188 -0.07981150
v 0.08032107 0.61890560 -0.09104375
v 0.08879856 0.62454945 -0.08827467
v 0.08777029 0.62500906 -0.07290348
v 0.07924253 0.61629808 -0.07427476
v 0.10195842 0.62437612 -0.09068985
v 0.10211889 0.62413102 -0.07657830
v 0.10897156 0.61485082 -0.08147166
v 0.11047413 0.61493689 -0.09675513
v 0.12993735 0.61442536 -0.08205973
v 0.13333242 0.61693865 -0.09493533
v 0.12664585 0.61088324 -0.09625007
v 0.12461333 0.60652727 -0.08311820
v 0.11805762 0.61142427 -0.09732024
v 0.11305014 0.60753554 -0.08464372
v 0.10990623 0.61771542 -0.08342239
v 0.11232053 0.61875802 -0.09729135
v 0.11824197 0.62427777 -0.09340333
v 0.11522702 0.62327677 -0.07966551
v 0.12495776 0.62204677 -0.07913692
v 0.12773907 0.62394208 -0.09234395
v 0.13508180 0.61274403 -0.08677176
v 0.13238880 0.60801750 -0.07703740
v 0.14324017 0.60650247 -0.07475665
v 0.14288419 0.61201227 -0.08586460
v 0.13483678 0.62287515 -0.07419217
v 0.12933363 0.61808771 -0.07702404
v 0.13095364 0.62048703 -0.08688116
v 0.13648179 0.62447840 -0.08510648
v 0.14427418 0.62405151 -0.08435889
v 0.14432548 0.62154990 -0.07283019
v 0.14835502 0.61385208 -0.07453839
v 0.14828935 0.61767524 -0.08555998
v 0.15883307 0.61168128 -0.07097028
v 0.16007082 0.60589844 -0.06079967
v 0.16381043 0.61336285 -0.05966293
v 0.16208428 0.61777806 -0.06958865
v 0.15177977 0.60692459 -0.06465024
v 0.15257868 0.61136585 -0.07284275
v 0.15157379 0.62157476 -0.06264397
v 0.14871168 0.61380953 -0.06644571
v 0.14798029 0.61662942 -0.07349560
v 0.15070969 0.62385291 -0.07093928
v 0.15831883 0.62380493 -0.06912498
v 0.15979834 0.62134421 -0.05895895
v 0.17432944 0.61436385 -0.05022369
v 0.17233346 0.60840505 -0.05190882
v 0.17389463 0.60509497 -0.04287937
v 0.17517051 0.61250919 -0.03974787
v 0.16696818 0.60493857 -0.04796410
v 0.16626953 0.60788125 -0.05436867
v 0.16478308 0.61944503 -0.04586008
v 0.16427360 0.61162812 -0.04931024
v 0.16252095 0.61345959 -0.05441664
v 0.16377510 0.62053519 -0.05221455
v 0.17092745 0.62050635 -0.05004865
v 0.17127569 0.61870652 -0.04130585
v 0.08633032 0.60039037 -0.06463412
v 0.10578988 0.60419381 -0.06753537
v 0.09140275 0.62406093 -0.09823662
v 0.08048104 0.61457175 -0.05883220
v 0.09867867 0.62370414 -0.09946046
v 0.10725437 0.62352461 -0.06310708
v 0.08937386 0.62360513 -0.05748592
v 0.10835876 0.61516446 -0.07429051
v 0.12645374 0.61428779 -0.10317116
v 0.12800044 0.61521810 -0.07172391
v 0.12839183 0.62265998 -0.06162798
v 0.12131852 0.61451352 -0.10362785
v 0.12609388 0.60373610 -0.06541084
v 0.14508358 0.60416001 -0.05607235
v 0.13819697 0.62412322 -0.09120592
v 0.14237073 0.62369984 -0.09079824
v 0.14770892 0.62201589 -0.05446771
v 0.14879508 0.61247247 -0.06453409
v 0.15724377 0.61480719 -0.07655332
v 0.16488199 0.61111587 -0.04964288
v 0.16275528 0.62062043 -0.04257637
v 0.15362124 0.61448663 -0.07758536
v 0.16226201 0.60231024 -0.04379398
v 0.16953719 0.61157852 -0.05637962
v 0.17254403 0.61935955 -0.03001506
v 0.17713067 0.61118108 -0.02680631
v 0.16659170 0.61091954 -0.05822016
v 0.17404149 0.60230106 -0.03162583
v 0.09647537 0.47137296 0.06748562
v 0.09488267 0.49944651 0.06249946
v 0.10810161 0.47240978 0.06174067
v 0.11996154 0.49858797 0.06156598
v 0.10688161 0.50006825 0.05802889
v 0.09224368 0.52579224 0.05386934
v 0.11940122 0.52555549 0.05609384
v 0.10556139 0.52534407 0.04991445
v 0.14058800 0.54310346 0.11703391
v 0.14324290 0.54434294 0.09812655
v 0.12655649 0.54266131 0.12628093
v 0.10710395 0.54174876 0.14827655
v 0.11595020 0.54235667 0.13657497
v 0.09086674 0.54583097 0.04279145
v 0.08024377 0.54827815 0.06158590
v 0.10618349 0.54347861 0.03674812
v 0.12258581 0.54429168 0.04539521
v 0.08235773 0.59493142 -0.04699716
v 0.08285750 0.59340161 -0.02482704
v 0.09795582 0.58206797 -0.02844614
v 0.10220682 0.59228426 -0.04841812
v 0.11808627 0.58231908 -0.02450915
v 0.12183017 0.59491581 -0.04439256
v 0.13624509 0.58588904 -0.01611085
v 0.14040463 0.59616572 -0.03629790
v 0.15262745 0.58959490 -0.00597808
v 0.15772790 0.59687525 -0.02572245
v 0.16665195 0.59558463 0.00453724
v 0.17203693 0.59939498 -0.01571256
v 0.17532133 0.60566604 0.01030371
v 0.17904104 0.60892326 -0.01043764
v 0.07694058 0.61298698 -0.04077121
v 0.07864295 0.61040235 -0.01853717
v 0.08862858 0.62532419 -0.03760222
v 0.08969319 0.62433743 -0.01549122
v 0.10744295 0.62524301 -0.03653883
v 0.10743827 0.62479520 -0.01374979
v 0.17166156 0.61877882 0.00854208
v 0.17359526 0.62071538 -0.01303563
v 0.12744285 0.62371260 -0.03222642
v 0.12666397 0.62257862 -0.00922454
v 0.14569946 0.62411183 -0.02591070
v 0.14436905 0.62285548 -0.00294788
v 0.16109809 0.62365532 -0.01895935
v 0.15952417 0.62266612 0.00358256
v 0.09321680 0.57397056 -0.00461832
v 0.11334088 0.56802118 -0.00328070
v -0.00676400 -0.90621877 0.10650647
v -0.00579896 -0.82771152 0.13755760
v 0.13101873 0.57241297 0.00638573
v 0.14659357 0.57956046 0.01794688
v 0.15909812 0.59034479 0.02874192
v 0.16976686 0.60127318 0.03416042
v 0.14507876 0.56588495 0.04721746
v 0.15296155 0.58675635 0.05603151
v 0.16098784 0.59994793 0.05864188
v 0.14804296 0.58449388 0.08327519
v 0.15360281 0.59831035 0.08387098
v 0.00125575 -0.26141220 0.16142030
v -0.00526999 -0.78507620 0.14664723
v 0.13811785 0.58374995 0.12711540
v 0.00019572 -0.34599075 0.17225410
v -0.00512114 -0.77985221 -0.05835769
v -0.00490734 -0.76285845 -0.06410813
v -0.00470895 -0.74711382 -0.06911771
v -0.00449462 -0.73006928 -0.07417755
v -0.00083838 -0.43844980 -0.11965074
v -0.00104246 -0.45488605 -0.11990456
v -0.00168773 -0.49850637 0.11780816
v -0.00019356 -0.38663313 -0.11484326
v -0.00125294 -0.47196618 -0.12668276
v -0.00365964 -0.65578526 0.14755286
v -0.00427101 -0.71229482 -0.07876976
v 0.00006393 -0.36578012 -0.10877753
v -0.00445141 -0.71917951 0.15319200
v -0.00155968 -0.49664795 -0.12812176
v 0.00129926 -0.26638550 -0.09615302
v -0.00247623 -0.56991458 -0.11836401
v -0.02971844 -0.89795005 -0.01914525
v -0.04114800 -0.90260732 -0.01271401
v -0.04247868 -0.89459413 -0.01109924
v -0.03075582 -0.89003128 -0.01694134
v -0.06893428 -0.91513652 0.04109545
v -0.06801286 -0.92287427 0.03408032
v -0.06472664 -0.92877883 0.05081700
v -0.06672315 -0.92042482 0.05723136
v -0.05784696 -0.93206787 0.06584591
v -0.06056299 -0.92356527 0.07131655
v -0.04963341 -0.92429346 0.08202775
v -0.04807927 -0.93420863 0.07719798
v -0.03617884 -0.93242902 0.08590008
v -0.03880832 -0.92194331 0.08973622
v -0.05252037 -0.90781718 -0.00399379
v -0.06217950 -0.91342509 0.00782315
v -0.06032460 -0.90313882 0.00568240
v -0.05132395 -0.90017778 -0.00450395
v -0.06747337 -0.91955233 0.02033504
v -0.06798603 -0.90990543 0.02218871
v -0.02351196 -0.92323714 0.09378059
v -0.02196538 -0.93673939 0.08982915
v -0.03403439 -0.87133354 -0.01435396
v -0.02011105 -0.86817640 -0.01802785
v -0.01947130 -0.87763113 -0.01877084
v -0.03250172 -0.88084501 -0.01531144
v -0.06773566 -0.87478817 0.00881004
v -0.08277424 -0.88309216 0.02712770
v -0.08791894 -0.87275261 0.01990187
v -0.07258095 -0.86351454 0.00346263
v -0.08320523 -0.84308726 -0.01483070
v -0.10859518 -0.85077453 0.00309868
v -0.10592918 -0.83049357 -0.01818227
v -0.08426300 -0.82562935 -0.02605011
v -0.10356618 -0.81184864 -0.03238539
v -0.08358602 -0.80835748 -0.03724613
v -0.09519424 -0.76039767 -0.06467842
v -0.07719944 -0.75954998 -0.06813134
v -0.07949208 -0.77549988 -0.05817486
v -0.09807957 -0.77696657 -0.05483737
v -0.10512064 -0.66342163 -0.08514109
v -0.09187328 -0.66716194 -0.09069170
v -0.09921267 -0.68299323 -0.09117161
v -0.11126047 -0.68082047 -0.08746430
v -0.17339616 -0.77843863 -0.03076858
v -0.17592947 -0.79661202 -0.02288671
v -0.19000866 -0.78336585 -0.02215340
v -0.18523617 -0.76505566 -0.02710679
v -0.12436835 -0.88524050 0.05416366
v -0.11873221 -0.87061739 0.02964780
v -0.10594050 -0.87607026 0.03510322
v -0.11125929 -0.88934773 0.05667031
v -0.15885313 -0.69042325 -0.03829740
v -0.15249775 -0.67867380 -0.04672696
v -0.14872734 -0.68831742 -0.05493405
v -0.15426621 -0.69993532 -0.04841196
v -0.13122039 -0.57164800 -0.05336128
v -0.11550801 -0.57061797 -0.07196371
v -0.11631858 -0.59255564 -0.07090232
v -0.13161045 -0.59328508 -0.05347275
v -0.17042094 -0.61580431 0.02226687
v -0.17184436 -0.61407191 0.05104361
v -0.16804704 -0.59662658 0.04957724
v -0.16716994 -0.59643292 0.02065459
v -0.12724015 -0.75945765 -0.05585610
v -0.11199255 -0.76047421 -0.06044879
v -0.11552496 -0.77739614 -0.05096084
v -0.13125353 -0.77661574 -0.04688407
v -0.36666274 -0.78795999 0.02244502
v -0.36850631 -0.76986462 0.02195226
v -0.34375221 -0.77275473 0.01993608
v -0.34199306 -0.79084390 0.02068375
v -0.16322511 -0.49672270 0.01103816
v -0.16250663 -0.50146115 0.03845207
v -0.16664197 -0.48220947 0.03757630
v -0.16607238 -0.47663492 0.00908992
v -0.21604486 -0.84322691 0.00869585
v -0.21622542 -0.86166048 0.03100355
v -0.22907412 -0.85520375 0.02999698
v -0.23052680 -0.83548141 0.00985662
v -0.16395758 -0.74803126 -0.04117607
v -0.16924763 -0.76291454 -0.03670548
v -0.17861034 -0.75133675 -0.03048379
v -0.17225836 -0.73899645 -0.03340457
v -0.17962134 -0.64624709 0.05585505
v -0.17818293 -0.64876449 0.03255342
v -0.18148442 -0.66526127 0.03842248
v -0.18388338 -0.66246581 0.05930934
v -0.17442180 -0.63211137 0.02708091
v -0.17566916 -0.62981272 0.05310694
v -0.15319449 -0.75409240 -0.04662267
v -0.14093028 -0.75743437 -0.05128447
v -0.14524017 -0.77487147 -0.04319626
v -0.15737090 -0.77153522 -0.04006447
v -0.09983970 -0.64786166 -0.08255678
v -0.08365390 -0.65261066 -0.08962712
v -0.15798640 -0.47022271 -0.01800546
v -0.14444463 -0.46344364 -0.04140699
v -0.14474925 -0.48570949 -0.03946199
v -0.15687367 -0.49140564 -0.01573574
v -0.09946734 -0.61324775 -0.08284361
v -0.09824233 -0.63208371 -0.08183584
v -0.11377180 -0.63084882 -0.07125484
v -0.11589187 -0.61227071 -0.07013096
v -0.12708235 -0.45746562 -0.06151551
v -0.10821791 -0.45247570 -0.08016205
v -0.10918611 -0.47695535 -0.07863335
v -0.12818925 -0.48065680 -0.06002467
v -0.10099132 -0.79401731 -0.04414556
v -0.08172178 -0.79161447 -0.04784085
v -0.12761697 -0.66283000 -0.07084015
v -0.11714602 -0.66245979 -0.07846415
v -0.12244023 -0.67984295 -0.08140619
v -0.13146470 -0.67946041 -0.07360944
v -0.19246466 -0.74860102 -0.01781933
v -0.20419741 -0.76487952 -0.01416425
v -0.20027816 -0.74016124 0.00190839
v -0.19113676 -0.73307103 -0.00246502
v -0.16900127 -0.46290904 0.03582946
v -0.16694359 -0.45647201 0.00714342
v -0.12546384 -0.43389088 -0.06173576
v -0.10680254 -0.42790782 -0.07971820
v -0.21892835 -0.71663952 0.05771823
v -0.23096114 -0.72403634 0.06083904
v -0.23375848 -0.72187871 0.07451047
v -0.22340384 -0.71521395 0.07266538
v -0.05917603 -0.68515903 -0.09583035
v -0.07465217 -0.69412869 -0.09506994
v -0.08034394 -0.67736053 -0.09474491
v -0.06829213 -0.66458285 -0.09423360
v -0.12545916 -0.64687496 -0.06533088
v -0.12696108 -0.63163167 -0.05976943
v -0.11358467 -0.64652234 -0.07431216
v -0.04298094 -0.67482060 -0.09363651
v -0.05444402 -0.64709729 -0.09423436
v -0.06183068 -0.78889424 -0.05175238
v -0.06012267 -0.77350348 -0.06125204
v -0.06296571 -0.80435467 -0.04242549
v -0.04251011 -0.80107164 -0.04722478
v -0.04195014 -0.81647784 -0.03859115
v -0.06252956 -0.82027817 -0.03312190
v -0.04022224 -0.83168501 -0.03097250
v -0.06066758 -0.83613968 -0.02482164
v -0.05098048 -0.86586213 -0.00482254
v -0.05432719 -0.85645968 -0.00906423
v -0.18371877 -0.73795915 -0.02011799
v -0.17664847 -0.72794580 -0.02232289
v -0.14320430 -0.44084668 -0.04212133
v -0.12990472 -0.80854958 0.14992663
v -0.12596487 -0.79026824 0.15543973
v -0.14574873 -0.79299438 0.14681661
v -0.14989267 -0.81060427 0.14166234
v -0.13551174 -0.88511294 0.05261374
v -0.13366573 -0.87133414 0.02739612
v -0.19592991 -0.72299373 0.12071989
v -0.20804368 -0.72746092 0.11580797
v -0.20644432 -0.73617733 0.11950393
v -0.19339021 -0.73245740 0.12494808
v -0.23591860 -0.73357284 0.10157585
v -0.23605259 -0.72712111 0.09516717
v -0.25628802 -0.73379886 0.09828838
v -0.25481585 -0.74115646 0.10546657
v -0.16000766 -0.48667285 0.06382249
v -0.15524165 -0.50555933 0.06430683
v -0.14539498 -0.62881774 0.12054945
v -0.15864706 -0.62069625 0.10033313
v -0.16525927 -0.63790733 0.09879604
v -0.15423350 -0.64601719 0.11706850
v -0.02308801 -0.78667217 0.15010974
v -0.02237202 -0.77098280 0.15240867
v -0.04180102 -0.77397466 0.15776843
v -0.04280649 -0.79026669 0.15527417
v -0.08719082 -0.81763542 0.15560319
v -0.08914204 -0.83403140 0.14975858
v -0.06450652 -0.82734936 0.15135163
v -0.06401203 -0.81170976 0.15594362
v -0.10771026 -0.80491209 0.15681058
v -0.10415103 -0.78650415 0.16163886
v -0.18382284 -0.66313416 0.07926245
v -0.17746522 -0.64852321 0.07770651
v -0.19620757 -0.69316918 0.06706732
v -0.19723889 -0.69344944 0.08407539
v -0.19276054 -0.68556839 0.08285201
v -0.19223697 -0.68558860 0.06506039
v -0.10278500 -0.89480847 0.06167296
v -0.09784682 -0.89972895 0.08029094
v -0.10912768 -0.89597189 0.07868020
v -0.06084076 -0.87939382 0.12180544
v -0.06060343 -0.87243336 0.12753369
v -0.07468186 -0.87761855 0.12265456
v -0.07096685 -0.88352597 0.11749978
v -0.04575289 -0.69939107 0.16178769
v -0.02389807 -0.69906920 0.15715443
v -0.02458206 -0.67753100 0.15587771
v -0.04859436 -0.67609066 0.16042665
v -0.21062607 -0.71382749 0.10496525
v -0.20033839 -0.70823514 0.10795650
v -0.20231642 -0.70284694 0.09813607
v -0.21121217 -0.70828825 0.09636356
v -0.19014780 -0.68862349 0.09772447
v -0.19557719 -0.69652414 0.09819520
v -0.19241051 -0.70168716 0.10955828
v -0.18570349 -0.69405884 0.11050327
v -0.16381684 -0.66101456 0.11390634
v -0.17223646 -0.65413952 0.09701312
v -0.18038267 -0.66763151 0.09700027
v -0.17350845 -0.67400384 0.11289054
v -0.02271648 -0.60148835 0.14351332
v -0.04377737 -0.59758341 0.14772607
v -0.04525118 -0.62451494 0.15280120
v -0.02328267 -0.62808990 0.14886703
v -0.24728149 -0.74138004 0.03813509
v -0.24652760 -0.74945849 0.02341937
v -0.26255560 -0.75039899 0.02789027
v -0.26608926 -0.74255335 0.04326294
v -0.27013022 -0.77897912 0.12244552
v -0.25900289 -0.77277035 0.12175804
v -0.26089877 -0.76550227 0.12022899
v -0.27163461 -0.77225262 0.12177387
v -0.28968534 -0.73508209 0.06136398
v -0.28482994 -0.74190491 0.04718653
v -0.30603844 -0.74039137 0.05025471
v -0.31033629 -0.73339033 0.06484047
v -0.14749068 -0.88302177 0.08079495
v -0.14808245 -0.88552612 0.05106143
v -0.13596661 -0.88764524 0.07967062
v -0.29278576 -0.72931939 0.08718760
v -0.29132840 -0.73295325 0.09885147
v -0.27391413 -0.73127967 0.09385844
v -0.27475953 -0.72937578 0.08236149
v -0.34099224 -0.80785179 0.03080330
v -0.36551267 -0.80522674 0.03210486
v -0.33404738 -0.73023325 0.08116695
v -0.33497816 -0.73266548 0.09457540
v -0.31352016 -0.73021978 0.09146031
v -0.31329930 -0.72942632 0.07873177
v -0.13792878 -0.61069357 0.12140848
v -0.15251790 -0.60318005 0.10085800
v -0.13026588 -0.49187189 0.10419302
v -0.14738292 -0.48978126 0.08653617
v -0.14199089 -0.50926441 0.08677793
v -0.12547499 -0.51219893 0.10458999
v -0.16342545 -0.46731916 0.06311540
v -0.13418247 -0.47155696 0.10372058
v -0.15123321 -0.47027728 0.08597278
v -0.07849596 -0.90743649 0.07511970
v -0.06495436 -0.90816456 0.09005307
v -0.07525893 -0.90199518 0.09418406
v -0.08727883 -0.90269101 0.08229537
v -0.17587832 -0.35026836 0.06382417
v -0.17440836 -0.32105827 0.06894789
v -0.18200581 -0.31778443 0.03822332
v -0.18111792 -0.34592068 0.03298471
v -0.04567962 -0.89287859 0.11133914
v -0.06140120 -0.89970160 0.10193306
v -0.05056915 -0.90455616 0.09959975
v -0.03723245 -0.90072083 0.10644170
v -0.17783795 -0.37151602 0.03191160
v -0.17380004 -0.37761095 0.06135957
v -0.09191258 -0.89867377 0.06132140
v -0.08169481 -0.90256113 0.05467585
v -0.08783074 -0.89220273 0.04313205
v -0.07914367 -0.89491528 0.03696965
v -0.07198359 -0.88806117 0.01964206
v -0.18353169 -0.30869997 0.00785167
v -0.18034852 -0.33653682 0.00503048
v -0.06427125 -0.91575015 0.07915343
v -0.05152541 -0.91475558 0.08995597
v -0.03573505 -0.91148108 0.09851776
v -0.01943013 -0.91181153 0.10165837
v -0.16386624 -0.44829479 0.06156295
v -0.16805111 -0.44384849 0.03408381
v -0.11818120 -0.21583807 0.14003898
v -0.09133110 -0.21300358 0.14831346
v -0.08854841 -0.19860858 0.13852291
v -0.11983640 -0.19831395 0.13016224
v -0.02577568 -0.22684628 0.14908507
v -0.02231421 -0.21397138 0.13357726
v -0.05521078 -0.20409751 0.13897818
v -0.05979309 -0.21682978 0.15152459
v -0.06212406 -0.34720200 0.17235284
v -0.06272276 -0.36997649 0.16416442
v -0.03346849 -0.36929724 0.16534418
v -0.03256997 -0.34653071 0.17299469
v -0.13659702 -0.45182014 0.10329647
v -0.15293650 -0.45098618 0.08495516
v -0.16454533 -0.43707895 0.00614912
v -0.18387729 -0.17301995 0.04083676
v -0.17905891 -0.13607496 0.04309896
v -0.17737088 -0.12576389 0.00466378
v -0.18056461 -0.16279483 0.00020345
v -0.14432862 -0.14668179 0.10323318
v -0.14809640 -0.17776138 0.10573332
v -0.11681485 -0.17589754 0.12303445
v -0.11335636 -0.14938843 0.11902160
v -0.08755167 -0.42267153 -0.09691881
v -0.10442761 -0.40537706 -0.07659477
v -0.08471103 -0.39925069 -0.09223639
v -0.02475624 -0.41195109 -0.12233479
v -0.04752420 -0.41459227 -0.11932186
v -0.04295371 -0.39096823 -0.11216825
v -0.02166004 -0.38857338 -0.11529841
v -0.02478002 -0.26931781 -0.09326804
v -0.01070302 -0.26827478 -0.09548539
v -0.01322594 -0.29399940 -0.09500864
v -0.02996366 -0.29641858 -0.09271296
v -0.17196435 -0.32588306 -0.02147853
v -0.15404120 -0.31556353 -0.04299531
v -0.14956757 -0.33983427 -0.04143008
v -0.16647260 -0.35030034 -0.02106086
v -0.01986786 -0.20290691 0.11507192
v -0.04958481 -0.19166726 0.12527186
v -0.16279233 -0.11696059 -0.03099073
v -0.16405693 -0.15386766 -0.03630351
v -0.13607946 -0.11134857 -0.05625260
v -0.10305759 -0.11274052 -0.06616837
v -0.10548770 -0.14442670 -0.07039971
v -0.13785870 -0.14644647 -0.06056476
v -0.02653017 -0.18930233 -0.06701787
v -0.01063955 -0.17660910 -0.04024065
v -0.00872114 -0.17907095 -0.04992131
v -0.02138599 -0.19946456 -0.07826661
v -0.02814087 -0.24066570 0.16043536
v -0.06062511 -0.23312968 0.16250564
v -0.06020367 -0.25209644 0.17068614
v -0.02869192 -0.25717187 0.16873543
v -0.11398151 -0.47182998 0.11621936
v -0.11671697 -0.45126459 0.11666815
v -0.09277695 -0.47177294 0.12404631
v -0.11093862 -0.49351180 0.11620650
v -0.08984746 -0.49426293 0.12341291
v -0.09665161 -0.63287276 0.14720166
v -0.11884148 -0.62082690 0.13672422
v -0.12740938 -0.63907641 0.13727307
v -0.10584318 -0.65308672 0.14941427
v -0.06218031 -0.77817410 0.16240567
v -0.06339121 -0.79530692 0.15963480
v -0.07761267 -0.15696108 0.12400104
v -0.03829344 -0.17209417 0.11338539
v -0.04573800 -0.13146210 0.11385518
v -0.07990500 -0.12490892 0.12183323
v -0.16161050 -0.10931587 0.07864225
v -0.16775043 -0.14373070 0.07768412
v -0.14032912 -0.11445141 0.10277992
v -0.17335641 -0.10039866 0.04536850
v -0.17323826 -0.08999932 0.00788439
v -0.13246870 -0.07730716 -0.05199470
v -0.09923892 -0.08012402 -0.06080421
v -0.01980967 -0.12562305 -0.02569107
v -0.04172558 -0.12133944 -0.04475590
v -0.03934239 -0.09478325 -0.03647149
v -0.01878016 -0.10181016 -0.01490214
v -0.06521440 -0.26597863 -0.08363137
v -0.10040094 -0.28820297 -0.07174113
v -0.10328440 -0.25995260 -0.07282683
v -0.07361229 -0.23764578 -0.08031397
v -0.03114498 -0.43799144 -0.12638158
v -0.05030986 -0.44142395 -0.12305076
v -0.06768546 -0.41813916 -0.11103272
v -0.06949371 -0.44498494 -0.11401158
v -0.08898974 -0.44852152 -0.09860633
v -0.05214378 -0.54702926 -0.11791091
v -0.07541485 -0.54687023 -0.10722625
v -0.07274291 -0.52265990 -0.11035969
v -0.05007964 -0.52206725 -0.12118544
v -0.05436972 -0.57187009 -0.11331747
v -0.07806911 -0.57133824 -0.10348248
v -0.05558586 -0.62020755 -0.09944952
v -0.07871082 -0.63620788 -0.09018077
v -0.07933649 -0.61619943 -0.09274297
v -0.04168502 -0.78593606 -0.05562248
v -0.04054206 -0.77050465 -0.06353876
v -0.17606190 -0.29866952 -0.02012631
v -0.01016056 -0.16213840 0.08512370
v 0.00066517 -0.14993733 0.05442593
v -0.00328398 -0.12362242 0.06505690
v -0.01812319 -0.13021010 0.09290200
v -0.17531577 -0.36135849 0.00410284
v -0.15761897 -0.44878796 -0.01940542
v -0.15437789 -0.42878169 -0.01905936
v -0.15898475 -0.59745908 -0.00824905
v -0.16073465 -0.62216401 -0.01077516
v -0.08930580 -0.69895422 -0.09240533
v -0.09012129 -0.68639827 -0.09338669
v -0.17292736 -0.17946798 0.07767405
v -0.12030318 -0.01642025 -0.03980003
v -0.08748443 -0.01869619 -0.04618098
v -0.09375537 -0.04856765 -0.05393345
v -0.12692921 -0.04562235 -0.04628653
v -0.00817674 -0.08022261 0.02045856
v -0.01909318 -0.07443231 -0.00359895
v -0.02125626 -0.04521030 0.00703492
v -0.01297768 -0.05062360 0.03150790
v -0.01704457 -0.02039003 0.03968332
v -0.02225742 -0.01394480 0.01470650
v -0.02210538 0.01607305 0.02412802
v -0.01900769 0.00926250 0.04786563
v -0.15859398 -0.08049047 -0.02689789
v -0.16128282 -0.02512622 0.01131002
v -0.14739594 -0.01805079 -0.01881928
v -0.15358719 -0.04798752 -0.02315097
v -0.16754383 -0.05583149 0.00955585
v -0.11259826 -0.11859816 0.11753087
v -0.00536677 -0.10757321 0.00879830
v -0.00491780 -0.13004398 -0.00297312
v -0.01850655 -0.05877930 0.08057502
v -0.03390596 -0.06126744 0.10275865
v -0.02572846 -0.09464341 0.09879638
v -0.01018550 -0.09129769 0.07354426
v -0.13707200 -0.05268401 0.10074057
v -0.15338038 -0.04580957 0.07632203
v -0.15746669 -0.07647252 0.07711653
v -0.13866562 -0.08284813 0.10187519
v -0.16152194 -0.03576165 0.04449054
v -0.16781655 -0.06683683 0.04450331
v -0.14821996 0.03340703 0.01533396
v -0.13190031 0.03930235 -0.01053152
v -0.14006753 0.01104867 -0.01472274
v -0.15485010 0.00436682 0.01329650
v -0.15025197 0.02290219 0.04656295
v -0.15570255 -0.00632107 0.04537348
v -0.15006950 -0.01666868 0.07596080
v -0.14668930 0.01265466 0.07509665
v -0.13256380 0.00476903 0.09633599
v -0.13521254 -0.02399474 0.09885660
v -0.11361005 -0.02850467 0.11473492
v -0.11328810 -0.00035661 0.11169956
v -0.08903304 -0.03129488 0.12078039
v -0.06364784 -0.03232986 0.11648313
v -0.06861733 -0.00395072 0.11481792
v -0.09142870 -0.00306386 0.11783466
v -0.03107009 0.00021571 0.09029438
v -0.04718208 -0.00266218 0.10603903
v -0.04114782 -0.03112358 0.10474037
v -0.02563941 -0.02839655 0.08553520
v -0.05138771 0.11232412 0.10638522
v -0.06861569 0.10924441 0.11068694
v -0.06291784 0.08052129 0.10912412
v -0.04437651 0.08326226 0.10388590
v -0.08553792 0.10742086 0.11634233
v -0.10341109 0.10785335 0.11569630
v -0.09863230 0.07986087 0.11292899
v -0.08094837 0.07936054 0.11276133
v -0.12957242 0.08825397 0.09070432
v -0.11510700 0.08240753 0.10595918
v -0.11987320 0.11043137 0.10837045
v -0.13302144 0.11615682 0.09278765
v -0.14524330 0.12376803 0.07359044
v -0.14440842 0.09603328 0.07314264
v -0.14164616 0.13189459 0.05054195
v -0.14492959 0.10470241 0.05056024
v -0.13061684 0.11330229 0.02285976
v -0.13012913 0.13953155 0.02326500
v -0.02779350 0.12888944 0.06231812
v -0.02790431 0.12181914 0.08196274
v -0.02170143 0.09357995 0.07476246
v -0.02410732 0.10083467 0.05530329
v -0.05021295 0.11246961 0.01559028
v -0.06613407 0.11655420 -0.00897948
v -0.06526449 0.14302999 0.00215807
v -0.05127439 0.13961774 0.02600565
v -0.14651416 0.05040699 0.04800063
v -0.14149833 0.06082761 0.01814800
v -0.12978967 0.03290689 0.09354722
v -0.14405935 0.04092121 0.07396211
v -0.03549981 0.02776492 0.09500908
v -0.05258172 0.02484697 0.10730881
v -0.02173810 0.04493976 0.03437490
v -0.01928982 0.03783506 0.05654573
v -0.09957834 0.06729847 -0.02323198
v -0.12428094 0.06611145 -0.00738824
v -0.12005629 0.09286463 -0.00557360
v -0.09598256 0.09397429 -0.02081479
v -0.14510466 0.07820392 0.04959346
v -0.14331533 0.06836617 0.07350305
v -0.12848967 0.06061149 0.09131566
v -0.11331737 0.05494517 0.10639638
v -0.09551382 0.05235690 0.11270051
v -0.07722395 0.05168474 0.11181213
v -0.05789642 0.05252755 0.10825794
v -0.03962501 0.05516511 0.09945617
v -0.02012186 0.06572384 0.06592399
v -0.02296903 0.07306916 0.04555269
v -0.09205186 0.11977649 -0.01720107
v -0.11887308 0.11904699 -0.00427885
v -0.11750193 0.14365089 0.00104999
v -0.08982974 0.14404255 -0.00778583
v -0.08953494 0.16546988 0.00464547
v -0.06894000 0.16366130 0.01523395
v -0.09053774 0.13643068 0.12104055
v -0.10852715 0.13699776 0.11920523
v -0.12458289 0.13966483 0.11119073
v -0.14593743 0.15103036 0.07578295
v -0.14015284 0.15969563 0.04872494
v -0.12690052 0.16585726 0.02507537
v -0.11201245 0.16531640 0.00863163
v -0.04216915 0.17952776 0.09106470
v -0.03623340 0.15012968 0.08606876
v -0.03495686 0.15581805 0.06818132
v -0.04162037 0.18429023 0.07282545
v -0.06095811 0.17228138 0.11793526
v -0.07681454 0.16891891 0.12781170
v -0.07368305 0.13842165 0.11611076
v -0.05864212 0.14186645 0.10717554
v -0.09564008 0.16718060 0.13105848
v -0.11440691 0.16745853 0.12720557
v -0.13182731 0.16918659 0.11813714
v -0.13862205 0.14414072 0.09695653
v -0.14504221 0.17326802 0.10138518
v -0.14798000 0.18050051 0.07657575
v -0.14149404 0.18909615 0.04427713
v -0.12246953 0.22599894 0.02711950
v -0.11964019 0.19559717 0.02345004
v -0.14476413 0.21947718 0.04550809
v -0.09519941 0.32711351 0.04154918
v -0.12053818 0.32536942 0.04125810
v -0.11603307 0.36139429 0.04883146
v -0.09386409 0.36341864 0.04891650
v -0.04351564 0.21405542 0.07758314
v -0.04242506 0.21099311 0.09809046
v -0.06031684 0.20459819 0.12842387
v -0.07856509 0.20132536 0.13797873
v -0.15828691 0.24367142 0.08157957
v -0.15426284 0.21135986 0.07693801
v -0.15147550 0.20439816 0.10468909
v -0.15508203 0.23766142 0.10988250
v -0.03948313 0.31606793 0.09111045
v -0.03906843 0.31376010 0.11223473
v -0.03694662 0.27878457 0.10950952
v -0.03745186 0.28116405 0.08651302
v -0.05841701 0.23886633 0.13637540
v -0.05739298 0.27384412 0.14155650
v -0.07652037 0.27071571 0.15110134
v -0.07728358 0.23545873 0.14624625
v -0.15300770 0.31568587 0.08903307
v -0.15799464 0.27863723 0.08574448
v -0.15531354 0.27352190 0.11371652
v -0.15087284 0.31168044 0.11527462
v -0.14805050 0.25097370 0.05061420
v -0.14708184 0.28451407 0.05593114
v -0.12420446 0.29043770 0.03580514
v -0.12338456 0.25693095 0.03016588
v -0.09625402 0.29168582 0.03516649
v -0.09516856 0.25817722 0.03072860
v -0.05320140 0.39079577 0.11236955
v -0.04668733 0.35136139 0.11233122
v -0.04602823 0.35461277 0.09309077
v -0.05283754 0.39474165 0.09560524
v -0.07885122 0.30812037 0.15070832
v -0.05971865 0.30996037 0.14253135
v -0.06503537 0.34824240 0.13861355
v -0.08134735 0.34711641 0.14615640
v -0.13912006 0.39588130 0.09367391
v -0.14639656 0.35491019 0.09153844
v -0.14414084 0.35208941 0.11537217
v -0.13624412 0.39303756 0.11554778
v -0.11228269 0.40065736 0.05710632
v -0.13781087 0.35806596 0.06463354
v -0.13155805 0.39857358 0.07118750
v -0.10728988 0.43967980 0.06191248
v -0.08977094 0.44128358 0.06130385
v -0.09185972 0.40223420 0.05655453
v -0.05802893 0.43288296 0.09692149
v -0.05696891 0.42957222 0.11249620
v -0.08020771 0.42473972 0.14057419
v -0.08191375 0.38649672 0.14241397
v -0.06750201 0.38776827 0.13506284
v -0.06736723 0.42640173 0.13327059
v -0.11534246 0.38965541 0.13995957
v -0.09864651 0.38731253 0.14416085
v -0.09612981 0.42531592 0.14201558
v -0.11148255 0.42782497 0.13727653
v -0.12850374 0.43058813 0.11482959
v -0.12806588 0.39131624 0.13051382
v -0.12144672 0.42928362 0.12800850
v -0.13167554 0.43303436 0.09456420
v -0.12495019 0.43686342 0.07385390
v 0.00032296 -0.18582946 0.05722070
v 0.00299560 -0.17243600 0.02679082
v 0.00180175 -0.16558200 0.04084217
v -0.00468878 -0.18147177 0.07144432
v -0.03800072 -0.06612110 -0.02791526
v -0.03639337 -0.03536981 -0.01802314
v -0.03272532 0.02477968 0.00025686
v -0.03511826 -0.00451070 -0.00949353
v -0.03257465 0.05313313 0.01181222
v -0.03347177 0.08093500 0.02413579
v -0.03461998 0.10830289 0.03615883
v -0.03686198 0.13505846 0.04486025
v -0.04256934 0.16140240 0.05017342
v -0.04916131 0.18939799 0.05299141
v -0.05096819 0.24926668 0.06191777
v -0.03999628 0.24688518 0.08182474
v -0.05290972 0.21785909 0.05806652
v -0.05035409 0.31986046 0.06881943
v -0.04899978 0.28348660 0.06494369
v -0.05491210 0.35900474 0.07364037
v -0.06055724 0.39909112 0.07903657
v -0.06533160 0.43685424 0.08148877
v -0.07545393 -0.17050427 -0.07001174
v -0.04736558 -0.16576076 -0.05915369
v -0.04968114 -0.18216956 -0.06592038
v -0.07698490 -0.19304621 -0.07317749
v -0.00308532 -0.17596644 -0.01966294
v 0.00118480 -0.17991024 -0.00172271
v 0.00043255 -0.17987800 -0.00783724
v -0.00321156 -0.17619890 -0.02686660
v -0.13520592 0.08658099 0.02090882
v -0.11305485 0.02754056 0.10832227
v -0.09362013 0.02473670 0.11447191
v -0.07304011 0.02378708 0.11287466
v -0.04889179 0.06044662 -0.01052731
v -0.07154553 0.06505650 -0.02414824
v -0.06826445 0.09121346 -0.01688336
v -0.04645991 0.08782315 0.00023440
v -0.09275862 0.22996950 0.02754689
v -0.07152488 0.25425100 0.04545802
v -0.07046120 0.22426337 0.04024750
v -0.09247476 0.20488626 0.02127914
v -0.12087369 0.19862813 0.13617280
v -0.13886711 0.20016778 0.12485046
v -0.12350659 0.23190111 0.14463878
v -0.09972781 0.19899178 0.14034176
v -0.10065374 0.23285031 0.14927262
v -0.05502231 0.00482148 -0.02892268
v -0.08150919 0.01000762 -0.03794087
v -0.07663229 0.03781241 -0.02997586
v -0.05124564 0.03265220 -0.01940889
v -0.13751225 -0.52787018 0.08838659
v -0.12149460 -0.53176969 0.10600457
v -0.14723857 -0.65624839 -0.04549130
v -0.15267667 -0.64138120 -0.03175719
v -0.14022800 -0.63469183 -0.04609529
v -0.13664563 -0.64962447 -0.05545342
v -0.15586483 -0.66612458 -0.03599160
v -0.16143881 -0.65227467 -0.02063346
v -0.16241327 -0.67818797 -0.02665367
v -0.16764474 -0.66536844 -0.01113640
v -0.18917853 -0.72170573 0.01522056
v -0.19661358 -0.72617006 0.02016159
v -0.05566946 -0.59624970 -0.10723070
v -0.02977399 -0.59536374 -0.11147624
v -0.03015250 -0.61863393 -0.10397741
v -0.06399019 -0.39434725 -0.10468370
v -0.04162357 -0.26800859 -0.08965360
v -0.04947531 -0.29894829 -0.08825324
v -0.07268465 -0.30413422 -0.08115444
v -0.00554145 -0.19614577 -0.07468042
v -0.06830774 -0.61890578 0.15068544
v -0.06580174 -0.59222800 0.14626190
v -0.04339404 -0.80586785 0.15202685
v -0.02360794 -0.80184358 0.14730318
v -0.04345086 -0.83492726 0.14398079
v -0.04294882 -0.84769350 0.13932803
v -0.02394577 -0.84299093 0.13637200
v -0.02404638 -0.83022404 0.14043663
v -0.02763340 -0.89305896 0.11314969
v -0.02261594 -0.90219384 0.10763665
v 0.00195265 -0.17830724 0.00432681
v 0.00328684 -0.18680751 0.02832609
v 0.00298976 -0.18624127 0.01762834
v -0.02210380 -0.14586741 -0.03529852
v -0.00648861 -0.14739263 -0.01396531
v -0.00868621 -0.15995491 -0.02312335
v -0.02478855 -0.16137296 -0.04342232
v -0.18199810 -0.19948667 -0.00510879
v -0.18680261 -0.21058178 0.03538151
v -0.08332215 -0.18055111 0.13000458
v -0.38133964 -0.73585731 0.09673473
v -0.38183635 -0.74558032 0.10705785
v -0.35782102 -0.74305844 0.10716747
v -0.35755146 -0.73430169 0.09615872
v -0.07012194 -0.70018423 0.16361342
v -0.08000371 -0.67258483 0.15843867
v -0.09705981 -0.88488311 0.04151209
v -0.17332202 -0.88100535 0.04586673
v -0.17117028 -0.87170029 0.01884767
v -0.15993579 -0.87343752 0.02247491
v -0.16064334 -0.88369310 0.04898726
v -0.16808788 -0.82904315 0.12652576
v -0.16928603 -0.84607607 0.11449210
v -0.15583491 -0.84720582 0.12145311
v -0.15341124 -0.82866842 0.13357314
v -0.03094949 -0.32247871 0.17745869
v -0.06064798 -0.32293725 0.17787521
v -0.04352888 -0.52076894 0.13035855
v -0.06534119 -0.51842165 0.12976241
v -0.06370966 -0.54180348 0.13501561
v -0.04245237 -0.54531986 0.13586271
v -0.10475531 -0.68569750 0.15696925
v -0.12178291 -0.66883999 0.14679818
v -0.03827519 -0.72083771 -0.08503197
v -0.05619824 -0.72527927 -0.08628426
v -0.05643620 -0.70665663 -0.09241866
v -0.03904188 -0.70039445 -0.09103040
v -0.32288545 -0.77145863 0.12101538
v -0.30275473 -0.75966084 0.11942600
v -0.30852625 -0.74650776 0.11314923
v -0.33070445 -0.75187910 0.11559653
v -0.17543329 -0.22036779 0.07876575
v -0.14951776 -0.20577848 0.11210663
v -0.15444773 -0.56150949 0.07284837
v -0.14134014 -0.56608415 0.09691496
v -0.13763873 -0.54645824 0.09260270
v -0.15134023 -0.54211462 0.06949003
v -0.16739687 -0.61606270 0.07732499
v -0.16273615 -0.59868890 0.07631699
v -0.17231773 -0.63234615 0.07738780
v -0.22499616 -0.71687794 0.08513483
v -0.23519203 -0.72274452 0.08628993
v -0.22532476 -0.72154880 0.09444058
v -0.04440006 -0.14543217 -0.05283137
v -0.04818904 -0.21188980 -0.08075902
v -0.04166278 -0.22829479 -0.08732571
v 0.00169065 -0.18663412 0.01056685
v -0.07190508 -0.90105402 0.03029158
v -0.06563626 -0.89582008 0.01327679
v -0.27366862 -0.73164493 0.07006546
v -0.29258141 -0.73052299 0.07475239
v -0.20568922 -0.70688462 0.05464207
v -0.21005595 -0.70391548 0.07115881
v -0.20162401 -0.69840574 0.06921595
v -0.19743356 -0.70202428 0.05123790
v -0.21164794 -0.70483971 0.08511549
v -0.20307791 -0.69924599 0.08513880
v -0.14830084 -0.79257333 -0.03381709
v -0.15091173 -0.80973369 -0.02300705
v -0.16308528 -0.80509049 -0.02231891
v -0.16088168 -0.78763604 -0.03208296
v -0.13458143 -0.79443693 -0.03657406
v -0.11880811 -0.79495293 -0.04025192
v -0.12176454 -0.81308591 -0.02787590
v -0.13744232 -0.81227982 -0.02475453
v -0.07893829 -0.85555595 -0.00526321
v -0.09597536 -0.86469030 0.01282168
v -0.05803394 -0.84789050 -0.01672123
v -0.03891911 -0.84298116 -0.02399764
v -0.02825497 -0.88092947 0.12036350
v -0.02499179 -0.86707741 0.12696834
v -0.04551783 -0.87157810 0.12724827
v -0.04855514 -0.88246155 0.11964039
v -0.05940075 -0.88492864 0.00442289
v -0.04781559 -0.87642640 -0.00557803
v -0.03525186 -0.86138010 -0.01450467
v -0.34096327 -0.81922162 0.04600413
v -0.36459243 -0.81616461 0.04612722
v -0.07237741 -0.91336250 0.06442751
v -0.07410452 -0.90748769 0.04753559
v -0.34125328 -0.82577932 0.06369105
v -0.36544985 -0.82195055 0.06356914
v -0.14773577 -0.87276620 0.02513925
v -0.15767083 -0.85321712 0.00324876
v -0.14490359 -0.85184145 0.00522169
v -0.05459931 -0.89311552 -0.00060955
v -0.04489754 -0.88576078 -0.00857303
v -0.18683654 -0.24675766 0.02471287
v -0.18101276 -0.23523396 -0.01089273
v -0.15565091 -0.51184255 -0.01350519
v -0.16080679 -0.51613843 0.01300077
v -0.02748137 -0.54648042 -0.12310065
v -0.02585626 -0.52115965 -0.12647238
v -0.01870937 -0.88698167 -0.02090481
v -0.04892128 -0.46906352 -0.12358322
v -0.02497143 -0.46502686 -0.12750104
v -0.02504218 -0.49432573 -0.12779352
v -0.04863247 -0.49612993 -0.12271846
v -0.01408844 -0.42306706 -0.12377971
v -0.01586130 -0.43724188 -0.12474643
v -0.00867813 -0.24640894 -0.09601284
v -0.01965902 -0.24660087 -0.09443981
v -0.26333475 -0.80346948 0.01010462
v -0.26002085 -0.82369030 0.01740447
v -0.27743408 -0.81962204 0.02240891
v -0.27985919 -0.80056500 0.01403017
v -0.06961008 -0.47214577 -0.11341753
v -0.08987883 -0.47447622 -0.09726205
v -0.18368676 -0.71496648 0.01235431
v -0.18372312 -0.72513551 -0.00507900
v -0.02936204 -0.64285147 -0.09585723
v -0.07353400 -0.71146947 -0.09141216
v -0.07401472 -0.72791272 -0.08521001
v -0.09076253 -0.72929764 -0.08206546
v -0.08958867 -0.71417964 -0.08841356
v 0.00168322 -0.18988800 0.02118606
v -0.25227910 -0.80325198 0.12064214
v -0.26455286 -0.80810732 0.11835203
v -0.26133218 -0.81770456 0.11412154
v -0.24930646 -0.81442225 0.11679198
v 0.00150910 -0.15333176 0.01160264
v 0.00121012 -0.13803840 0.02400816
v -0.01436662 -0.19522554 0.09497088
v -0.00180873 -0.19715434 0.07776309
v -0.06651844 -0.08661509 -0.05390982
v -0.07032090 -0.11706972 -0.06083245
v -0.06275219 -0.05566013 -0.04578084
v -0.05907041 -0.02511525 -0.03752825
v -0.05631647 0.16420507 0.03306856
v -0.06698479 0.19368857 0.03282528
v -0.07198460 0.28811729 0.04996167
v -0.07260979 0.32395959 0.05490601
v -0.07373159 0.36204773 0.06063792
v -0.07486483 0.40193981 0.06618467
v -0.07597912 0.44034147 0.06903548
v -0.36765000 -0.82015711 0.08139279
v -0.34229445 -0.82530624 0.08307806
v -0.34529912 -0.81490827 0.09937663
v -0.37110153 -0.81203264 0.09696057
v -0.33157325 -0.73315173 0.06730679
v -0.32820696 -0.73996174 0.05268302
v -0.35037678 -0.73782861 0.05422082
v -0.35290065 -0.73235250 0.06883831
v -0.37597284 -0.73026669 0.07014854
v -0.37895232 -0.73019463 0.08410697
v -0.35546014 -0.73077720 0.08301539
v -0.38051996 -0.75893903 0.11419991
v -0.37840301 -0.77326006 0.11700079
v -0.35256219 -0.77283514 0.11884601
v -0.35593376 -0.75555342 0.11502752
v -0.37362230 -0.80044568 0.10870961
v -0.34882212 -0.80157447 0.11094726
v -0.35087630 -0.78747350 0.11732657
v -0.37606645 -0.78665411 0.11536059
v -0.36999607 -0.75417554 0.02917709
v -0.37156853 -0.74279225 0.04117493
v -0.34782746 -0.74602443 0.03988351
v -0.34568763 -0.75732040 0.02729248
v -0.25816062 -0.84267038 0.03298143
v -0.27586457 -0.83582586 0.03683602
v -0.21144722 -0.74791408 0.01123009
v -0.21489249 -0.76271379 -0.00310485
v -0.23010419 -0.76272315 0.00364086
v -0.22318400 -0.74759102 0.01848029
v -0.31713864 -0.81048691 0.02891245
v -0.29601824 -0.81483144 0.02598326
v -0.29534981 -0.82835120 0.04105352
v -0.31733936 -0.82247132 0.04419227
v -0.32192245 -0.75983906 0.02558423
v -0.32468733 -0.74874645 0.03828657
v -0.30199200 -0.74995536 0.03546587
v -0.29983658 -0.76157182 0.02285727
v -0.33421338 -0.74028164 0.10632698
v -0.31183523 -0.73640674 0.10318345
v -0.26491129 -0.78262162 0.00836211
v -0.28140873 -0.78010041 0.01261540
v -0.17721529 -0.71575302 -0.00713435
v -0.18843742 -0.68941367 0.04585852
v -0.19222179 -0.69667351 0.04839680
v -0.13665356 -0.66471940 -0.06300555
v -0.13897216 -0.67951316 -0.06591269
v -0.17383620 -0.65511483 0.00911848
v -0.17732289 -0.67112672 0.01700315
v -0.14496122 -0.66961753 -0.05498094
v -0.14420661 -0.67969686 -0.05945003
v -0.09933121 -0.59307909 -0.08583248
v -0.03677706 -0.85233694 -0.01811338
v -0.29775360 -0.79708540 0.01667805
v -0.29849729 -0.77764982 0.01583568
v -0.26968139 -0.74639207 0.11138281
v -0.27182719 -0.73767549 0.10361751
v -0.28885412 -0.74177140 0.10889491
v -0.28556371 -0.75247896 0.11602322
v -0.14303391 -0.70558250 0.14792946
v -0.12468261 -0.69620287 0.15315165
v -0.13793324 -0.68200576 0.14217070
v -0.15394615 -0.69276690 0.13800706
v -0.26099527 -0.83375037 0.10153846
v -0.26465118 -0.84000576 0.09117421
v -0.24861336 -0.84374285 0.09143848
v -0.24738275 -0.83498132 0.10296726
v -0.26940951 -0.84472996 0.07604900
v -0.27393499 -0.84472597 0.05690528
v -0.25547943 -0.85244513 0.05477825
v -0.25127569 -0.85089666 0.07553346
v -0.17260271 -0.29240516 0.07637713
v -0.18203056 -0.28737622 0.04643418
v -0.13990617 -0.41994759 -0.04038555
v -0.12274197 -0.41217679 -0.05916363
v -0.10018671 -0.31593010 -0.07071589
v -0.02673764 -0.18182671 -0.05860756
v -0.00980788 -0.17348492 -0.03447099
v -0.00064441 -0.11508733 0.03593111
v -0.18608116 -0.28010786 0.01528186
v -0.00569156 -0.08593392 0.04639524
v -0.01228680 -0.05519474 0.05584823
v -0.05828633 -0.06194073 0.11742621
v -0.08619422 -0.06035328 0.12253592
v -0.08307733 -0.09134507 0.12256064
v -0.05211385 -0.09463555 0.11633747
v -0.11359574 -0.05720133 0.11673408
v -0.11311622 -0.08721286 0.11744052
v -0.10563917 0.03968120 -0.02663648
v -0.10005178 0.26890188 0.15389156
v -0.12115391 0.30774367 0.14771712
v -0.12320339 0.26818711 0.14901212
v -0.10023256 0.30738628 0.15265259
v -0.14255767 0.26979035 0.13506132
v -0.14220344 0.23353446 0.13139653
v -0.14298522 0.32021469 0.05959416
v -0.10024337 0.34715867 0.14813149
v -0.11872204 0.34868658 0.14334127
v -0.13447791 0.35002601 0.13228938
v -0.13944227 0.30888605 0.13454592
v 0.00056148 -0.16313118 0.00033225
v -0.16393521 -0.18924147 -0.04054975
v -0.16187404 -0.22223723 -0.04382706
v -0.10571337 -0.23106372 -0.07336600
v -0.07665908 -0.21448481 -0.07678660
v -0.11067187 -0.50021285 -0.07675171
v -0.12921809 -0.50277954 -0.05819937
v -0.13077717 -0.54869807 -0.05451489
v -0.14544851 -0.55118734 -0.03364656
v -0.14500500 -0.52888149 -0.03548452
v -0.13012102 -0.52528751 -0.05638541
v -0.16173196 -0.55567575 0.01718188
v -0.16120812 -0.55816877 0.04575682
v -0.15907152 -0.53867161 0.04289426
v -0.16025831 -0.53565770 0.01507194
v -0.15948153 -0.52012217 0.04027335
v -0.15145728 -0.52376199 0.06603010
v -0.08484769 -0.56149971 0.13460954
v -0.10400917 -0.55664080 0.12422537
v -0.10665834 -0.57910442 0.12969273
v -0.08698916 -0.58590752 0.13973196
v -0.03076297 -0.24096054 -0.09160550
v -0.00169553 -0.17361325 -0.01455907
v -0.07340164 -0.14538610 -0.06631490
v -0.10656253 -0.17471534 -0.07312823
v -0.13796194 -0.17998713 -0.06365032
v -0.27059102 -0.73622894 0.05702157
v -0.18501313 -0.71741682 0.12540349
v -0.18177006 -0.72815245 0.13047574
v -0.28926018 -0.83817768 0.07912549
v -0.29391867 -0.83735353 0.06043997
v -0.28083184 -0.76226628 0.01859045
v -0.24482271 -0.82855999 0.01249586
v -0.24786365 -0.80613744 0.00462574
v -0.23259512 -0.81014276 -0.00167563
v -0.12939009 -0.30317649 -0.05886997
v -0.15806264 -0.28757125 -0.04473857
v -0.13233371 -0.27522418 -0.06189357
v 0.00126708 -0.19618714 0.06186112
v -0.05044805 -0.19700265 -0.07305931
v -0.01750709 -0.02486366 0.06326538
v -0.02114475 0.00424069 0.07033265
v -0.02378285 0.03212118 0.07739892
v -0.02618532 0.05978566 0.08460235
v -0.02955385 0.08771789 0.09193568
v -0.03656390 0.11589932 0.09739176
v -0.04534117 0.14526349 0.09902098
v -0.04890739 0.17556095 0.10590143
v -0.03911009 0.24424094 0.10435834
v -0.04540509 0.24161065 0.12208397
v -0.04784902 0.20762652 0.11487707
v -0.04396674 0.27663058 0.12734044
v -0.04647951 0.31188643 0.12901041
v -0.05344998 0.34958124 0.12695391
v -0.06046613 0.42754233 0.12401541
v -0.05862547 0.38871598 0.12495624
v 0.00223037 -0.19380212 0.03420002
v 0.00199995 -0.19515926 0.04739026
v -0.13000564 -0.84984183 0.00665862
v -0.19214781 -0.71072632 0.03330580
v -0.19975545 -0.71440309 0.03765699
v -0.26377034 -0.76304770 0.01399115
v -0.32497644 -0.80142766 0.11296279
v -0.32115453 -0.81719434 0.10321023
v -0.28064850 -0.75029671 0.03185401
v -0.22085625 -0.73607135 0.03262199
v -0.21001588 -0.73368937 0.02584847
v -0.57520491 -0.80559248 0.06495333
v -0.57218695 -0.80974406 0.07923321
v -0.59372818 -0.80577791 0.07745862
v -0.59599048 -0.80064994 0.06442292
v -0.57708633 -0.79529983 0.05427626
v -0.59726751 -0.79035395 0.05521866
v -0.57643896 -0.73015702 0.07349592
v -0.57633275 -0.73968607 0.06076521
v -0.59707665 -0.73984796 0.06529811
v -0.59706581 -0.73170543 0.07814761
v -0.61761034 -0.77388048 0.05172867
v -0.61733848 -0.76130450 0.05338221
v -0.59745002 -0.76377541 0.05058962
v -0.59781396 -0.77750969 0.05021259
v -0.57236648 -0.73218286 0.10586838
v -0.56889677 -0.74237096 0.11738062
v -0.54830402 -0.73833323 0.11491498
v -0.55217260 -0.72853482 0.10170755
v -0.49177095 -0.73832822 0.05064472
v -0.49304333 -0.72721893 0.06208504
v -0.47607794 -0.72974980 0.05528939
v -0.47436225 -0.74189973 0.04526078
v -0.53265595 -0.81415498 0.06515713
v -0.52823204 -0.81523204 0.08128036
v -0.55018264 -0.81288922 0.08061158
v -0.55394661 -0.80993420 0.06519027
v -0.53547585 -0.77435654 0.04127417
v -0.53410196 -0.75761539 0.04481940
v -0.51209247 -0.76204532 0.04218954
v -0.51324761 -0.77893847 0.03901606
v -0.51057190 -0.81834358 0.06572154
v -0.50649297 -0.81586248 0.08147256
v -0.57721823 -0.76683795 0.04703839
v -0.57642716 -0.75226247 0.05193624
v -0.55552918 -0.75437319 0.04780022
v -0.55682319 -0.77020377 0.04365954
v -0.61314094 -0.73998046 0.10910869
v -0.61066192 -0.74993485 0.11780093
v -0.58980668 -0.74633521 0.11813521
v -0.59282136 -0.73617446 0.10818493
v -0.61712039 -0.75009745 0.05965066
v -0.61720061 -0.74048716 0.06922549
v -0.59697533 -0.75101548 0.05615012
v -0.61102355 -0.79755706 0.10229937
v -0.61289865 -0.80224824 0.08933853
v -0.59085524 -0.80511791 0.09216680
v -0.58836645 -0.79868823 0.10597171
v -0.53383911 -0.73066014 0.06211238
v -0.53366035 -0.74247533 0.05134020
v -0.55523223 -0.74033880 0.05572395
v -0.55527961 -0.72990268 0.06806016
v -0.53524256 -0.80514789 0.05155104
v -0.55643249 -0.80012250 0.05296054
v -0.56574309 -0.79898643 0.10881541
v -0.56863660 -0.80721486 0.09446970
v -0.54648995 -0.80793047 0.09562054
v -0.54333144 -0.79817063 0.11067416
v -0.52027595 -0.78158247 0.12033749
v -0.52114499 -0.76455754 0.12235297
v -0.54249829 -0.76825553 0.12312803
v -0.54197979 -0.78461903 0.11993933
v -0.51255733 -0.73384571 0.05626244
v -0.51295894 -0.72477120 0.07020650
v -0.53184688 -0.72575837 0.09596187
v -0.52788258 -0.73446828 0.11101395
v -0.50792384 -0.73081547 0.10525278
v -0.51165843 -0.72349560 0.08841351
v -0.47109434 -0.80402029 0.04051913
v -0.47027075 -0.81631249 0.05186142
v -0.48970994 -0.81453854 0.05102826
v -0.49079248 -0.80095923 0.04013893
v -0.48780048 -0.82032269 0.06668358
v -0.46721232 -0.82083571 0.06849402
v -0.43571511 -0.81079656 0.08710425
v -0.43580040 -0.79913837 0.09734625
v -0.44671053 -0.79925179 0.09543380
v -0.44847879 -0.81209642 0.08487735
v -0.47927687 -0.77282542 0.12165509
v -0.48044297 -0.75450718 0.11924885
v -0.50041580 -0.75987351 0.12110811
v -0.49918887 -0.77777350 0.12138113
v -0.46896955 -0.73304009 0.10636505
v -0.47456440 -0.72336811 0.09098277
v -0.48974329 -0.72691762 0.09807857
v -0.48444366 -0.73862696 0.11143686
v -0.41952005 -0.72943133 0.08765320
v -0.41850328 -0.72660875 0.07344239
v -0.43407243 -0.72418362 0.07453854
v -0.43466321 -0.72746658 0.08987201
v -0.41445309 -0.73855567 0.04417153
v -0.41327953 -0.75047225 0.03377954
v -0.42894375 -0.74918127 0.03523234
v -0.43017903 -0.73684573 0.04496974
v -0.41148445 -0.81099313 0.04562647
v -0.41022205 -0.81729764 0.06243356
v -0.42369270 -0.81839210 0.05967521
v -0.42536536 -0.80976164 0.04391377
v -0.46300116 -0.76844621 0.12105676
v -0.46163204 -0.74814916 0.11734679
v -0.44538361 -0.73491174 0.04671139
v -0.44372824 -0.74732482 0.03731657
v -0.45833027 -0.74465263 0.04076499
v -0.46033028 -0.73207307 0.05021629
v -0.43939683 -0.77816778 0.03456042
v -0.43986818 -0.79268157 0.03574351
v -0.45318419 -0.79112452 0.03698894
v -0.45471421 -0.77425236 0.03684981
v -0.43830991 -0.80858254 0.04282333
v -0.43670553 -0.81794393 0.05629281
v -0.45214391 -0.81758463 0.05386274
v -0.45319813 -0.80657291 0.04167193
v -0.44465718 -0.77679718 0.11419816
v -0.44663611 -0.76368284 0.11906735
v -0.45346504 -0.76676702 0.12042337
v -0.45184579 -0.77990150 0.11466860
v -0.45755824 -0.72978711 0.09959433
v -0.46125504 -0.72213888 0.08409301
v -0.47083780 -0.77121592 0.03990828
v -0.47236225 -0.75621897 0.04113843
v -0.45621431 -0.75949132 0.03759927
v -0.45007208 -0.82023954 0.07043611
v -0.42030144 -0.73730195 0.09922162
v -0.42054778 -0.74659789 0.10881972
v -0.40438437 -0.74689752 0.10768817
v -0.40418476 -0.73749053 0.09799086
v -0.40269095 -0.73067540 0.08612065
v -0.40063071 -0.72904062 0.07203647
v -0.39556050 -0.74053103 0.04252703
v -0.39387459 -0.75209808 0.03136765
v -0.39253533 -0.76793927 0.02512344
v -0.39077082 -0.78577030 0.02573859
v -0.41079178 -0.78417003 0.02993118
v -0.41234168 -0.76638204 0.02864401
v -0.38929144 -0.81858379 0.06317630
v -0.38880545 -0.81351119 0.04603947
v -0.39198762 -0.81570262 0.07994707
v -0.41073778 -0.81479323 0.07772853
v -0.44721982 -0.72525775 0.06073592
v -0.43230861 -0.72779870 0.05839626
v -0.56400293 -0.78672028 0.11915395
v -0.56406242 -0.77138454 0.12292742
v -0.58617157 -0.77363747 0.12152507
v -0.58662695 -0.78775746 0.11666127
v -0.60881269 -0.76239645 0.12085985
v -0.58735579 -0.75947231 0.12242711
v -0.57784694 -0.78174514 0.04782499
v -0.55726331 -0.78622568 0.04551694
v -0.61701328 -0.78599399 0.05556467
v -0.47080630 -0.78759468 0.03749828
v -0.49035215 -0.78368700 0.03793900
v -0.43623871 -0.78744817 0.10713872
v -0.42544910 -0.79887670 0.09996568
v -0.42732313 -0.78727394 0.10928451
v -0.47951314 -0.79005587 0.11290307
v -0.48177531 -0.80284739 0.09559704
v -0.46049452 -0.79742777 0.09751125
v -0.46240482 -0.78480947 0.11399052
v -0.44024551 -0.76105142 0.11704431
v -0.43796244 -0.77488738 0.11381152
v -0.42928514 -0.77382207 0.11413820
v -0.43143249 -0.75971544 0.11528987
v -0.42604518 -0.79529887 0.03523283
v -0.41107792 -0.79866225 0.03499489
v -0.41350842 -0.79839766 0.10259406
v -0.41212478 -0.80725718 0.09069664
v -0.39572287 -0.80820000 0.09440713
v -0.39716828 -0.79889816 0.10604101
v -0.42440429 -0.80861652 0.08844674
v -0.41531894 -0.78699410 0.11116353
v -0.39900300 -0.78690815 0.11332124
v -0.38937011 -0.80186206 0.03300215
v -0.41895589 -0.75935715 0.11453246
v -0.41734135 -0.77337825 0.11477792
v -0.40090582 -0.77331454 0.11588801
v -0.40285903 -0.75915384 0.11419406
v -0.56588608 -0.75634760 0.12268250
v -0.54466742 -0.75267375 0.12160123
v -0.47706032 -0.72152007 0.07213860
v -0.49300760 -0.72133029 0.07985267
v -0.46202123 -0.72309077 0.06551035
v -0.57528293 -0.72733253 0.08979465
v -0.59551781 -0.73053223 0.09371583
v -0.53386992 -0.72387326 0.07783356
v -0.55469823 -0.72506648 0.08441895
v -0.52154362 -0.79631317 0.11143066
v -0.44517806 -0.73710847 0.10532147
v -0.44748911 -0.72741586 0.09367707
v -0.45281351 -0.74017704 0.11086354
v -0.39724439 -0.73265409 0.05651302
v -0.41667596 -0.73001182 0.05779783
v -0.45343313 -0.75494903 0.11995175
v -0.37346601 -0.73521852 0.05538472
v -0.46390381 -0.81329805 0.08349702
v -0.43587649 -0.81843007 0.07271093
v -0.42376438 -0.81646967 0.07507799
v -0.61466289 -0.80183882 0.07552426
v -0.53619128 -0.79091597 0.04335046
v -0.48913911 -0.76733083 0.04092002
v -0.48998919 -0.75199038 0.04445842
v -0.44251287 -0.74781758 0.11414785
v -0.43340829 -0.74660128 0.11074604
v -0.43450695 -0.73658586 0.10138535
v -0.42542213 -0.78207457 0.03256520
v -0.42754510 -0.76485264 0.03097422
v -0.61542898 -0.73430592 0.09615121
v -0.44171295 -0.76221305 0.03364563
v -0.48391941 -0.81533802 0.08209261
v -0.02377714 -0.81636757 0.14399356
v -0.16869110 -0.63939124 0.00057462
v -0.13080151 -0.61341381 -0.05455385
v -0.14565887 -0.61643374 -0.03606911
v -0.18268584 -0.69724548 0.02688013
v -0.18689430 -0.70537615 0.02995691
v -0.21325593 -0.72322261 0.04152445
v -0.22509536 -0.72826511 0.04661437
v -0.17171328 -0.67937857 -0.00223246
v -0.01413417 -0.45202932 -0.12480275
v -0.05162887 -0.44764173 0.12973733
v -0.02693339 -0.44685763 0.12898764
v -0.02909696 -0.42883262 0.13577768
v -0.05506013 -0.42909405 0.13489880
v -0.03152192 -0.41098663 0.14626142
v -0.16362964 -0.37741312 0.08946124
v -0.15882713 -0.39901060 0.08652017
v -0.14393102 -0.39744207 0.10982765
v -0.14776772 -0.37499160 0.11469971
v -0.16413467 -0.41507122 0.05969661
v -0.15408875 -0.41725713 0.08435539
v -0.16859668 -0.39789110 0.05988589
v -0.17236507 -0.39231399 0.03171760
v -0.16770710 -0.41043833 0.03227087
v -0.16933103 -0.38277301 0.00490222
v -0.16419014 -0.40233952 0.00554281
v -0.16047215 -0.37220243 -0.01950627
v -0.14511427 -0.36187124 -0.04022713
v -0.12638418 -0.32872298 -0.05716822
v -0.10044968 -0.34219751 -0.07050133
v -0.12385535 -0.35177121 -0.05688473
v -0.05373939 -0.32765538 -0.08944114
v -0.07623311 -0.33362898 -0.08141705
v -0.01551347 -0.32076573 -0.09710559
v -0.03375653 -0.32369763 -0.09442756
v -0.12492263 -0.83128315 -0.01257576
v -0.11308386 -0.88736749 0.10091414
v -0.12390164 -0.89211583 0.07834755
v -0.09855214 -0.89291072 0.09853418
v -0.13410251 -0.82735538 0.14222968
v -0.13751841 -0.84686142 0.13089782
v -0.11538155 -0.84122980 0.14246677
v -0.11215393 -0.82324612 0.15069842
v -0.08636272 -0.88478482 0.11334313
v -0.07849567 -0.88674963 0.11275101
v -0.09740668 -0.87840462 0.11769754
v -0.06196714 -0.86380327 0.13373610
v -0.08110502 -0.87019664 0.12909545
v -0.17277119 -0.87696970 0.07416351
v -0.17060763 -0.86317647 0.09755461
v -0.18140766 -0.86162895 0.09211861
v -0.18525441 -0.87589288 0.06958383
v -0.16589049 -0.81194377 0.13430206
v -0.16301659 -0.79505652 0.13906541
v -0.17641075 -0.79680365 0.13336305
v -0.17806424 -0.81310219 0.12886263
v -0.21382104 -0.86725974 0.05654264
v -0.21045139 -0.86059994 0.07953742
v -0.22197664 -0.85882860 0.07713048
v -0.22588512 -0.86307973 0.05459136
v -0.17874163 -0.82961619 0.12111726
v -0.09331501 -0.70541430 0.16334014
v -0.13357641 -0.71970481 0.15496418
v -0.11461104 -0.71285391 0.16033822
v -0.17819858 -0.74015802 0.13426912
v -0.16579607 -0.73510879 0.14032981
v -0.17025702 -0.72206849 0.13614543
v -0.20210890 -0.74703372 0.12319697
v -0.19022802 -0.74411887 0.12844028
v -0.23385735 -0.78519082 -0.00490976
v -0.21908160 -0.78825891 -0.01169381
v -0.21694720 -0.81641024 -0.00552467
v -0.21970226 -0.73992294 0.11086559
v -0.23196387 -0.74508023 0.10993204
v -0.22935331 -0.75079316 0.11318891
v -0.21605024 -0.74592632 0.11388711
v -0.15973715 -0.87963414 0.07812415
v -0.20921738 -0.84751105 0.09624464
v -0.20830075 -0.83444017 0.10857399
v -0.22056414 -0.83593202 0.10697421
v -0.22144029 -0.84780616 0.09424974
v -0.20995420 -0.81940454 0.11804715
v -0.21015069 -0.80424601 0.12355785
v -0.22316483 -0.80782127 0.12127471
v -0.22246179 -0.82198167 0.11611292
v -0.22854093 -0.75789422 0.11661839
v -0.21231127 -0.75325596 0.11695045
v -0.24291308 -0.84890103 0.03036014
v -0.19519204 -0.87456769 0.03698117
v -0.19142038 -0.86114657 0.01204215
v -0.18158680 -0.86764663 0.01506766
v -0.18522137 -0.87845969 0.04161359
v -0.25343096 -0.73050267 0.06595721
v -0.24909452 -0.73474753 0.05228258
v -0.25577688 -0.72803646 0.07842895
v -0.22518305 -0.72816062 0.10208361
v -0.25697517 -0.72891128 0.08933064
v -0.24707285 -0.76312298 0.00935510
v -0.24892455 -0.78378320 0.00319249
v -0.18826871 -0.83597440 -0.00417459
v -0.17786765 -0.84459859 -0.00184783
v -0.23958345 -0.85828525 0.05397577
v -0.23557368 -0.85536975 0.07594652
v -0.25048238 -0.75229156 0.11404062
v -0.26349500 -0.75976920 0.11861976
v -0.24774881 -0.75749302 0.11677275
v -0.20955947 -0.72047645 0.11132424
v -0.22277765 -0.73440558 0.10690066
v -0.19478701 -0.87379301 0.06484618
v -0.23355123 -0.84671026 0.09252433
v -0.23338288 -0.83533043 0.10573252
v -0.19843739 -0.81688917 0.12083232
v -0.19732404 -0.83239311 0.11167318
v -0.18783171 -0.83097905 0.11593404
v -0.18816721 -0.81481403 0.12449566
v -0.23682532 -0.81167352 0.11970450
v -0.23895290 -0.79766953 0.12244698
v -0.19864222 -0.80110431 0.12605314
v -0.18772098 -0.79865777 0.12922475
v -0.24569459 -0.76464313 0.11943199
v -0.16827644 -0.85077560 0.00092503
v -0.16540863 -0.82656020 -0.01083414
v -0.15398933 -0.82983094 -0.00982232
v -0.18888681 -0.80867893 -0.01518682
v -0.17618449 -0.81909102 -0.01313219
v -0.20417923 -0.79629803 -0.01498912
v -0.14120202 -0.83037800 -0.01043634
v -0.44962746 -0.75125527 0.11807716
v -0.27547893 -0.76736104 0.12108994
v -0.26705953 -0.75442469 0.11622275
v -0.28049466 -0.76108938 0.11955535
v -0.32615983 -0.78742981 0.11824607
v -0.44435605 -0.78819096 0.10567493
v -0.45132205 -0.78831810 0.10585803
v -0.50016564 -0.79360259 0.11199842
v -0.52400047 -0.80792665 0.09646540
v -0.50239062 -0.80643749 0.09614833
v -0.51290709 -0.81068856 0.05044563
v -0.51387089 -0.79623944 0.04099854
v -0.51210874 -0.74655288 0.04757158
v -0.50335801 -0.74388605 0.11594625
v -0.65691799 -0.78922409 0.05839099
v -0.65642750 -0.79579288 0.06902727
v -0.67743635 -0.79286617 0.06585637
v -0.67753232 -0.78510815 0.05647245
v -0.69674659 -0.77076691 0.05139747
v -0.67720836 -0.77447802 0.05246093
v -0.69780958 -0.78181291 0.05344350
v -0.69547099 -0.76080787 0.05455232
v -0.67649132 -0.76412833 0.05441511
v -0.69445491 -0.75320399 0.06173747
v -0.69418699 -0.74740130 0.07043879
v -0.67579120 -0.74827123 0.06824574
v -0.67591774 -0.75513309 0.06009528
v -0.67588902 -0.74389386 0.07818656
v -0.67561531 -0.74224889 0.08912484
v -0.65606141 -0.73953962 0.08696314
v -0.65640736 -0.74270129 0.07539034
v -0.69382787 -0.75372398 0.10770039
v -0.69322646 -0.76240683 0.11067644
v -0.67326409 -0.75998020 0.11303795
v -0.67404991 -0.75039929 0.10899945
v -0.65231615 -0.77913827 0.11188972
v -0.65188158 -0.76794368 0.11533841
v -0.67312926 -0.77080446 0.11239672
v -0.67353255 -0.78140903 0.10908218
v -0.69346535 -0.78360987 0.10788399
v -0.69453520 -0.79035842 0.09911729
v -0.67461532 -0.78909445 0.10165177
v -0.61611509 -0.79608786 0.06359750
v -0.63645655 -0.79276246 0.06119622
v -0.63702869 -0.78238451 0.05428723
v -0.63670969 -0.75886232 0.05606856
v -0.63688999 -0.77032095 0.05306838
v -0.65672028 -0.76700324 0.05351062
v -0.65643102 -0.75672883 0.05789392
v -0.61681658 -0.73419070 0.08202790
v -0.63668704 -0.74156761 0.07275402
v -0.63652581 -0.73696542 0.08471528
v -0.65641928 -0.74869204 0.06554082
v -0.63666290 -0.74930024 0.06305423
v -0.65502119 -0.74095625 0.09912989
v -0.67487818 -0.74444741 0.10019460
v -0.65588915 -0.79705161 0.08166530
v -0.65491134 -0.79457867 0.09403452
v -0.67608821 -0.79336351 0.09031689
v -0.67700064 -0.79513329 0.07801714
v -0.63537771 -0.73799735 0.09758186
v -0.63327718 -0.79618078 0.09806802
v -0.63461369 -0.79959768 0.08553182
v -0.65350354 -0.78868151 0.10477633
v -0.63170898 -0.78832579 0.10869014
v -0.69715470 -0.79394716 0.07491776
v -0.69800878 -0.79050845 0.06276632
v -0.63556695 -0.79880869 0.07237576
v -0.65369171 -0.74685013 0.10942568
v -0.65242797 -0.75664037 0.11511432
v -0.63159078 -0.75331080 0.11664099
v -0.63351023 -0.74354970 0.10937525
v -0.60838425 -0.77533364 0.11889656
v -0.63050979 -0.76503611 0.11814280
v -0.63064545 -0.77706724 0.11533112
v -0.69315219 -0.77287155 0.11057656
v -0.60929924 -0.78804195 0.11297224
v -0.77910715 -0.73762560 0.05999738
v -0.78865051 -0.74150103 0.05899934
v -0.78289300 -0.74441612 0.06637510
v -0.77264082 -0.74284554 0.06581940
v -0.75193244 -0.72065312 0.05017655
v -0.76403594 -0.71548110 0.04444301
v -0.77081460 -0.71665591 0.05291747
v -0.76011109 -0.72288769 0.05991130
v -0.78456610 -0.73295957 0.05444466
v -0.79291511 -0.73983914 0.05253482
v -0.80087930 -0.74652070 0.05057205
v -0.79179645 -0.73977119 0.04783896
v -0.80085468 -0.75224227 0.04556490
v -0.79544431 -0.76330084 0.04401978
v -0.80873626 -0.76735705 0.04808525
v -0.80919468 -0.75744319 0.04611724
v -0.78851038 -0.77973282 0.06962737
v -0.78530145 -0.78028566 0.08175358
v -0.80187744 -0.77921861 0.08295600
v -0.80433500 -0.77762049 0.07071304
v -0.79222143 -0.77414572 0.10341967
v -0.79818809 -0.77633530 0.09296325
v -0.78154790 -0.77846962 0.09114894
v -0.77689135 -0.77618867 0.10032810
v -0.76752448 -0.74619657 0.07362755
v -0.77794731 -0.74633616 0.07441485
v -0.77596909 -0.74636543 0.08091191
v -0.76502794 -0.74614489 0.08074761
v -0.79111362 -0.74601638 0.04296745
v -0.79195321 -0.73060441 0.04336905
v -0.79111332 -0.73328352 0.03969230
v -0.78559005 -0.74806380 0.03891239
v -0.72773856 -0.74050874 0.08476289
v -0.73869640 -0.73799694 0.08771206
v -0.73920864 -0.73654044 0.09596615
v -0.72681195 -0.73927879 0.09391654
v -0.72699589 -0.73922694 0.06261244
v -0.72193730 -0.74898726 0.05126228
v -0.72947443 -0.74328339 0.04624959
v -0.73340213 -0.73243022 0.05820270
v -0.73865235 -0.73538691 0.04239596
v -0.74905115 -0.72751480 0.03946382
v -0.74213523 -0.72607630 0.05449979
v -0.76239669 -0.72132170 0.03570460
v -0.73431808 -0.74043244 0.10883194
v -0.72568339 -0.74372584 0.10528625
v -0.84236431 -0.73238415 0.05995673
v -0.84310687 -0.73346496 0.05405222
v -0.84559011 -0.73107630 0.05487964
v -0.84495151 -0.73028773 0.06077243
v -0.72654510 -0.77134526 0.11147133
v -0.72534114 -0.76127976 0.11315524
v -0.73240870 -0.76145017 0.11523139
v -0.73410648 -0.77134210 0.11159765
v -0.74148077 -0.76183647 0.11846768
v -0.74367809 -0.77176642 0.11239555
v -0.85117650 -0.73942834 0.04955389
v -0.85518813 -0.74238902 0.05165634
v -0.85798401 -0.73660815 0.05202949
v -0.85355884 -0.73450935 0.05025474
v -0.79294831 -0.74497509 0.06604615
v -0.79787529 -0.74357355 0.05786065
v -0.80668962 -0.74527794 0.05610876
v -0.81417239 -0.74642646 0.05466583
v -0.81519753 -0.74461442 0.06130600
v -0.80488366 -0.74515253 0.06543408
v -0.78966773 -0.74681896 0.07782995
v -0.80131143 -0.74609143 0.07845733
v -0.79652792 -0.74657178 0.08592703
v -0.78539026 -0.74676269 0.08560289
v -0.78987193 -0.74277794 0.10628739
v -0.78115994 -0.74157035 0.10514326
v -0.78155929 -0.74366993 0.09873064
v -0.79202175 -0.74452519 0.09922939
v -0.82034373 -0.74612474 0.09944738
v -0.81119132 -0.74579984 0.09932010
v -0.81296831 -0.74644482 0.09387948
v -0.82170761 -0.74668151 0.09413543
v -0.71860808 -0.77263862 0.11139423
v -0.71792352 -0.76220948 0.11194806
v -0.78705472 -0.75654054 0.13127349
v -0.79272276 -0.76547098 0.12558737
v -0.78161043 -0.76666480 0.12156455
v -0.77595693 -0.75890124 0.12716599
v -0.73706490 -0.77929032 0.10416920
v -0.72888309 -0.78025889 0.10482199
v -0.85859513 -0.74440855 0.05655910
v -0.86073124 -0.73829812 0.05712158
v -0.75003672 -0.74228472 0.03368947
v -0.76448464 -0.73132467 0.03034018
v -0.73856604 -0.75188887 0.03883152
v -0.72319275 -0.76269859 0.04712779
v -0.73064095 -0.75810993 0.04389929
v -0.80968392 -0.74537200 0.07085177
v -0.78655511 -0.74636239 0.07312611
v -0.77410632 -0.74570996 0.08598359
v -0.76461720 -0.73715264 0.10675457
v -0.77171397 -0.73819119 0.10936785
v -0.76895249 -0.73808867 0.11706128
v -0.76066834 -0.73798913 0.11679643
v -0.78378141 -0.74212158 0.12566720
v -0.78387105 -0.74800414 0.13099194
v -0.77421659 -0.74874693 0.12844649
v -0.77579403 -0.74172729 0.12417469
v -0.79003459 -0.73361617 0.03406943
v -0.78039014 -0.74620754 0.03357204
v -0.72490031 -0.75144035 0.11113116
v -0.73228723 -0.75049090 0.11473645
v -0.71772969 -0.75367093 0.10856946
v -0.73993397 -0.73756129 0.07573049
v -0.75309527 -0.74327290 0.07949233
v -0.75170815 -0.74229765 0.08473230
v -0.73868763 -0.73889595 0.08192951
v -0.76255935 -0.73706651 0.06705487
v -0.75101066 -0.72879654 0.06479875
v -0.77021170 -0.73078251 0.06216919
v -0.72745985 -0.74080610 0.07556546
v -0.71867490 -0.74451095 0.07296926
v -0.71864408 -0.74433523 0.08326583
v -0.71810257 -0.74431461 0.09359710
v -0.71805429 -0.74779189 0.10307502
v -0.70883054 -0.74633431 0.07191049
v -0.70918000 -0.74545836 0.08212584
v -0.70908189 -0.74629116 0.09290443
v -0.70898420 -0.74936181 0.10189495
v -0.71975064 -0.78260845 0.10550603
v -0.70850712 -0.78429872 0.10687291
v -0.70805764 -0.77323711 0.11108327
v -0.71928304 -0.74641860 0.06228965
v -0.70951372 -0.75056982 0.06238304
v -0.71098059 -0.75664824 0.05305095
v -0.71283537 -0.76771313 0.04978461
v -0.78735220 -0.71547508 0.04659249
v -0.78294772 -0.71916598 0.05091175
v -0.77742708 -0.71355760 0.04682285
v -0.78337938 -0.71070975 0.04167692
v -0.81543499 -0.75101143 0.04945586
v -0.80810183 -0.75028366 0.04959154
v -0.81775320 -0.75816232 0.04742675
v -0.74823433 -0.73601007 0.10202868
v -0.74374688 -0.73932195 0.11292083
v -0.81748861 -0.74496800 0.06708687
v -0.83322966 -0.75097024 0.04826402
v -0.83743358 -0.75625932 0.05038762
v -0.84952104 -0.74822927 0.05117959
v -0.84545934 -0.74411440 0.04880640
v -0.82916212 -0.74172056 0.06539514
v -0.83341181 -0.74532127 0.06950480
v -0.82703120 -0.74714756 0.07055176
v -0.82336593 -0.74446762 0.06563023
v -0.81569797 -0.74399471 0.10606028
v -0.80783176 -0.74403650 0.10593793
v -0.82005519 -0.77402002 0.05870628
v -0.80636078 -0.77632010 0.05712847
v -0.81993860 -0.77091795 0.07188430
v -0.80202067 -0.74512786 0.09943221
v -0.79380637 -0.74584395 0.09294265
v -0.80376667 -0.74593037 0.09365922
v -0.81712437 -0.74673581 0.07745493
v -0.80961233 -0.74591476 0.07865120
v -0.81305629 -0.74574363 0.07364021
v -0.81911683 -0.74617279 0.07191123
v -0.76368111 -0.76074177 0.12443624
v -0.76227462 -0.74752456 0.12594697
v -0.84667641 -0.73612791 0.05031795
v -0.84906971 -0.73253274 0.05133472
v -0.70824629 -0.76282901 0.11041732
v -0.70877165 -0.75483853 0.10747655
v -0.78289050 -0.74563229 0.09206437
v -0.79144788 -0.77593935 0.05592599
v -0.77226734 -0.74424869 0.09145021
v -0.81603962 -0.74994051 0.11570008
v -0.81919551 -0.75639814 0.11425899
v -0.81076616 -0.76147425 0.11399928
v -0.80908918 -0.75223696 0.11772827
v -0.84471875 -0.73396796 0.06505651
v -0.84913957 -0.73708987 0.06816108
v -0.84379548 -0.74090731 0.06834668
v -0.83986866 -0.73697579 0.06509557
v -0.82721853 -0.74173051 0.05420293
v -0.82722229 -0.74035788 0.06008185
v -0.82077259 -0.74388981 0.06037485
v -0.82028425 -0.74528873 0.05437436
v -0.82198232 -0.74958891 0.04991448
v -0.82954323 -0.74606085 0.04998391
v -0.84045166 -0.75771940 0.06439236
v -0.83848178 -0.75171012 0.06928551
v -0.84909737 -0.74575865 0.06873135
v -0.85272098 -0.74945784 0.06362986
v -0.76251507 -0.77889287 0.09785963
v -0.75882626 -0.77559352 0.10685642
v -0.77282238 -0.77289003 0.10976404
v -0.78721356 -0.77040935 0.11323555
v -0.80057710 -0.76597458 0.11590382
v -0.80649817 -0.77211618 0.10594475
v -0.76853913 -0.76872474 0.11728325
v -0.82868797 -0.76352298 0.07653688
v -0.82845640 -0.75703526 0.07520750
v -0.83036363 -0.76307601 0.06769748
v -0.77049226 -0.74157739 0.09907423
v -0.84124017 -0.73982084 0.04977565
v -0.73558968 -0.78176373 0.05736734
v -0.73551977 -0.78784376 0.07047316
v -0.74612969 -0.78613693 0.07080904
v -0.74498582 -0.77852875 0.05492488
v -0.83799583 -0.73506224 0.05974574
v -0.83807552 -0.73591101 0.05376431
v -0.81472456 -0.74425083 0.11589368
v -0.80839044 -0.74274594 0.11726294
v -0.80652690 -0.74272561 0.11239442
v -0.81419444 -0.74315083 0.11161207
v -0.75541955 -0.77118850 0.11425258
v -0.80030721 -0.76036292 0.12873520
v -0.79541713 -0.75011081 0.13390240
v -0.73995996 -0.78413570 0.09422087
v -0.74665660 -0.77792668 0.10484082
v -0.74986452 -0.78178573 0.09574615
v -0.81500876 -0.77043289 0.09402389
v -0.76650959 -0.78110468 0.08960813
v -0.75332266 -0.78360450 0.08742738
v -0.74230611 -0.78625655 0.08460056
v -0.73330837 -0.78851146 0.08354122
v -0.73143065 -0.78603411 0.09391911
v -0.85843611 -0.74337834 0.06367442
v -0.85258126 -0.75044835 0.05635780
v -0.72153682 -0.78822422 0.09427513
v -0.70961809 -0.79032201 0.09659059
v -0.72336721 -0.79063368 0.08341258
v -0.71109957 -0.79235113 0.08514158
v -0.75656724 -0.78457355 0.07818820
v -0.75895494 -0.78318149 0.06717194
v -0.76992607 -0.78226751 0.08052967
v -0.77345651 -0.78141361 0.06911409
v -0.81735957 -0.77672136 0.08357082
v -0.85265017 -0.73280400 0.06862660
v -0.85750866 -0.72558063 0.06946132
v -0.86187398 -0.72673428 0.06788205
v -0.85774541 -0.73483789 0.06775497
v -0.85425609 -0.74029702 0.06801195
v -0.86074501 -0.73700273 0.06378912
v -0.77656794 -0.77627742 0.05424740
v -0.82458264 -0.74774081 0.07659998
v -0.75986856 -0.77360576 0.04925632
v -0.78220594 -0.76560467 0.04118676
v -0.77126342 -0.76142126 0.03657508
v -0.74129742 -0.76675785 0.04204159
v -0.75287402 -0.75834095 0.03499563
v -0.72539002 -0.77470821 0.05031181
v -0.73322612 -0.77147657 0.04766012
v -0.71410728 -0.77849066 0.05187748
v -0.76583934 -0.74625891 0.02991989
v -0.84822327 -0.72486436 0.05677532
v -0.84820485 -0.72457117 0.06281875
v -0.71432620 -0.78752500 0.06016811
v -0.72651064 -0.78415561 0.05855717
v -0.77790344 -0.72419173 0.05655204
v -0.76189506 -0.74302942 0.09044337
v -0.76029658 -0.73993576 0.09641688
v -0.75716394 -0.73647082 0.10461571
v -0.75281262 -0.73850954 0.11587679
v -0.71300882 -0.79267389 0.07244647
v -0.69453830 -0.74494064 0.08046170
v -0.69444686 -0.74529219 0.09117838
v -0.69576281 -0.79293507 0.08751881
v -0.85173273 -0.72583270 0.05280615
v -0.82656431 -0.75076187 0.09621094
v -0.82598370 -0.75103402 0.09876961
v -0.77317470 -0.71308279 0.03937513
v -0.78090751 -0.71127927 0.03517523
v -0.77248150 -0.71818304 0.03154372
v -0.77530557 -0.72615731 0.02730888
v -0.78477013 -0.72218269 0.02690543
v -0.78190178 -0.71535581 0.03004587
v -0.75100476 -0.74030894 0.08931611
v -0.75045496 -0.73812073 0.09494800
v -0.75103104 -0.74914628 0.12341167
v -0.75202835 -0.76195300 0.12168613
v -0.82515651 -0.75585335 0.04808493
v -0.81986463 -0.76634604 0.05012935
v -0.82802933 -0.76177907 0.05083852
v -0.83953929 -0.75972533 0.05661552
v -0.83142173 -0.75380021 0.07102801
v -0.82872480 -0.75191474 0.07473679
v -0.74431664 -0.73378277 0.07003131
v -0.75672674 -0.74171031 0.07307453
v -0.78719872 -0.72826475 0.05044253
v -0.79031926 -0.72396451 0.04758298
v -0.80596244 -0.74618465 0.08605969
v -0.82797831 -0.76442426 0.09173515
v -0.82833934 -0.76905638 0.08378527
v -0.81458229 -0.74690515 0.08582903
v -0.86121368 -0.72766697 0.05312245
v -0.85632408 -0.72649133 0.05157357
v -0.82982075 -0.76651841 0.05768400
v -0.79916269 -0.74348855 0.10640654
v -0.82323885 -0.76217079 0.09894061
v -0.82849574 -0.75754452 0.09518196
v -0.79004121 -0.74549830 0.13141789
v -0.72563875 -0.78988534 0.07081776
v -0.85121268 -0.72485369 0.06788957
v -0.84752995 -0.73084134 0.06626940
v -0.86401045 -0.72823960 0.06407627
v -0.86367816 -0.72912997 0.05816983
v -0.74132109 -0.74990737 0.11936247
v -0.76342034 -0.74494135 0.08575662
v -0.69414538 -0.74804956 0.10086500
v -0.78764939 -0.72966939 0.02831569
v -0.77757931 -0.73636031 0.02877653
v -0.82164186 -0.74711102 0.08556097
v -0.80552214 -0.75782937 0.12207342
v -0.82486641 -0.76096129 0.10886548
v -0.82845569 -0.75864708 0.10227638
v -0.81624585 -0.76685274 0.10735130
v -0.82922709 -0.75354558 0.10011021
v -0.86670637 -0.72061545 0.06481121
v -0.86643785 -0.72141188 0.05901057
v -0.86361283 -0.72008657 0.05392937
v -0.85826921 -0.72026646 0.05268317
v -0.85364521 -0.72055078 0.05420750
v -0.86400265 -0.71954775 0.06850475
v -0.85956836 -0.71899450 0.06994630
v -0.85352814 -0.71974683 0.06853266
v -0.86407709 -0.71345109 0.06927378
v -0.86732799 -0.71266377 0.06567664
v -0.86581141 -0.70856273 0.05738787
v -0.86542886 -0.70436400 0.05748920
v -0.86283028 -0.70552635 0.05510639
v -0.86445898 -0.71181792 0.05505437
v -0.86229324 -0.70014173 0.05660995
v -0.86538732 -0.69948816 0.05847150
v -0.86736178 -0.70993853 0.06030701
v -0.86758602 -0.70480728 0.06130652
v -0.86705464 -0.69988430 0.06621549
v -0.86755961 -0.69936585 0.06226274
v -0.86703432 -0.70529735 0.06533549
v -0.86734354 -0.70937032 0.06397203
v -0.86759949 -0.71413678 0.05967486
v -0.86717850 -0.69500273 0.06285799
v -0.86418128 -0.69347090 0.06361105
v -0.86266828 -0.69573790 0.05909653
v -0.86545748 -0.69605380 0.05950684
v -0.85910004 -0.71386617 0.05369741
v -0.85903645 -0.70676410 0.05512122
v -0.85879087 -0.70082283 0.05726970
v -0.85947776 -0.69640714 0.06008226
v -0.85600901 -0.70116943 0.05932879
v -0.85545272 -0.70689088 0.05707511
v -0.85701400 -0.69765192 0.06197143
v -0.85448742 -0.70124805 0.06231968
v -0.85305035 -0.70668703 0.06062596
v -0.85191631 -0.71512008 0.05875438
v -0.85476434 -0.71506065 0.05520448
v -0.85580397 -0.69874334 0.06348319
v -0.86100709 -0.69411892 0.06469022
v -0.86607754 -0.70656455 0.06825754
v -0.86560822 -0.70075864 0.06884483
v -0.86366522 -0.70705801 0.07016020
v -0.86323154 -0.70114547 0.07029679
v -0.86750925 -0.69655573 0.06631938
v -0.86549306 -0.69602287 0.06795042
v -0.85017818 -0.72042835 0.05812142
v -0.85054618 -0.72027403 0.06407158
v -0.85177433 -0.71510464 0.06457415
v -0.85284841 -0.70691699 0.06591704
v -0.85470355 -0.71459615 0.06887916
v -0.85980767 -0.71344858 0.07046388
v -0.86038232 -0.70702147 0.07079285
v -0.85611510 -0.70724410 0.06984521
v -0.85708499 -0.70158058 0.06945786
v -0.86011428 -0.70143616 0.07050297
v -0.85486442 -0.70119208 0.06623141
v -0.85974222 -0.69767565 0.06898067
v -0.86268663 -0.69655120 0.06886060
v -0.85775042 -0.69876754 0.06847130
v -0.85668939 -0.69829506 0.06600551
v -0.85863030 -0.69630760 0.06553355
v -0.84802401 -0.73534471 0.08986868
v -0.84925121 -0.73663396 0.08467560
v -0.85148108 -0.73072994 0.08543902
v -0.84977937 -0.72955376 0.09087253
v -0.85716432 -0.74275076 0.08125254
v -0.86185229 -0.74681550 0.08383273
v -0.86435729 -0.73851734 0.08432560
v -0.85931575 -0.73491055 0.08202047
v -0.86347651 -0.74925786 0.09091516
v -0.86587644 -0.74081445 0.09117523
v -0.83734000 -0.75308394 0.07767319
v -0.83949351 -0.75880134 0.07920654
v -0.85472655 -0.75290716 0.08210132
v -0.85092658 -0.74798381 0.07982869
v -0.83071005 -0.74494243 0.09293601
v -0.83337206 -0.74806643 0.09658144
v -0.85255635 -0.73926306 0.08199146
v -0.85471046 -0.73235816 0.08275232
v -0.84838098 -0.73592192 0.09486368
v -0.85124058 -0.73800862 0.09892373
v -0.84562647 -0.74346381 0.09779584
v -0.84318477 -0.74039292 0.09416263
v -0.83193052 -0.74499547 0.07995836
v -0.83057022 -0.74414003 0.08652284
v -0.83470947 -0.74859351 0.07768599
v -0.83965296 -0.76000655 0.09286059
v -0.83722800 -0.75432563 0.09683858
v -0.84985125 -0.74798477 0.09914365
v -0.85395205 -0.75282812 0.09616198
v -0.84706861 -0.74407279 0.08066367
v -0.84269881 -0.73933864 0.08861459
v -0.84405112 -0.74059004 0.08313841
v -0.86043346 -0.74545932 0.09767494
v -0.85541266 -0.75575036 0.08891556
v -0.85344106 -0.73100746 0.09990530
v -0.85678399 -0.72244680 0.10050128
v -0.86153269 -0.72432691 0.10006973
v -0.85809219 -0.73319280 0.10017027
v -0.85550940 -0.74081761 0.09968795
v -0.86281139 -0.73686987 0.09776030
v -0.85372746 -0.72151881 0.08690032
v -0.85210001 -0.72096354 0.09254318
v -0.85716945 -0.72251129 0.08386028
v -0.84065443 -0.76302874 0.08532563
v -0.86679029 -0.72687685 0.08540837
v -0.86158943 -0.72423613 0.08339716
v -0.85272807 -0.72127187 0.09761894
v -0.85003257 -0.72985923 0.09604587
v -0.86571741 -0.72663796 0.09747803
v -0.86814618 -0.72869235 0.09140593
v -0.86748123 -0.71799672 0.09744852
v -0.86981922 -0.71931434 0.09201933
v -0.86836976 -0.71797538 0.08640686
v -0.86295092 -0.71731311 0.08437856
v -0.85847861 -0.71705967 0.08506843
v -0.86358762 -0.71654469 0.10003041
v -0.85918188 -0.71594250 0.10064391
v -0.85488784 -0.71588159 0.09814414
v -0.86283815 -0.70880044 0.09997137
v -0.86704642 -0.70854801 0.09754612
v -0.86681426 -0.70138693 0.08794812
v -0.86619949 -0.69589114 0.08752509
v -0.86354774 -0.69679338 0.08552592
v -0.86521912 -0.70286691 0.08528347
v -0.86796010 -0.70543921 0.08869023
v -0.86762840 -0.70904338 0.08664669
v -0.86848587 -0.70574486 0.09205318
v -0.86800951 -0.70059717 0.09200640
v -0.86609745 -0.69490749 0.09579864
v -0.86776364 -0.69459116 0.09186091
v -0.86615753 -0.70078945 0.09557284
v -0.86704016 -0.70506591 0.09513855
v -0.86293912 -0.69148588 0.08732803
v -0.86567670 -0.69170773 0.08786947
v -0.86999655 -0.71046871 0.09228785
v -0.86291218 -0.71127725 0.08475489
v -0.86150461 -0.70407218 0.08443759
v -0.86006379 -0.69732803 0.08540484
v -0.85949105 -0.69206095 0.08782411
v -0.85668582 -0.69767880 0.08658359
v -0.85729456 -0.70438194 0.08554422
v -0.85687983 -0.69334024 0.08904856
v -0.85419029 -0.69757289 0.08936331
v -0.85371327 -0.70419365 0.08861947
v -0.85515493 -0.71227813 0.08880788
v -0.85849535 -0.71214700 0.08556896
v -0.85529542 -0.69447988 0.09032722
v -0.86347848 -0.68812299 0.09137231
v -0.86020225 -0.68943369 0.09180216
v -0.86703455 -0.68897134 0.09130806
v -0.86416239 -0.70145011 0.09732672
v -0.86346722 -0.69518465 0.09696960
v -0.86170220 -0.70151043 0.09921309
v -0.86112535 -0.69510317 0.09824963
v -0.86608255 -0.69047648 0.09523810
v -0.86365610 -0.69011188 0.09578219
v -0.85536110 -0.71662891 0.08823181
v -0.85387206 -0.71622020 0.09336142
v -0.85359067 -0.71191579 0.09386588
v -0.85263485 -0.70368814 0.09380978
v -0.85495538 -0.71117479 0.09836324
v -0.85880101 -0.70958334 0.10033779
v -0.85839009 -0.70227021 0.09964859
v -0.85468036 -0.70310634 0.09804843
v -0.85526019 -0.69702202 0.09711899
v -0.85833722 -0.69594723 0.09831797
v -0.85321468 -0.69717550 0.09352256
v -0.85778689 -0.69164503 0.09605752
v -0.86048669 -0.69013673 0.09604711
v -0.85565090 -0.69345897 0.09568039
v -0.85500717 -0.69346732 0.09292594
v -0.85714084 -0.69102538 0.09228141
v -0.83501732 -0.73034817 0.11029008
v -0.83854353 -0.73210132 0.10619742
v -0.83932400 -0.72772080 0.10564132
v -0.83537960 -0.72603643 0.10990737
v -0.84678042 -0.73713976 0.10547287
v -0.84928906 -0.74001378 0.10820198
v -0.85011005 -0.73209214 0.10833958
v -0.84783947 -0.73044795 0.10550076
v -0.84925890 -0.74095047 0.11474016
v -0.85016966 -0.73203361 0.11369896
v -0.83337927 -0.74907005 0.10205870
v -0.83493501 -0.75371993 0.10447673
v -0.84476900 -0.74645722 0.10693109
v -0.84267366 -0.74253792 0.10410583
v -0.84262812 -0.73433107 0.10483471
v -0.84392035 -0.72890657 0.10465251
v -0.83395612 -0.72971892 0.11491158
v -0.83539391 -0.73058897 0.11843786
v -0.83104205 -0.73567486 0.11771158
v -0.83004665 -0.73446840 0.11435785
v -0.82207692 -0.74103355 0.10753185
v -0.82548332 -0.74265659 0.10324232
v -0.82955444 -0.74544567 0.10176463
v -0.82860708 -0.75160789 0.11642268
v -0.82418960 -0.74625194 0.11736180
v -0.83472061 -0.73920864 0.12017439
v -0.83998710 -0.74453700 0.11920232
v -0.83871782 -0.73897052 0.10398692
v -0.83101881 -0.73391736 0.10928844
v -0.83441776 -0.73608148 0.10520191
v -0.84488857 -0.73727417 0.11989642
v -0.84344184 -0.74795729 0.11319237
v -0.83609557 -0.72605795 0.11872105
v -0.83916378 -0.71646214 0.11779015
v -0.84378242 -0.71721542 0.11874963
v -0.84106410 -0.72754377 0.12046397
v -0.83931690 -0.73340499 0.12093528
v -0.84636176 -0.73023158 0.11879868
v -0.84004080 -0.71903974 0.10491620
v -0.83665448 -0.71792543 0.10918856
v -0.84475112 -0.71964753 0.10399804
v -0.83321792 -0.75529361 0.11065159
v -0.82096165 -0.74162102 0.11611108
v -0.85170031 -0.72054231 0.10726053
v -0.84868509 -0.72011435 0.10467662
v -0.83611989 -0.71704704 0.11429983
v -0.83430111 -0.72560203 0.11489651
v -0.84878981 -0.71897829 0.11709708
v -0.85204440 -0.72090173 0.11235382
v -0.84978700 -0.71054637 0.11564578
v -0.85308897 -0.71206886 0.11098251
v -0.85270894 -0.71218938 0.10572630
v -0.84906816 -0.71285772 0.10350481
v -0.84513009 -0.71345365 0.10323115
v -0.84441262 -0.70963544 0.11687022
v -0.84033185 -0.70993412 0.11579144
v -0.83765650 -0.71192479 0.11313033
v -0.84308964 -0.70441049 0.11537921
v -0.84807646 -0.70370907 0.11316043
v -0.84876001 -0.69840175 0.10298574
v -0.84813344 -0.69353843 0.10159242
v -0.84703183 -0.69437867 0.09970304
v -0.84854978 -0.69958878 0.10106826
v -0.85029662 -0.70191365 0.10464004
v -0.85112900 -0.70500606 0.10398796
v -0.85044342 -0.70192087 0.10796797
v -0.84924436 -0.69733405 0.10684815
v -0.84558851 -0.69297695 0.10900956
v -0.84834981 -0.69242126 0.10545808
v -0.84634769 -0.69780630 0.11034268
v -0.84833354 -0.70132911 0.11094427
v -0.84620059 -0.69002944 0.09995016
v -0.84758919 -0.69014561 0.10127813
v -0.85175747 -0.70543993 0.10906714
v -0.84826875 -0.70730799 0.10175562
v -0.84629029 -0.70126003 0.09973204
v -0.84459907 -0.69554150 0.09859073
v -0.84313351 -0.69115496 0.09934524
v -0.84153378 -0.69683313 0.09916672
v -0.84280884 -0.70251137 0.10005280
v -0.84035736 -0.69283390 0.09993091
v -0.83881462 -0.69747442 0.10084024
v -0.83934534 -0.70313966 0.10162398
v -0.84087855 -0.70941895 0.10369098
v -0.84446418 -0.70871145 0.10192847
v -0.83880973 -0.69432497 0.10108972
v -0.84489453 -0.68733549 0.10348189
v -0.84151149 -0.68856120 0.10329950
v -0.84750873 -0.68841898 0.10430944
v -0.84433746 -0.69834638 0.11241981
v -0.84317070 -0.69308275 0.11050144
v -0.84118366 -0.69902998 0.11316597
v -0.84051704 -0.69360483 0.11091855
v -0.84563619 -0.68942642 0.10760593
v -0.84367120 -0.68921053 0.10800976
v -0.84115952 -0.71380985 0.10493526
v -0.83811915 -0.71334511 0.10871983
v -0.83794069 -0.70933056 0.10717133
v -0.83635920 -0.70264328 0.10514030
v -0.83723515 -0.70805132 0.11143258
v -0.83934450 -0.70559037 0.11401033
v -0.83836555 -0.69997865 0.11212686
v -0.83618677 -0.70149547 0.10943857
v -0.83635950 -0.69635969 0.10793275
v -0.83811957 -0.69495094 0.11009064
v -0.83646321 -0.69702727 0.10399148
v -0.83830166 -0.69144744 0.10715142
v -0.84068882 -0.68972468 0.10788587
v -0.83690554 -0.69322836 0.10627359
v -0.83754361 -0.69331026 0.10336882
v -0.83901042 -0.69082969 0.10313225
v -0.82077861 -0.74101228 0.11226923
v -0.81415266 -0.72729063 0.13004953
v -0.81749111 -0.72845334 0.12727585
v -0.81777704 -0.72499502 0.12741736
v -0.81428492 -0.72438675 0.13001370
v -0.82509673 -0.73309404 0.12795323
v -0.82689404 -0.73482460 0.13161096
v -0.82707101 -0.72807139 0.13179815
v -0.82550335 -0.72696579 0.12818709
v -0.82491392 -0.73475605 0.13715214
v -0.82516521 -0.72815311 0.13660985
v -0.81328273 -0.74607444 0.12242927
v -0.81262749 -0.75038165 0.12585354
v -0.82310373 -0.74115902 0.13006958
v -0.82182103 -0.73856634 0.12628943
v -0.80252898 -0.73373324 0.13024285
v -0.80187559 -0.73595965 0.13440177
v -0.79577625 -0.74055481 0.13195921
v -0.79467338 -0.73953313 0.12711835
v -0.82143909 -0.73090601 0.12648520
v -0.82184017 -0.72581011 0.12696603
v -0.81199563 -0.72674870 0.13345039
v -0.81173539 -0.72699088 0.13729285
v -0.80974209 -0.73063946 0.13732140
v -0.80986840 -0.72955078 0.13296247
v -0.80729383 -0.73695493 0.12248544
v -0.80508882 -0.73372787 0.12632728
v -0.79715568 -0.73828840 0.12244894
v -0.80198532 -0.74017900 0.11922190
v -0.81078875 -0.74059659 0.12210865
v -0.80514640 -0.74540508 0.13705003
v -0.80272925 -0.73990446 0.13685834
v -0.81185299 -0.73393333 0.14008802
v -0.81652188 -0.73791969 0.13982029
v -0.81921780 -0.73488647 0.12573883
v -0.81175923 -0.73055613 0.12898883
v -0.81583464 -0.73167026 0.12659438
v -0.81968904 -0.73182428 0.14010291
v -0.82087827 -0.74189490 0.13568823
v -0.81181967 -0.72343457 0.13738292
v -0.81277072 -0.71674228 0.13709745
v -0.81570506 -0.71671021 0.13924518
v -0.81505060 -0.72436523 0.14009991
v -0.81467032 -0.72872567 0.14025050
v -0.82002413 -0.72588682 0.13991567
v -0.81848872 -0.71818298 0.12710536
v -0.81464046 -0.71822077 0.12982738
v -0.82233071 -0.71836358 0.12684113
v -0.80938530 -0.75147450 0.13184841
v -0.82751030 -0.71880233 0.13148260
v -0.82570803 -0.71839917 0.12815854
v -0.81262779 -0.71750450 0.13343796
v -0.81211340 -0.72365659 0.13350752
v -0.82038420 -0.71749014 0.13918298
v -0.82541656 -0.71895921 0.13603851
v -0.82083154 -0.71074432 0.13829452
v -0.82635772 -0.71208096 0.13563398
v -0.82793438 -0.71261162 0.13085312
v -0.82617074 -0.71336251 0.12768790
v -0.82297134 -0.71398520 0.12657899
v -0.81583589 -0.71070689 0.13806522
v -0.81350899 -0.71160036 0.13575259
v -0.81370062 -0.71299732 0.13255361
v -0.81617129 -0.70595515 0.13644731
v -0.82112706 -0.70510006 0.13655531
v -0.82693708 -0.70163548 0.12851611
v -0.82704318 -0.69804251 0.12714845
v -0.82650173 -0.69850367 0.12531263
v -0.82717276 -0.70276815 0.12670478
v -0.82717752 -0.70472658 0.13047105
v -0.82758069 -0.70735604 0.12973186
v -0.82573068 -0.70463431 0.13332683
v -0.82602930 -0.70070451 0.13186148
v -0.82235914 -0.69577879 0.13260162
v -0.82635027 -0.69660312 0.13066304
v -0.82238936 -0.69968319 0.13428283
v -0.82311988 -0.70311898 0.13509774
v -0.82604730 -0.69448632 0.12509969
v -0.82709312 -0.69495648 0.12673616
v -0.82581902 -0.70746642 0.13428065
v -0.82615179 -0.70917618 0.12683225
v -0.82587391 -0.70377451 0.12488919
v -0.82501078 -0.69850314 0.12350214
v -0.82366687 -0.69445062 0.12386769
v -0.82256156 -0.69951755 0.12311977
v -0.82329714 -0.70496356 0.12423667
v -0.82144916 -0.69580775 0.12364432
v -0.82007033 -0.70041668 0.12373245
v -0.82005942 -0.70578980 0.12454906
v -0.81966627 -0.71106088 0.12598208
v -0.82333028 -0.71039212 0.12571627
v -0.82002687 -0.69727319 0.12385195
v -0.82408142 -0.69199866 0.12764117
v -0.82165885 -0.69261473 0.12621698
v -0.82606345 -0.69306254 0.12944409
v -0.81968141 -0.70000023 0.13498196
v -0.81979442 -0.69537848 0.13275141
v -0.81669235 -0.70101333 0.13439870
v -0.81749260 -0.69593126 0.13159913
v -0.82314771 -0.69319469 0.13130844
v -0.82133144 -0.69246906 0.13041580
v -0.81912124 -0.71427441 0.12669897
v -0.81566608 -0.71402889 0.12918654
v -0.81607556 -0.71057755 0.12808383
v -0.81658590 -0.70555115 0.12630415
v -0.81379926 -0.70926172 0.13116473
v -0.81378716 -0.70750606 0.13426846
v -0.81470340 -0.70220202 0.13232654
v -0.81430972 -0.70388830 0.12928450
v -0.81585801 -0.69877011 0.12744358
v -0.81608772 -0.69717205 0.12974116
v -0.81748903 -0.70010066 0.12511912
v -0.81814981 -0.69458973 0.12735489
v -0.81934136 -0.69308251 0.12877145
v -0.81750864 -0.69618613 0.12637246
v -0.81871891 -0.69647855 0.12496406
v -0.81992483 -0.69427449 0.12535554
v -0.79754436 -0.74324846 0.13437183
v -0.80070615 -0.72660077 0.03875262
v -0.80020142 -0.72666270 0.03341423
v -0.79379606 -0.71070236 0.04400153
v -0.79730552 -0.71758729 0.04500519
v -0.79101628 -0.70626694 0.03878644
v -0.79230726 -0.71044171 0.02807331
v -0.79092038 -0.70711654 0.03282329
v -0.79982054 -0.72313434 0.04280069
v -0.79852021 -0.72399628 0.02833566
v -0.79502869 -0.71699321 0.02572060
v -0.80756575 -0.71651864 0.02535944
v -0.80439430 -0.70973951 0.02379444
v -0.80034083 -0.70306087 0.02682200
v -0.79798168 -0.70167005 0.03262761
v -0.79667866 -0.70268893 0.03838298
v -0.80836564 -0.72167283 0.03115393
v -0.80783874 -0.72257471 0.03680007
v -0.80546671 -0.71963638 0.04144281
v -0.81648207 -0.71568656 0.02938858
v -0.81902885 -0.70842957 0.02503967
v -0.81745625 -0.69326890 0.02690166
v -0.82175082 -0.69124663 0.02699658
v -0.81991047 -0.69026768 0.03098524
v -0.81461501 -0.69219607 0.03055564
v -0.81512505 -0.69592834 0.02655950
v -0.81034994 -0.69628000 0.02865055
v -0.82133508 -0.69741619 0.02356759
v -0.81786889 -0.69979823 0.02429095
v -0.82101792 -0.70362186 0.02379882
v -0.82476819 -0.70276082 0.02364919
v -0.82555085 -0.69476026 0.02341595
v -0.82907927 -0.69301289 0.02535647
v -0.82568014 -0.69042212 0.02726561
v -0.82550722 -0.69020832 0.03058615
v -0.81442177 -0.70248801 0.02431828
v -0.80466932 -0.69652277 0.03405744
v -0.81188506 -0.69275951 0.03526780
v -0.81901890 -0.69120002 0.03552043
v -0.82528603 -0.69209027 0.03455848
v -0.81902385 -0.69466829 0.03963280
v -0.81116551 -0.69570011 0.04039979
v -0.82450217 -0.69551659 0.03779587
v -0.82006693 -0.69907773 0.04132223
v -0.81269807 -0.70111823 0.04334149
v -0.80302525 -0.70500922 0.04334942
v -0.80208594 -0.69925219 0.03970113
v -0.82389355 -0.69832772 0.03929815
v -0.83086234 -0.69313538 0.02913004
v -0.82996362 -0.69568616 0.03292814
v -0.82527119 -0.70691007 0.02629757
v -0.82968718 -0.70367426 0.02675381
v -0.82850003 -0.70017105 0.02372295
v -0.82422441 -0.71085972 0.03002328
v -0.82935852 -0.70617956 0.03069437
v -0.83083290 -0.69712710 0.02457514
v -0.83206439 -0.69894898 0.02750349
v -0.79832542 -0.70734179 0.04328421
v -0.80195564 -0.71402419 0.04401915
v -0.80688143 -0.71171200 0.04329255
v -0.81578010 -0.70728469 0.04253489
v -0.81134915 -0.71678841 0.04016650
v -0.81478351 -0.71839070 0.03467351
v -0.82277524 -0.71265292 0.03467911
v -0.81955814 -0.71153718 0.03946728
v -0.82508451 -0.70659530 0.03821754
v -0.82767695 -0.70724875 0.03488356
v -0.82241392 -0.70333278 0.04049236
v -0.82930684 -0.70253491 0.03508508
v -0.83142304 -0.70102543 0.03157026
v -0.82712859 -0.70323551 0.03717321
v -0.82584023 -0.70071435 0.03825495
v -0.82799304 -0.69844741 0.03610244
v -0.78972864 -0.74133766 0.12643513
v -0.79242629 -0.73997837 0.12061229
v -0.78585035 -0.74067807 0.11966842
v -0.77780426 -0.73910284 0.11848400
v -0.76855457 -0.74100459 0.12272947
v -0.77987337 -0.73964655 0.11166164
v -0.78828382 -0.74116755 0.11327837
v -0.79765618 -0.74116242 0.11415901
v -0.77449155 -0.74021041 0.10436055
v -0.02326467 -0.81347990 -0.04110625
v -0.02326799 -0.79799008 -0.05012255
v -0.31993997 -0.77551150 0.01837682
v -0.31822726 -0.79367679 0.01882123
v -0.31638014 -0.83109647 0.06289554
v -0.31313163 -0.83124459 0.08618452
v -0.07055502 -0.49799496 -0.11203777
v -0.12152733 -0.55135101 0.11087590
v -0.12497095 -0.57208937 0.11624441
v -0.04276703 -0.57095361 0.14212060
v -0.06416852 -0.56630141 0.14112845
v -0.15541142 -0.53254187 -0.01130372
v -0.15630612 -0.55361992 -0.00953255
v -0.11250624 -0.52326721 -0.07513707
v -0.11432111 -0.54704058 -0.07341499
v -0.14483844 -0.50717908 -0.03735133
v -0.08689438 -0.51638985 0.12590668
v -0.10702558 -0.51437581 0.11776923
v -0.10398850 -0.53534245 0.12000964
v -0.08473859 -0.53851736 0.12977161
v -0.02224988 -0.57499421 0.13751593
v -0.02205580 -0.54894102 0.13154978
v -0.16437991 -0.57628423 0.01933461
v -0.16445164 -0.57781631 0.04818253
v -0.14653687 -0.58539975 0.09997799
v -0.13084063 -0.59219325 0.11977014
v -0.11193909 -0.60110480 0.13378306
v -0.09078500 -0.61052179 0.14376873
v -0.09858644 -0.57066226 -0.08909975
v -0.07937323 -0.59469259 -0.09814667
v -0.15752634 -0.57524961 -0.00835233
v -0.02908693 -0.57136166 -0.11802196
v -0.07241535 -0.64505839 0.15459356
v -0.04692101 -0.65072912 0.15697987
v -0.15829012 -0.58074224 0.07548110
v -0.03920807 -0.75463039 -0.07117257
v -0.05840937 -0.75798392 -0.07049134
v -0.05704746 -0.74199736 -0.07882379
v -0.03826782 -0.73794490 -0.07841875
v -0.07519525 -0.74386698 -0.07730772
v -0.09255844 -0.74460763 -0.07407345
v -0.10866192 -0.74439818 -0.06968972
v -0.14763553 -0.73837000 -0.05315783
v -0.13614947 -0.74133605 -0.05911878
v -0.16569847 -0.72713780 -0.03736017
v -0.15766101 -0.73384792 -0.04623446
v -0.17037770 -0.71651810 -0.02556234
v -0.17181760 -0.70439547 -0.01101421
v -0.17841882 -0.70533550 0.00982238
v -0.17462501 -0.69239569 0.00468171
v -0.16730043 -0.69137251 -0.01768804
v -0.16448578 -0.70356733 -0.03096224
v -0.15975840 -0.71349818 -0.04256357
v -0.02477652 -0.66869557 -0.09033526
v -0.02179655 -0.69423020 -0.08636242
v -0.02229529 -0.82812214 -0.03253342
v -0.52348787 -0.74868423 0.11937867
v -0.65724856 -0.77876627 0.05269028
v -0.02400995 -0.85483062 0.13199766
v -0.04336065 -0.85898030 0.13445501
v -0.10872753 -0.87040436 0.12407494
v -0.12490685 -0.88010931 0.10496994
v -0.08661059 -0.86138624 0.13586448
v -0.06438047 -0.85368007 0.14025913
v -0.14621228 -0.59538305 -0.03285965
v -0.04398981 -0.82105690 0.14812803
v -0.06545525 -0.84153092 0.14619793
v -0.08890560 -0.84921414 0.14271951
v -0.11403801 -0.85850543 0.13179870
v -0.13915390 -0.86883378 0.11177942
v -0.15790114 -0.86591196 0.10363460
v -0.17921679 -0.84589458 0.10861015
v -0.19790800 -0.84718698 0.09964381
v -0.20022032 -0.86156046 0.08294179
v -0.19103643 -0.86172074 0.08728104
v -0.18796389 -0.84653473 0.10340130
v -0.28086153 -0.83575159 0.09392101
v -0.30317777 -0.81677979 0.10837666
v -0.29536581 -0.82812643 0.09942693
v -0.30627674 -0.80189699 0.11548930
v -0.30712777 -0.79028153 0.11971958
v -0.30330163 -0.77850080 0.12179487
v -0.29303807 -0.76857549 0.12147915
v -0.25313866 -0.74767655 0.11124129
v -0.23529662 -0.74062395 0.10687287
v -0.19855049 -0.71468598 0.11497661
v -0.18883075 -0.70832837 0.11836234
v -0.16489911 -0.68200850 0.12598811
v -0.15203494 -0.67047882 0.12841694
v -0.13931255 -0.65596026 0.13323355
v -0.12164430 -0.41543406 0.12171350
v -0.11859258 -0.43273771 0.11730563
v -0.09854671 -0.43147945 0.12725194
v -0.10209511 -0.41339368 0.13327990
v -0.04836718 -0.47102237 0.12766731
v -0.02511591 -0.47064176 0.12508242
v -0.16241978 -0.43136191 0.05974635
v -0.16568545 -0.42690033 0.03294128
v -0.13712032 -0.43405277 0.10242873
v -0.15223508 -0.43358132 0.08332907
v -0.16159584 -0.41993394 0.00614937
v -0.10158625 -0.38466430 -0.07307535
v -0.08119061 -0.37829122 -0.08712295
v -0.03926895 -0.37023088 -0.10490413
v -0.01917493 -0.36771837 -0.10837204
v -0.15183219 -0.41118073 -0.01809199
v -0.05998344 -0.37352419 -0.09801009
v -0.13798924 -0.40159914 -0.03853425
v -0.12053300 -0.39246663 -0.05672466
v -0.07102358 -0.47145686 0.12761131
v -0.07400945 -0.44929850 0.12918290
v -0.09555710 -0.45045540 0.12521875
v -0.06386249 -0.72180194 0.16559850
v -0.04243177 -0.72035849 0.16185024
v -0.08562580 -0.72484213 0.16667199
v -0.10391379 -0.74817699 0.16575484
v -0.10716546 -0.72995496 0.16419213
v -0.12716800 -0.73583597 0.15879123
v -0.12406477 -0.75364417 0.16003069
v -0.15977734 -0.76309335 0.14320505
v -0.16156055 -0.74861449 0.14286880
v -0.17521010 -0.75272912 0.13635635
v -0.17414302 -0.76654142 0.13670498
v -0.19900890 -0.75896710 0.12512484
v -0.18756334 -0.75609207 0.13045245
v -0.21128705 -0.76275742 0.12015219
v -0.22782299 -0.76732576 0.12034325
v -0.22423208 -0.79397660 0.12387173
v -0.21037623 -0.78923643 0.12532102
v -0.16040470 -0.77881151 0.14178924
v -0.14298712 -0.77582818 0.15030061
v -0.04065730 -0.75722849 0.15950140
v -0.02182284 -0.75487155 0.15434133
v -0.17960137 -0.68471771 0.02271667
v -0.18455425 -0.67830527 0.04267845
v -0.18799250 -0.67513269 0.06236764
v -0.18762411 -0.67626607 0.08030453
v -0.18556823 -0.67912185 0.09714656
v -0.18026623 -0.68485159 0.11137848
v -0.18061595 -0.70120120 0.12104730
v -0.17337312 -0.69275522 0.12349826
v -0.17542510 -0.71024686 0.12953138
v -0.16595086 -0.70221579 0.13349749
v -0.15077889 -0.72755229 0.14733706
v -0.15827167 -0.71395892 0.14136611
v -0.14532420 -0.74254388 0.15093201
v -0.14259566 -0.75877792 0.15180384
v -0.12357690 -0.77192688 0.15903193
v -0.10317270 -0.76742834 0.16490771
v -0.08436199 -0.80041414 0.16047435
v -0.08305595 -0.78249800 0.16449340
v -0.08201902 -0.76349348 0.16669400
v -0.08206097 -0.74412227 0.16750635
v -0.08578376 -0.89575529 0.09976558
v -0.06660065 -0.89050889 0.11101604
v -0.28487551 -0.77425927 0.12202409
v -0.29052636 -0.78184044 0.12199831
v -0.28038028 -0.78249514 0.12227735
v -0.27920586 -0.77697146 0.12228109
v -0.29256594 -0.79092324 0.12101316
v -0.29178792 -0.80225074 0.11813896
v -0.27945951 -0.80097181 0.11980665
v -0.28038746 -0.78998679 0.12197927
v -0.28881565 -0.81469715 0.11300013
v -0.27647331 -0.81207973 0.11592077
v -0.28254232 -0.82482284 0.10714090
v -0.27310154 -0.83131260 0.10290347
v -0.26844218 -0.82704830 0.10761180
v -0.27236298 -0.82135296 0.11158559
v -0.23531665 -0.82382768 0.11403017
v -0.24775805 -0.82547629 0.11092293
v -0.25983018 -0.82644600 0.10864448
v -0.24398203 -0.77381217 0.12153131
v -0.25755778 -0.78195959 0.12259942
v -0.26922286 -0.78771931 0.12252794
v -0.26770896 -0.79828000 0.12137123
v -0.25545257 -0.79227912 0.12231691
v -0.24175432 -0.78491604 0.12282623
v -0.06054167 -0.74170589 0.16545260
v -0.04023546 -0.73978394 0.16073470
v -0.19735341 -0.77158791 0.12623055
v -0.18672460 -0.76931894 0.13120259
v -0.21001974 -0.77460361 0.12332278
v -0.22597080 -0.77943122 0.12303467
v -0.19817321 -0.78599012 0.12721452
v -0.18688034 -0.78359061 0.13079602
v -0.17460106 -0.78136694 0.13570505
v -0.06099099 -0.76020712 0.16431539
v -0.02163523 -0.73801333 0.15579161
v -0.20135030 -0.82581532 -0.00627301
v -0.20236863 -0.85237080 0.00949172
v -0.20505738 -0.86838865 0.03341523
v -0.20384616 -0.87055850 0.06008039
v -0.44809130 -0.72255260 0.07821929
v -0.02254141 -0.52321559 0.12631418
v -0.02364296 -0.49718100 0.12359583
v -0.04577873 -0.49614936 0.12674589
v -0.02410336 -0.65379250 0.15292087
v -0.02261982 -0.71921164 0.15703051
v -0.11696934 -0.71318990 -0.07969058
v -0.10406362 -0.71424055 -0.08459228
v -0.10600415 -0.72925359 -0.07791717
v -0.11967581 -0.72812682 -0.07271536
v -0.13841026 -0.70990193 -0.06607398
v -0.12845257 -0.71177876 -0.07331795
v -0.13196930 -0.72636563 -0.06659333
v -0.14272404 -0.72379613 -0.05971886
v -0.14710993 -0.70628375 -0.05796146
v -0.15207399 -0.71980363 -0.05196240
v -0.12571159 -0.69653231 -0.07896832
v -0.11475422 -0.69764328 -0.08527726
v -0.10229428 -0.69878536 -0.08934505
v -0.14261809 -0.69305897 -0.06347880
v -0.13485883 -0.69524634 -0.07152766
v -0.01808187 -0.89505327 -0.02352074
v -0.02100659 -0.84942621 -0.02139035
v -0.02054783 -0.85864067 -0.01883404
v -0.02065882 -0.71495205 -0.08142543
v -0.02088458 -0.74970365 -0.07010528
v -0.02147698 -0.76561213 -0.06424265
v -0.02233029 -0.78185982 -0.05788495
v -0.02189296 -0.83917671 -0.02610569
v -0.02057290 -0.73279750 -0.07600610
v -0.16132027 -0.24093419 0.10428205
v -0.14249584 -0.22489160 0.12473768
v -0.14985371 -0.25208011 0.12182327
v -0.13579403 -0.23980454 0.13570619
v -0.16305992 -0.32217503 0.09661688
v -0.16089366 -0.29518321 0.10306923
v -0.16464429 -0.35043848 0.09239116
v -0.11597665 -0.23241735 0.14865734
v -0.09102758 -0.23000211 0.15809289
v -0.08973773 -0.24993518 0.16606714
v -0.14892337 -0.34874758 0.11795208
v -0.14830241 -0.32157591 0.12172552
v -0.15710157 -0.27113515 0.11150745
v -0.14499886 -0.27320340 0.12961757
v -0.14255473 -0.25834206 0.13174285
v -0.11391004 -0.25059715 0.15589157
v -0.13167712 -0.25350499 0.14270449
v -0.03348142 -0.39069167 0.15607229
v -0.06182716 -0.39074996 0.15443847
v -0.05891985 -0.41061333 0.14462891
v -0.12590998 -0.39565846 0.12790409
v -0.13952316 -0.41695753 0.10519541
v -0.13091300 -0.27174756 0.14570275
v -0.11256009 -0.27162474 0.16039744
v -0.08803481 -0.27237543 0.17155567
v -0.08812837 -0.34728396 0.16623017
v -0.08725929 -0.32302293 0.17176478
v -0.11047534 -0.32141978 0.16038832
v -0.11103296 -0.34703970 0.15503694
v -0.12939039 -0.37309071 0.13423334
v -0.13097164 -0.34719089 0.13907555
v -0.08763384 -0.37084013 0.15860070
v -0.10959307 -0.37189800 0.14852078
v -0.10621781 -0.39397860 0.14079317
v -0.13104130 -0.32039949 0.14335440
v -0.05866645 -0.29798442 0.17949745
v -0.08707015 -0.29716757 0.17379948
v -0.02933391 -0.29874146 0.17797804
v -0.08525649 -0.39254922 0.14949048
v -0.08164205 -0.41198626 0.14028181
v -0.07739595 -0.43048841 0.13266440
v -0.06814079 -0.49519372 0.12655061
v -0.11301754 0.01182133 -0.03281628
v 0.00287341 -0.17611843 0.01335349
v 0.00281789 -0.18636453 0.04074777
v -0.17861424 -0.26793775 -0.01721249
v -0.18111612 -0.25619966 0.05891020
v -0.16964677 -0.26527765 0.08766168
v -0.02665492 -0.17291349 -0.05108303
v -0.00977107 -0.16827959 -0.02995243
v -0.16034994 -0.25635645 -0.04489130
v -0.10702250 -0.20309067 -0.07376446
v -0.00023024 -0.16979152 -0.00867015
v -0.14734313 -0.29581603 0.12576823
v -0.13126272 -0.29442611 0.14555024
v -0.11151087 -0.29548079 0.16195320
v -0.05908880 -0.27409205 0.17668886
v -0.02867560 -0.27640402 0.17477284
v -0.01904462 -0.22071201 -0.08976437
v -0.01504835 -0.23206049 -0.09359175
v -0.00696834 -0.22863084 -0.09351758
v -0.00713004 -0.21247607 -0.08668189
v -0.09984348 -0.36418769 -0.07041284
v -0.07810304 -0.35736331 -0.08276599
v -0.03627887 -0.34848303 -0.09812602
v -0.01729399 -0.34569624 -0.10137264
v -0.15492672 -0.39231998 -0.01833220
v -0.05652844 -0.35214707 -0.09209436
v -0.14064600 -0.38202670 -0.03865837
v -0.12100811 -0.37240037 -0.05582196
v -0.06258273 0.46654570 0.09539679
v -0.06135406 0.49720699 0.09161740
v -0.06273927 0.49505085 0.10741706
v -0.06080695 0.46388459 0.11095460
v -0.07770941 0.45918167 0.13964084
v -0.06608942 0.46107036 0.13179132
v -0.09268971 0.45921350 0.14124463
v -0.08911566 0.49082726 0.14148514
v -0.10056859 0.49186331 0.13367723
v -0.10626214 0.46083575 0.13565125
v -0.11538885 0.46230358 0.12608173
v -0.11749148 0.49510634 0.09444746
v -0.12409418 0.46577293 0.09413663
v -0.12172109 0.46367168 0.11402771
v -0.11676461 0.49432528 0.11357219
v -0.11783356 0.47019815 0.07371361
v -0.11187521 0.49840271 0.07423815
v -0.10205330 0.47338212 0.06293959
v -0.06738708 0.47038931 0.07952742
v -0.06449739 0.49984479 0.07431228
v -0.07534796 0.49081647 0.14062652
v -0.06570207 0.49261034 0.13057572
v -0.06109036 0.46266294 0.12190356
v -0.06415877 0.49374402 0.11881115
v -0.05907069 0.52605647 0.10369401
v -0.05173663 0.52701581 0.08648662
v -0.07293467 0.52165788 0.14186940
v -0.06756351 0.52351952 0.12809448
v -0.09465077 0.52269036 0.13187294
v -0.08546896 0.52136785 0.14383695
v -0.11638291 0.52391511 0.11377290
v -0.10986216 0.49302936 0.12449083
v -0.10673883 0.52311713 0.12335109
v -0.11706463 0.52407259 0.09489184
v -0.11114193 0.52604848 0.07074711
v -0.05816744 0.52710325 0.06730892
v -0.06387876 0.52526045 0.11609351
v -0.11246482 0.61763066 -0.09297334
v -0.11716870 0.61756665 -0.09209922
v -0.11862336 0.62236959 -0.09280497
v -0.11137087 0.62310404 -0.09413929
v -0.06455201 0.61317486 -0.10556711
v -0.07362306 0.61142570 -0.10777446
v -0.07587754 0.62106639 -0.10581031
v -0.06343187 0.62362033 -0.10332129
v -0.10160417 0.62679392 -0.10012739
v -0.09646332 0.62669611 -0.10053184
v -0.09529070 0.62274176 -0.10433696
v -0.10380302 0.62273586 -0.10374216
v -0.14489789 0.62352234 -0.05599900
v -0.14061682 0.62380236 -0.05741668
v -0.14032266 0.61906940 -0.06001183
v -0.14602791 0.61935645 -0.05737630
v -0.13171948 0.62670821 -0.07507455
v -0.12761050 0.62743503 -0.07644412
v -0.12722848 0.62262172 -0.07959121
v -0.13342540 0.62295979 -0.07700641
v -0.07683596 0.60712153 -0.08255591
v -0.07624764 0.60788566 -0.09788216
v -0.06251068 0.61073846 -0.09522004
v -0.06134133 0.60592538 -0.07986706
v -0.05561070 0.62060201 -0.09109426
v -0.06394858 0.62645549 -0.08833234
v -0.06292348 0.62688953 -0.07296091
v -0.05461438 0.61796826 -0.07432533
v -0.07710747 0.62660950 -0.09075884
v -0.07728668 0.62636894 -0.07664757
v -0.08436412 0.61726135 -0.08154651
v -0.08585066 0.61738414 -0.09683143
v -0.10533521 0.61735827 -0.08215322
v -0.10865492 0.61995518 -0.09503139
v -0.10212010 0.61373490 -0.09634043
v -0.10020846 0.60932964 -0.08320710
v -0.09351963 0.61406201 -0.09740304
v -0.08862200 0.61004955 -0.08472256
v -0.08522655 0.62014884 -0.08349819
v -0.08760182 0.62125081 -0.09736956
v -0.09338776 0.62691623 -0.09348681
v -0.09041075 0.62584108 -0.07974623
v -0.10016990 0.62485361 -0.07922617
v -0.10289133 0.62681735 -0.09243552
v -0.11051617 0.61580628 -0.08686943
v -0.10795049 0.61101419 -0.07713304
v -0.11883884 0.60976976 -0.07486213
v -0.11833527 0.61526912 -0.08596923
v -0.11003071 0.62592787 -0.07429038
v -0.10464570 0.62100506 -0.07711716
v -0.10619652 0.62344426 -0.08697540
v -0.11162581 0.62757140 -0.08520608
v -0.11942708 0.62733859 -0.08446529
v -0.11955105 0.62483954 -0.07293685
v -0.12376943 0.61724454 -0.07464845
v -0.12359866 0.62106472 -0.08566963
v -0.13430181 0.61533540 -0.07108995
v -0.13569254 0.60958439 -0.06092074
v -0.13924651 0.61714011 -0.05978744
v -0.13740201 0.62151128 -0.06971142
v -0.12737474 0.61040419 -0.06476384
v -0.12805556 0.61486447 -0.07295689
v -0.12680607 0.62504512 -0.06275751
v -0.12413466 0.61721116 -0.06655660
v -0.12332705 0.62001187 -0.07360587
v -0.12587845 0.62730068 -0.07105231
v -0.13348775 0.62744218 -0.06924453
v -0.13503726 0.62501937 -0.05907988
v -0.14974429 0.61840373 -0.05035742
v -0.14789559 0.61239666 -0.05204085
v -0.14954670 0.60912645 -0.04301262
v -0.15063955 0.61657089 -0.03988208
v -0.14262190 0.60879761 -0.04809146
v -0.14184436 0.61172205 -0.05449549
v -0.14007834 0.62324578 -0.04598553
v -0.13976058 0.61541826 -0.04943524
v -0.13795814 0.61720544 -0.05454026
v -0.13903776 0.62431031 -0.05233929
v -0.14619043 0.62445980 -0.05017945
v -0.14659101 0.62266916 -0.04143687
v -0.06210510 0.60224092 -0.06469113
v -0.08146202 0.60652846 -0.06760833
v -0.06655517 0.62603110 -0.09829599
v -0.05591039 0.61627233 -0.05888498
v -0.07383709 0.62585521 -0.09952595
v -0.08244891 0.62589049 -0.06318133
v -0.06457651 0.62552541 -0.05754588
v -0.08375078 0.61756033 -0.07436515
v -0.10183633 0.61713403 -0.10326076
v -0.10338867 0.61810285 -0.07181587
v -0.10360377 0.62555248 -0.06172072
v -0.09669684 0.61723143 -0.10371312
v -0.10177417 0.60657650 -0.06550143
v -0.12075637 0.60747343 -0.05617995
v -0.11334307 0.62725890 -0.09130641
v -0.11752637 0.62693936 -0.09090240
v -0.12293813 0.62539011 -0.05457775
v -0.12425277 0.61587638 -0.06464496
v -0.13263009 0.61842042 -0.07667174
v -0.14038195 0.61492068 -0.04976838
v -0.13802487 0.62437028 -0.04269991
v -0.12901574 0.61801010 -0.07770059
v -0.13798627 0.60605222 -0.04391704
v -0.14501707 0.61549944 -0.05650920
v -0.14785178 0.62335402 -0.03014693
v -0.15264228 0.61529303 -0.02694179
v -0.14208722 0.61476749 -0.05834731
v -0.14977172 0.60633838 -0.03175877
v -0.07557181 0.47351974 0.06741526
v -0.07327539 0.50154370 0.06243251
v -0.08716457 0.47484595 0.06166134
v -0.09836920 0.50131226 0.06148028
v -0.08525308 0.50246435 0.05795327
v -0.06997402 0.52781349 0.05380601
v -0.09713289 0.52825660 0.05600925
v -0.08329737 0.52769798 0.04984033
v -0.11791897 0.54633254 0.11693254
v -0.12053029 0.54763526 0.09801926
v -0.10391165 0.54553920 0.12619096
v -0.08450288 0.54414350 0.14820105
v -0.09332362 0.54496986 0.13649175
v -0.06808965 0.54781073 0.04272844
v -0.05742582 0.54999208 0.06153085
v -0.08345721 0.54584330 0.03667330
v -0.09984212 0.54706568 0.04530702
v -0.05828627 0.59668410 -0.04705186
v -0.05884450 0.59516704 -0.02488351
v -0.07421635 0.58421361 -0.02851417
v -0.07819357 0.59453362 -0.04848871
v -0.09433821 0.58496761 -0.02459379
v -0.09774937 0.59765357 -0.04447981
v -0.11241034 0.58898795 -0.01621168
v -0.11629481 0.59936523 -0.03640180
v -0.12870349 0.59310186 -0.00609279
v -0.13360393 0.60050702 -0.02584149
v -0.14258051 0.59944373 0.00441180
v -0.14785326 0.60338473 -0.01584339
v -0.15100053 0.60973889 0.01017158
v -0.15462229 0.61308587 -0.01057377
v -0.05242729 0.61459982 -0.04082240
v -0.05421346 0.61205763 -0.01859094
v -0.06380670 0.62722480 -0.03766314
v -0.06491528 0.62626481 -0.01555410
v -0.08261856 0.62761331 -0.03661444
v -0.08264485 0.62716544 -0.01382681
v -0.14701496 0.62275577 0.00841253
v -0.14888281 0.62473726 -0.01316780
v -0.10265499 0.62658221 -0.03231914
v -0.10192382 0.62542939 -0.00931750
v -0.12090162 0.62743628 -0.02601936
v -0.11962143 0.62614822 -0.00305570
v -0.13631238 0.62736416 -0.01908125
v -0.13478112 0.62633789 0.00346243
v -0.06970134 0.57599974 -0.00468385
v -0.08996949 0.57055581 -0.00336189
v -0.10754078 0.57538629 0.00628903
v -0.12294030 0.58292133 0.01783696
v -0.13517605 0.59401876 0.02862274
v -0.14557450 0.60521019 0.03403309
v -0.12178790 0.56921393 0.04710862
v -0.12915076 0.59027928 0.05591741
v -0.13684890 0.60366756 0.05852150
v -0.12430981 0.58789492 0.08316566
v -0.12952404 0.60184729 0.08375638
v -0.11443888 0.58690619 0.12701303
v -0.12075349 0.60203344 0.12964104
v -0.12518167 0.60029179 0.10878311
v -0.11895280 0.58672601 0.10758094
v -0.12003580 0.56880891 0.07767828
v -0.11677261 0.56775397 0.10291211
v -0.11068705 0.56635201 0.12105252
v -0.11423672 0.60271043 0.14392817
v -0.10938253 0.58667964 0.14148529
v -0.10142991 0.58557397 0.15428665
v -0.10334197 0.60256511 0.15447411
v -0.08402954 0.58646822 0.16110529
v -0.08554143 0.60409945 0.15953560
v -0.06736018 0.58916932 0.15111017
v -0.06810825 0.60617179 0.15062810
v -0.09670244 0.56466484 0.14511973
v -0.10300884 0.56639498 0.13299257
v -0.08484201 0.56416243 0.15388148
v -0.06954573 0.56634182 0.14612417
v -0.06533439 0.56796080 0.12779981
v -0.06133709 0.59060961 0.13046923
v -0.05956405 0.60719252 0.13183770
v -0.05974958 0.59303117 0.00120918
v -0.05921094 0.60719544 0.00667770
v -0.10459507 0.55967456 0.02681008
v -0.08561556 0.55723912 0.01789922
v -0.06575115 0.56624126 0.02594374
v -0.05694199 0.58951598 0.02967606
v -0.06139610 0.60505325 0.03462075
v -0.06146179 0.60475159 0.05990691
v -0.05502836 0.59069091 0.05702866
v -0.06809358 0.61861956 0.01023317
v -0.07103901 0.61258143 0.03750309
v -0.07036320 0.61198175 0.06241991
v -0.05950703 0.60558188 0.08240178
v -0.05516566 0.59140766 0.08021535
v -0.05882259 0.60603100 0.10054387
v -0.05794677 0.59075445 0.09915113
v -0.05980661 0.59055775 0.11424175
v -0.05830096 0.60666233 0.11570935
v -0.05878323 0.56996483 0.09977001
v -0.06182097 0.56874675 0.11343277
v -0.05527540 0.57128894 0.08022299
v -0.05579987 0.57009631 0.05594447
v -0.14258924 0.61852211 0.03335117
v -0.13609217 0.61485416 0.05811625
v -0.12819274 0.61189848 0.08254512
v -0.12271560 0.61236733 0.10702652
v -0.11661386 0.61390561 0.12668304
v -0.10994935 0.61452508 0.13890681
v -0.08591923 0.61420745 0.15139966
v -0.10056525 0.61429292 0.14829512
v -0.07306958 0.61532485 0.14550188
v -0.06715791 0.61738348 0.13041054
v -0.06528984 0.61837637 0.11650045
v -0.06732102 0.61470300 0.08476697
v -0.06534705 0.61746806 0.10216867
v -0.04997550 0.55065799 0.08329924
v -0.05577853 0.54936260 0.10177257
v -0.06136735 0.54807609 0.11432818
v -0.07111382 0.54520863 0.14256923
v -0.06715275 0.54681093 0.12622897
v -0.08315497 0.62253737 0.01311388
v -0.10111165 0.62204230 0.01773237
v -0.11772045 0.62251967 0.02359900
v -0.13158850 0.62243932 0.02903958
v -0.12687765 0.61906713 0.05486063
v -0.11438079 0.61951458 0.05077597
v -0.09874647 0.61969823 0.04591152
v -0.08319115 0.61708635 0.04084549
v -0.12021790 0.61721712 0.07929131
v -0.10919780 0.61853212 0.07541766
v -0.09462406 0.61905783 0.07158913
v -0.08129133 0.61717135 0.06606191
v -0.07736713 0.61989862 0.08861031
v -0.08909857 0.62065548 0.09434578
v -0.10272920 0.61945164 0.09788354
v -0.11311319 0.61753607 0.10258883
v -0.10711111 0.61788267 0.12079644
v -0.09722564 0.61935443 0.11534055
v -0.08508280 0.62066084 0.11138226
v -0.07521572 0.62082100 0.10609800
v -0.10208721 0.61791146 0.13138150
v -0.08709364 0.61785239 0.14289713
v -0.09609769 0.61784232 0.13908181
v -0.07871624 0.61886638 0.13982482
v -0.07549555 0.61999029 0.12925479
v -0.07477031 0.62072271 0.11811745
v -0.08362399 0.62014860 0.12135041
v -0.08287432 0.61959612 0.12939546
v -0.09405752 0.61892778 0.12520598
v -0.09094770 0.61857498 0.13258794
v -0.08286399 0.61901575 0.13569327
v -0.08724860 0.61844409 0.13714804
v -0.11169069 0.54980683 0.06775864
v -0.09122080 0.18364203 0.01519407
v -0.07668669 0.17957652 0.02138504
v -0.10758318 0.18237871 0.01386401
v -0.13503723 -0.24440533 -0.06430181
v -0.09169001 -0.49915421 -0.09546493
v -0.09656696 -0.54668695 -0.09141491
v -0.09402095 -0.52285820 -0.09369759
v -0.13669233 -0.21196193 -0.06527099
v -0.14583644 -0.57335639 -0.03251365
v -0.12332329 -0.74341422 -0.06452049
v 0.14480586 0.59871346 0.12974858
v 0.14920604 0.59686327 0.10889427
v 0.14264151 0.58345836 0.10768685
v -0.01511979 -1.02727389 -0.08531867
v -0.07812513 -0.99799943 -0.01491800
v -0.07743907 -0.98996615 -0.00786166
v -0.07355995 -0.97876096 -0.01497004
v -0.07473388 -0.98767358 -0.02273291
v -0.06799805 -0.96838886 -0.02307184
v -0.07103969 -0.97891235 -0.02904619
v -0.06151351 -0.96004403 -0.03233315
v -0.06601878 -0.97084844 -0.03649289
v -0.05595740 -0.95511371 -0.04272408
v -0.06078051 -0.96558022 -0.04507716
v -0.04112592 -0.95105159 -0.06508794
v -0.03910513 -0.94554794 -0.06152399
v -0.03257949 -0.94278634 -0.06908968
v -0.03346306 -0.94715869 -0.07322580
v -0.02513058 -0.94082117 -0.07581790
v -0.02590245 -0.94494689 -0.07980789
v -0.01682585 -0.94012260 -0.07953456
v -0.01696969 -0.94391209 -0.08373158
v -0.00711365 -0.94021273 -0.08108754
v -0.00716022 -0.94408095 -0.08527382
v -0.00728394 -0.95405239 -0.08832522
v -0.01632020 -0.95383626 -0.08740127
v -0.01678896 -0.94868731 -0.08638413
v -0.00721523 -0.94854379 -0.08744191
v -0.02411022 -0.95458198 -0.08366184
v -0.02545741 -0.94934618 -0.08225057
v -0.03087589 -0.95701110 -0.07829547
v -0.03281142 -0.95184016 -0.07616486
v -0.03894778 -0.96139288 -0.07147086
v -0.04088566 -0.95604241 -0.06841211
v -0.04530412 -0.96697479 -0.06734414
v -0.04826756 -0.96355528 -0.06281298
v -0.01582248 -0.93682146 -0.07331480
v -0.00707595 -0.93701446 -0.07555769
v -0.02327370 -0.93738693 -0.06976086
v -0.03005636 -0.93884343 -0.06421065
v -0.03561601 -0.94073558 -0.05760796
v -0.04885138 -0.95157927 -0.05273247
v -0.04206093 -0.94322485 -0.04912664
v -0.05028262 -0.94787788 -0.04015101
v -0.05670499 -0.95262659 -0.02866365
v -0.06446883 -0.96143520 -0.01784726
v -0.07164335 -0.97280657 -0.00796276
v -0.07594427 -0.98521972 -0.00020609
v -0.07922260 -0.99795234 -0.00221863
v -0.02300840 -0.95921147 -0.08353321
v -0.01578996 -0.95877516 -0.08702883
v -0.02933712 -0.96117944 -0.07897252
v -0.03661653 -0.96567845 -0.07363394
v -0.04218913 -0.97062260 -0.07051109
v -0.04731036 -0.98302948 -0.06989378
v -0.04595612 -0.97650892 -0.06954564
v -0.04568362 -0.99603176 -0.07231207
v -0.04706002 -0.98956257 -0.07103543
v -0.05372668 -1.00304747 -0.06673236
v -0.05552060 -0.99384201 -0.06390713
v -0.05124677 -0.99108940 -0.06772171
v -0.04979039 -0.99901497 -0.06958812
v -0.05737650 -1.00882459 -0.06358774
v -0.05970548 -0.99836081 -0.05967178
v -0.01486710 -0.93410635 -0.06787963
v -0.00704194 -0.93408364 -0.06893732
v -0.02130754 -0.93458158 -0.06446390
v -0.02691947 -0.93520856 -0.05901375
v -0.03126510 -0.93579763 -0.05234540
v -0.03620125 -0.93682665 -0.04474687
v -0.04272393 -0.93906832 -0.03567648
v -0.05094921 -0.94398135 -0.02458772
v -0.06034571 -0.95326722 -0.01260717
v -0.06954707 -0.96754616 -0.00162587
v -0.07424183 -0.98065430 0.00607899
v -0.02843520 -0.92865211 -0.03845840
v -0.02414185 -0.92956221 -0.04529057
v -0.02076035 -0.93042886 -0.05100160
v -0.01773927 -0.93093002 -0.05550451
v -0.01329353 -0.92983031 -0.05494303
v -0.00698706 -0.92926681 -0.05462997
v -0.01258338 -0.92653227 -0.04681398
v -0.00695403 -0.92642844 -0.04718948
v -0.01494145 -0.92347211 -0.04190333
v -0.00690928 -0.92269778 -0.04210050
v -0.01724501 -0.92016339 -0.03788918
v -0.00685182 -0.91783977 -0.03703776
v -0.04977475 -0.97431827 -0.06592838
v -0.05367326 -0.97327602 -0.06100703
v -0.05577458 -0.98371774 -0.06170033
v -0.06039836 -0.98676383 -0.05632118
v -0.05838284 -0.97429419 -0.05470356
v -0.05143773 -0.98254919 -0.06638619
v -0.06423010 -0.97803628 -0.04701041
v -0.06534383 -0.99147719 -0.05028703
v -0.06390741 -1.00420272 -0.05521056
v -0.06901468 -0.99703032 -0.04495115
v -0.06883746 -0.98393548 -0.03969036
v -0.06775275 -1.00865555 -0.05036120
v -0.07079080 -1.01291656 -0.04582357
v -0.07162421 -1.00205469 -0.04026759
v -0.07193867 -0.99034786 -0.03461880
v -0.05228254 -0.96070099 -0.05571049
v -0.07445388 -0.99683458 -0.02910643
v -0.07314850 -1.01737881 -0.04127750
v -0.07386336 -1.00748610 -0.03514178
v -0.07551374 -1.02322853 -0.03569350
v -0.07673825 -1.01381981 -0.02757454
v -0.07758895 -1.00509608 -0.02067962
v -0.08070766 -1.00658107 -0.00614096
v -0.00734695 -0.95905346 -0.08805899
v 0.14329724 0.56552148 0.07778390
v 0.13999091 0.56454706 0.10301507
v 0.13385621 0.56329679 0.12115019
v 0.13829537 0.59955168 0.14403015
v 0.13304515 0.58364856 0.14158368
v 0.12505615 0.58274233 0.15437821
v 0.12739138 0.59967935 0.15456736
v 0.10767899 0.58407223 0.16118246
v 0.10963137 0.60165966 0.15961686
v 0.09109112 0.58719003 0.15117422
v 0.09226324 0.60416746 0.15069501
v 0.11981510 0.56195915 0.14520788
v 0.12617128 0.56353134 0.13308421
v 0.10793803 0.56175464 0.15395781
v 0.09270725 0.56431615 0.14618795
v 0.08854462 0.56603992 0.12786190
v 0.08511388 0.58878052 0.13052931
v 0.08375891 0.60540223 0.13189757
v 0.08368697 0.59124470 0.00126731
v 0.08349716 0.60541761 0.00673621
v 0.12766548 0.55677962 0.02690379
v 0.10863960 0.55481750 0.01797660
v 0.08900052 0.56431431 0.02600639
v 0.08077051 0.58780086 0.02973248
v 0.08560719 0.60322142 0.03468175
v 0.08564628 0.60291755 0.05996898
v 0.07886570 0.58902264 0.05708439
v 0.09265936 0.61661583 0.01029923
v 0.09543267 0.61050582 0.03757242
v 0.09472384 0.60992229 0.06248971
v 0.08369564 0.60379541 0.08246276
v 0.07900231 0.58973503 0.08027178
v 0.08300837 0.60426098 0.10060440
v 0.08175100 0.58901191 0.09920996
v 0.08359405 0.58876818 0.11430164
v 0.08249158 0.60490453 0.11576877
v 0.08206700 0.56820929 0.09982850
v 0.08506300 0.56691444 0.11349314
v 0.07860813 0.56962091 0.08027787
v 0.07912307 0.56841600 0.05599889
v 0.16711335 0.61465621 0.03347669
v 0.16050938 0.61115038 0.05823652
v 0.15252194 0.60839176 0.08265900
v 0.14704227 0.60899651 0.10713636
v 0.14096542 0.61068559 0.12678796
v 0.13430834 0.61147088 0.13900624
v 0.11026780 0.61175501 0.15148154
v 0.12491385 0.61147332 0.14838740
v 0.09745406 0.61319375 0.14557350
v 0.09160619 0.61539990 0.13047782
v 0.08977263 0.61643934 0.11656640
v 0.09173409 0.61271715 0.08483488
v 0.08981694 0.61553049 0.10223506
v 0.07279621 0.54913020 0.08335008
v 0.07854959 0.54768860 0.10182660
v 0.08409301 0.54626215 0.11438689
v 0.09374934 0.54315090 0.14263344
v 0.08983854 0.54485214 0.12629084
v 0.10781153 0.62015593 0.01319233
v 0.12574677 0.61921209 0.01782539
v 0.14235815 0.61927414 0.02370533
v 0.15621650 0.61884713 0.02915679
v 0.15140425 0.61559224 0.05497404
v 0.13892487 0.61635172 0.05087982
v 0.12330348 0.61692607 0.04600327
v 0.10769118 0.61470485 0.04092483
v 0.14468317 0.61390793 0.07939939
v 0.13370135 0.61549819 0.07551754
v 0.11914805 0.61638772 0.07167814
v 0.10577597 0.61483526 0.06614065
v 0.10190505 0.61765903 0.08868635
v 0.11364814 0.61812222 0.09443069
v 0.12724191 0.61657822 0.09797856
v 0.13757274 0.61440355 0.10269155
v 0.13156839 0.61489958 0.12089448
v 0.12172554 0.61661804 0.11543129
v 0.10962151 0.61822796 0.11146399
v 0.09976467 0.61863506 0.10617221
v 0.12653892 0.61505330 0.13147554
v 0.11153938 0.61536908 0.14297977
v 0.12054347 0.61513376 0.13917118
v 0.10319192 0.61659247 0.13990110
v 0.10000791 0.61779678 0.12932885
v 0.09930876 0.61854762 0.11819108
v 0.10814358 0.61775208 0.12143084
v 0.10737491 0.61721784 0.12947518
v 0.11854117 0.61627066 0.12529415
v -0.07449191 -0.99634564 0.02339085
v -0.02987860 -1.00383973 -0.08024827
v -0.02476972 -1.00633192 -0.08306403
v 0.11541825 0.61599505 0.13267361
v 0.10734540 0.61663783 0.13577285
v -0.01976784 -1.00736487 -0.08647470
v -0.01578356 -1.00788236 -0.08902054
v -0.01173743 -1.00777531 -0.09044088
v 0.11171351 0.61595690 0.13723090
v 0.13448167 0.54673553 0.06785840
v 0.10492859 0.18119222 0.01527819
v 0.09029219 0.17749095 0.02145636
v -0.00670417 -0.90588117 -0.03184390
v -0.00884348 -1.07850039 -0.07955793
v -0.00678837 -0.91270626 -0.03527021
v -0.00752850 -0.97305268 -0.07252871
v -0.00997620 -1.16648769 0.00144387
v -0.00741216 -0.96423030 -0.08739261
v -0.00758532 -0.97766525 -0.07504730
v -0.00833154 -1.03826177 -0.10083202
v -0.00747631 -0.96930772 -0.08611314
v -0.00761048 -0.98017550 -0.09031886
v -0.00768413 -0.98599362 -0.08867197
v -0.00930964 -1.11543775 -0.06864305
v -0.00765217 -0.98349673 -0.09008685
v -0.00798605 -1.01024294 -0.09062284
v -0.00827791 -1.03408742 -0.10426168
v -0.00770309 -0.98745608 -0.08716410
v -0.00772625 -0.98323345 0.09356104
v -0.00756841 -0.97676378 -0.08875796
v -0.00766208 -0.98396051 -0.07974114
v -0.00770241 -0.98734212 -0.08507876
v -0.00777439 -0.99277675 -0.07428439
v -0.00795057 -1.00739872 -0.09035550
v -0.00855657 -1.05579996 -0.08607408
v -0.00818806 -1.01951194 0.11578372
v -0.00851892 -1.05287480 -0.08869931
v -0.00964146 -1.14141345 -0.05044035
v -0.00944419 -1.12605047 -0.06304666
v -0.00838434 -1.04237366 -0.09739478
v -0.00898878 -1.08325458 0.12790693
v -0.00920586 -1.10073447 0.12515740
v -0.00908863 -1.09795928 -0.07462190
v -0.00998000 -1.16464400 0.06745325
v -0.00822639 -1.03004801 -0.10657407
v -0.00804908 -1.01546311 -0.09624293
v -0.00987427 -1.15917349 -0.02451701
v -0.00854896 -1.04812109 0.12545840
v -0.00984502 -1.15297151 0.09326300
v -0.00773948 -0.99049652 -0.08974254
v -0.00993158 -1.16335428 -0.01213101
v -0.00771900 -0.98875999 -0.08680575
v -0.00809275 -1.01922858 -0.10375629
v -0.00835278 -1.03254032 0.12107292
v -0.00872536 -1.06217694 0.12759340
v -0.00786489 -1.00056696 -0.09103157
v -0.00791708 -1.00471342 -0.09023342
v -0.00993277 -1.16039300 0.08111432
v -0.00892505 -1.08499563 -0.07864420
v -0.00783414 -0.99814916 -0.09212163
v -0.00866503 -1.06430018 -0.08048540
v -0.00779940 -0.99538434 -0.09247276
v -0.00661943 -0.89896524 -0.02758314
v -0.00954681 -1.12840617 0.11426547
v -0.00776771 -0.99280769 -0.09125355
v -0.00773549 -0.98991668 -0.08177491
v -0.00843405 -1.04625130 -0.09414630
v -0.00775413 -0.99125504 -0.07726732
v -0.00918500 -1.10557652 -0.07195176
v -0.00802001 -1.01299381 -0.09186463
v -0.00802920 -1.01375031 -0.09252737
v -0.00862846 -1.06142116 -0.08176728
v -0.00954780 -1.13414001 -0.05691313
v -0.00869996 -1.06706882 -0.08001146
v -0.00800925 -1.01211619 -0.09126124
v -0.00940690 -1.11701298 0.11974508
v -0.01001669 -1.16818333 0.04897721
v -0.01002251 -1.16909266 0.03537984
v -0.00859142 -1.05851138 -0.08360882
v -0.00848046 -1.04988110 -0.09122245
v -0.00762943 -0.97555375 0.09173571
v -0.00813776 -1.02293456 -0.10646846
v -0.00817619 -1.02604926 -0.10725696
v -0.00980422 -1.15391648 -0.03508037
v -0.00806575 -1.00983846 0.11080362
v -0.01000942 -1.16862857 0.01747204
v -0.00972746 -1.14805400 -0.04362546
v -0.00784633 -0.99262047 0.10076696
v -0.00796390 -1.00179088 0.10739368
v -0.00807624 -1.01783860 -0.10200380
v -0.00874253 -1.07045913 -0.07985564
v -0.00805932 -1.01637256 -0.09886640
v -0.00972746 -1.14322221 0.10387868
v -0.00803950 -1.01462364 -0.09403883
v 0.12125508 0.17952174 0.01396149
v 0.13811558 -0.24781123 -0.06419699
v 0.08845246 -0.50139976 -0.09539489
v 0.09214117 -0.54903954 -0.09134443
v 0.09019129 -0.52515471 -0.09362729
v 0.14058156 -0.21541768 -0.06516293
v 0.14067893 -0.57692975 -0.03240412
v 0.11395970 -0.74637574 -0.06443049
v -0.00128474 -1.02744687 -0.08531392
v 0.06237443 -0.99975646 -0.01486550
v 0.06188216 -0.99170899 -0.00780952
v 0.05829145 -0.98041016 -0.01492042
v 0.05924923 -0.98934919 -0.02268275
v 0.05299779 -0.96990263 -0.02302608
v 0.05578049 -0.98049855 -0.02899856
v 0.04673206 -0.96139902 -0.03229200
v 0.05096871 -0.97231191 -0.03644888
v -0.01257109 -1.01903868 -0.10124676
v -0.01153150 -1.01751375 -0.09871171
v 0.04130995 -0.95633125 -0.04268710
v 0.04587151 -0.96691459 -0.04503695
v -0.02469490 -1.05548811 -0.06381357
v -0.01660464 -1.01631749 -0.08856873
v -0.01561176 -1.03955746 -0.09345312
v -0.02330721 -1.05565393 -0.06447528
v 0.02660293 -0.95190001 -0.06506261
v 0.02471760 -0.94634801 -0.06149969
v 0.01826938 -0.94342381 -0.06907047
v 0.01904700 -0.94781655 -0.07320641
v -0.01890449 -1.01650333 -0.08716264
v 0.01087784 -0.94127238 -0.07580446
v 0.01154972 -0.94541585 -0.07979429
v 0.00259626 -0.94036573 -0.07952750
v 0.00264893 -0.94415748 -0.08372486
v -0.01523080 -1.04656744 -0.08786859
v -0.01724639 -1.05497003 -0.07446930
v 0.00175408 -0.95406252 -0.08739562
v 0.00235092 -0.94892669 -0.08637798
v -0.01529855 -1.04316139 -0.09091143
v -0.02426952 -1.01921904 -0.08764622
v -0.02255659 -1.01655197 -0.08635543
v -0.01523856 -1.02550232 -0.10375084
v -0.01620787 -1.02847159 -0.10256015
v 0.00951986 -0.95500302 -0.08365002
v -0.01598706 -1.02204716 -0.10190439
v -0.01316533 -1.02029312 -0.10238212
v 0.01099662 -0.94980270 -0.08223741
v -0.02641390 -1.05526829 -0.06415111
v -0.03706390 -1.05649757 -0.05788704
v -0.01442712 -1.02335274 -0.10369207
v -0.01141872 -1.02118194 -0.10433210
v -0.02974257 -1.05610776 -0.06179245
v -0.02572720 -1.05532575 -0.06401080
v -0.02042803 -1.02360487 -0.09663672
v -0.01592351 -1.05412316 -0.07900839
v 0.01621826 -0.95760071 -0.07827863
v 0.01828090 -0.95248014 -0.07614623
v 0.02417223 -0.96218312 -0.07144795
v 0.02624085 -0.95688301 -0.06838748
v -0.02304429 -1.02192438 -0.09214447
v 0.03038336 -0.96792197 -0.06731665
v 0.03342765 -0.96457767 -0.06278284
v 0.00167095 -0.93704081 -0.07330824
v -0.02731137 -1.05537570 -0.06404169
v -0.02792123 -1.05555546 -0.06381612
v -0.01630665 -1.03558397 -0.09648067
v 0.00910248 -0.93779314 -0.06974860
v 0.01584184 -0.93941939 -0.06419314
v 0.02134644 -0.94145036 -0.05758598
v 0.03430273 -0.95262074 -0.05270102
v -0.03225551 -1.05625641 -0.06191838
v -0.01118441 -1.01588511 -0.09380695
v -0.01858366 -1.02299249 -0.09915516
v -0.01717346 -1.02247095 -0.10070649
v -0.01177581 -1.01537740 -0.09175296
v 0.02772074 -0.94410026 -0.04909986
v 0.03581569 -0.94895685 -0.04011792
v -0.02095384 -1.05545688 -0.06704029
v 0.04210751 -0.95386457 -0.02862572
v -0.01553815 -1.05207872 -0.08280027
v -0.01529882 -1.04951596 -0.08580916
v 0.04963929 -0.96286339 -0.01780365
v 0.05651779 -0.97441030 -0.00791408
v -0.01111058 -1.01666045 -0.09620975
v 0.06049813 -0.98692739 -0.00015507
v 0.06346098 -0.99973732 -0.00216555
v 0.00830238 -0.95960355 -0.08352239
v 0.00109991 -0.95898670 -0.08702357
v 0.01457611 -0.96172917 -0.07895696
v -0.01658633 -1.03197074 -0.10009483
v 0.02173611 -0.96640885 -0.07361290
v 0.02718071 -0.97149050 -0.07048613
v 0.03198907 -0.98402119 -0.06986499
v -0.01425719 -1.01595044 -0.09013514
v 0.03079835 -0.97746891 -0.06951812
v 0.03003931 -0.99697852 -0.07228433
v 0.03157610 -0.99054575 -0.07100654
v 0.03790021 -1.00419295 -0.06669913
v 0.03992158 -0.99503529 -0.06387217
v 0.03572087 -0.99217677 -0.06768988
v -0.00811305 -1.02091408 -0.10530443
v -0.01373624 -1.02163136 -0.10315712
v 0.03406819 -1.00006330 -0.06955767
v 0.04140184 -1.01005948 -0.06355177
v 0.04398869 -0.99965727 -0.05963376
v 0.00077920 -0.93430293 -0.06787367
v -0.03920925 -1.06973541 -0.06994420
v -0.03919473 -1.06705904 -0.06814894
v 0.00720270 -0.93493968 -0.06445299
v 0.01279296 -0.93570745 -0.05899832
v 0.01711709 -0.93640542 -0.05232661
v 0.02201945 -0.93755776 -0.04472404
v 0.02847623 -0.93996209 -0.03564847
v 0.03656650 -0.94507909 -0.02455361
v -0.03180636 -1.07363343 -0.07436991
v -0.01343271 -1.07433736 -0.07906823
v -0.01865968 -1.07436073 -0.07808352
v 0.04571870 -0.95459533 -0.01256611
v -0.03944298 -1.06277585 -0.06612706
v -0.03964667 -1.06072545 -0.06465812
v -0.03902537 -1.06486106 -0.06635049
v -0.03970759 -1.06111002 -0.06619583
v -0.03973193 -1.06187034 -0.06663975
v 0.05454852 -0.96909958 -0.00157831
v -0.03878117 -1.06417751 -0.06527220
v 0.05890531 -0.98232102 0.00612974
v -0.03887421 -1.06392968 -0.06513958
v 0.01445593 -0.92919147 -0.03844104
v -0.03710765 -1.07254910 -0.07197256
v 0.01014693 -0.92999369 -0.04527675
v 0.00674942 -0.93077493 -0.05099073
v -0.03905804 -1.06353402 -0.06543726
v -0.03986216 -1.06026506 -0.06286079
v 0.00372052 -0.93120003 -0.05549615
v -0.04068653 -1.05847573 -0.05833496
v -0.00069657 -0.92998898 -0.05493806
v -0.00879161 -1.07436645 -0.07967155
v -0.03075838 -1.08495569 -0.07673712
v -0.06164633 -1.08271694 -0.05457992
v -0.00132979 -0.92667425 -0.04680965
v -0.06471876 -1.07701564 -0.05191782
v 0.00109997 -0.92367399 -0.04189708
v -0.05724982 -1.04015696 -0.05842140
v -0.05998184 -1.04112744 -0.05579303
v -0.02779334 -1.07859886 -0.07789075
v 0.00348202 -0.92042387 -0.03788134
v 0.03466759 -0.97537470 -0.06589757
v 0.03858677 -0.97443026 -0.06097288
v 0.04042669 -0.98492098 -0.06166474
v 0.04496855 -0.98808151 -0.05628200
v -0.03622553 -1.10496891 -0.06661975
v -0.04156340 -1.15246272 -0.01689005
v -0.03458527 -1.09764135 -0.07048953
v -0.04941707 -1.08932877 -0.06507628
v 0.04326427 -0.97556555 -0.05466558
v -0.04171036 -1.14808369 -0.02640314
v 0.03612460 -0.98364425 -0.06635420
v 0.04900965 -0.97945273 -0.04696793
v 0.04978960 -0.99291700 -0.05024425
v 0.04803940 -1.00560260 -0.05516931
v 0.05331589 -0.99856019 -0.04490563
v -0.05681403 -1.08746755 -0.05878686
v 0.05346202 -0.98546505 -0.03964460
v -0.06492622 -1.04661930 -0.04837418
v -0.01559493 -1.09121239 -0.07677732
v -0.06655180 -1.05231965 -0.04593867
v 0.05176822 -1.01014996 -0.05031702
v -0.02388793 -1.09122467 -0.07617199
v -0.03781603 -1.16196358 0.04775390
v 0.05469514 -1.01448560 -0.04577704
v 0.05579524 -1.00364816 -0.04022020
v 0.05639779 -0.99195290 -0.03457088
v 0.03750737 -0.96182477 -0.05567700
v -0.02217352 -1.07023847 -0.07522777
v 0.05874557 -0.99850035 -0.02905679
v -0.04740908 -1.04126096 -0.06394520
v -0.05045478 -1.04076385 -0.06255887
v 0.05693677 -1.01900518 -0.04122917
v -0.04160569 -1.16108727 0.03618399
v -0.06384666 -1.04404938 -0.05063694
v -0.04028744 -1.12363636 -0.05572062
v -0.01826744 -1.06371641 -0.07293409
v -0.01977753 -1.06665397 -0.07319851
v -0.04108996 -1.13090062 -0.04896701
v 0.05789379 -1.00913370 -0.03509276
v 0.05915032 -1.02491224 -0.03564325
v 0.06060301 -1.01553714 -0.02752314
v -0.04154590 -1.13734448 -0.04205570
v 0.06166601 -1.00683713 -0.02062744
v 0.06473389 -1.00839984 -0.00608660
v -0.04178517 -1.15605962 -0.00576425
v -0.03045814 -1.04500914 -0.06703504
v 0.05874965 -0.99801254 0.02344193
v 0.01405056 -1.00438857 -0.08023264
v 0.00888336 -1.00675201 -0.08305216
v -0.06689455 -1.07066655 -0.04952808
v -0.06773809 -1.06413317 -0.04771995
v -0.04221388 -1.16047156 0.02189981
v -0.04001188 -1.04235399 -0.06611303
v -0.06744558 -1.05807471 -0.04635525
v -0.02585302 -1.16458941 0.05600189
v 0.00386019 -1.00765991 -0.08646668
v -0.06231189 -1.04223359 -0.05318273
v -0.00013330 -1.00807786 -0.08901571
v -0.00417423 -1.00786984 -0.09043890
v -0.04171255 -1.09052801 -0.07002638
v -0.04384131 -1.04166305 -0.06507218
v -0.01775376 -1.06054425 -0.07208185
v -0.02590356 -1.04739618 -0.06758423
v -0.02261946 -1.05047131 -0.06840691
v -0.04168001 -1.14301944 -0.03469071
v -0.02011325 -1.05339015 -0.06956786
v -0.01811058 -1.05711222 -0.07122986
v -0.03512553 -1.04333782 -0.06688069
v -0.03841161 -1.11418498 -0.06218612
v -0.04189999 -1.15879822 0.00739749
v -0.05382546 -1.04045665 -0.06067757
v -0.00999701 -1.16628456 0.05906141
v -0.00900252 -1.09113979 -0.07692845
v -0.01892370 -1.05519974 -0.07055847
v -0.02490956 -1.07418001 -0.07660124
v -0.03294001 -1.09104228 -0.07415986
v -0.00752497 -0.97323424 -0.08691531
v -0.03505452 -0.99223065 -0.07874152
v -0.03635315 -0.98974609 -0.07719868
v -0.03573572 -0.98306882 -0.07501547
v -0.02783328 -0.99829823 -0.08398770
v -0.03221963 -0.99510109 -0.08095279
v -0.02598485 -0.97535944 -0.08176951
v -0.03685039 -0.98752511 -0.07602632
v -0.02027130 -0.97390378 -0.08479166
v -0.03672019 -0.98524082 -0.07520065
v -0.01433412 -0.97331834 -0.08629791
v -0.00789161 -1.00268984 -0.09064820
v -0.01755255 -1.00265455 -0.08959629
v -0.01268223 -1.00309515 -0.09091914
v -0.02263207 -1.00104535 -0.08706145
v -0.03386857 -0.98054671 -0.07595725
v -0.03092084 -0.97782415 -0.07812640
v -0.00361335 -1.01915038 -0.10124360
v -0.00461678 -1.01760018 -0.09870929
v 0.00756418 -1.05589116 -0.06380306
v 0.00047607 -1.01653087 -0.08856267
v -0.00109299 -1.03973901 -0.09344797
v 0.00617316 -1.05602229 -0.06446558
v 0.00276933 -1.01677406 -0.08715482
v -0.00165353 -1.04673719 -0.08786392
v 0.00013970 -1.05518723 -0.07446344
v -0.00149801 -1.04333401 -0.09090668
v 0.00806506 -1.01962292 -0.08763421
v 0.00641827 -1.01691389 -0.08634473
v -0.00110596 -1.02567911 -0.10374562
v -0.00021231 -1.02867174 -0.10255420
v -0.00027324 -1.02224374 -0.10189855
v -0.00304958 -1.02041960 -0.10237858
v 0.00928851 -1.05571437 -0.06413965
v 0.01989955 -1.05720937 -0.05786728
v -0.00186346 -1.02350998 -0.10368751
v -0.00481594 -1.02126431 -0.10432993
v 0.01259351 -1.05663657 -0.06177865
v 0.00860044 -1.05575442 -0.06399973
v 0.00412248 -1.02391171 -0.09662743
v -0.00115747 -1.05430770 -0.07900342
v 0.00677626 -1.02229691 -0.09213328
v 0.01018299 -1.05584419 -0.06402965
v 0.01078812 -1.05603909 -0.06380372
v -0.00029680 -1.03578413 -0.09647482
v 0.01510199 -1.05684805 -0.06190253
v -0.00492736 -1.01596355 -0.09380464
v 0.00229621 -1.02325368 -0.09914729
v 0.00090097 -1.02269721 -0.10069971
v -0.00432518 -1.01547074 -0.09175029
v 0.00382750 -1.05576646 -0.06703202
v -0.00148813 -1.05225444 -0.08279547
v -0.00166058 -1.04968643 -0.08580449
v -0.00501847 -1.01673675 -0.09620759
v 0.00007638 -1.03217912 -0.10008869
v -0.00186023 -1.01610541 -0.09013073
v -0.00251157 -1.02177167 -0.10315315
v 0.02172360 -1.07049727 -0.06992279
v 0.02177434 -1.06782103 -0.06812759
v 0.01422944 -1.07420897 -0.07435423
v -0.00415185 -1.07445335 -0.07906538
v 0.00107191 -1.07460737 -0.07807702
v 0.02212755 -1.06354523 -0.06610551
v 0.02238124 -1.06150055 -0.06463642
v 0.02165830 -1.06561923 -0.06632951
v 0.02243378 -1.06188631 -0.06617416
v 0.02243945 -1.06264722 -0.06661807
v 0.02143032 -1.06492984 -0.06525134
v 0.02152939 -1.06468439 -0.06511869
v 0.01955414 -1.07325757 -0.07195291
v 0.02172324 -1.06429362 -0.06541611
v 0.02260674 -1.06104589 -0.06283881
v 0.02347192 -1.05927753 -0.05831225
v 0.01290094 -1.08550143 -0.07672216
v 0.04381655 -1.08403540 -0.05454073
v 0.04702776 -1.07841253 -0.05187578
v 0.04048808 -1.04137874 -0.05838594
v 0.04319284 -1.04241717 -0.05575546
v 0.01009658 -1.07907236 -0.07787795
v 0.01785794 -1.10564518 -0.06660077
v 0.02196585 -1.15325618 -0.01686516
v 0.01640457 -1.09827876 -0.07047148
v 0.03143498 -1.09033954 -0.06504704
v 0.02223016 -1.14888263 -0.02637839
v 0.03887113 -1.08866405 -0.05875191
v 0.04799256 -1.04803097 -0.04833274
v -0.00241400 -1.09137726 -0.07677297
v 0.04947313 -1.05376995 -0.04589586
v 0.00587568 -1.09159684 -0.07616198
v 0.01793022 -1.16266131 0.04777564
v 0.00468514 -1.07057428 -0.07521883
v 0.03062731 -1.04223621 -0.06391753
v 0.03368335 -1.04181540 -0.06252879
v 0.02175005 -1.16188037 0.03620876
v 0.04697929 -1.04543495 -0.05059634
v 0.02144343 -1.12440801 -0.05569854
v 0.00094122 -1.06395686 -0.07292762
v 0.00237766 -1.06693149 -0.07319102
v 0.02205840 -1.13169003 -0.04894371
v 0.02234716 -1.13814306 -0.04203159
v 0.02208846 -1.15685725 -0.00573903
v 0.01359016 -1.04555917 -0.06701964
v 0.04935922 -1.07211983 -0.04948412
v 0.05036452 -1.06560934 -0.04767541
v 0.02238483 -1.16127932 0.02192505
v 0.02320673 -1.04314375 -0.06609060
v 0.05022282 -1.05954552 -0.04631130
v 0.00589868 -1.16498673 0.05601423
v 0.04549247 -1.04358125 -0.05314335
v 0.02370695 -1.09134591 -0.07000323
v 0.02705143 -1.04254889 -0.06504713
v 0.00050575 -1.06077278 -0.07207548
v 0.00897769 -1.04783177 -0.06757227
v 0.00561840 -1.05082393 -0.06839740
v 0.02233315 -1.14381921 -0.03466622
v 0.00304100 -1.05367923 -0.06956020
v 0.00094720 -1.05735040 -0.07122327
v 0.01829774 -1.04400516 -0.06686175
v 0.01980957 -1.11491299 -0.06216561
v 0.02212435 -1.15959835 0.00742261
v 0.03705912 -1.04159260 -0.06064479
v 0.00180735 -1.05545866 -0.07055150
v 0.00732307 -1.07458293 -0.07659049
v 0.01492782 -1.09164095 -0.07414316
v 0.01951399 -0.99291253 -0.07872158
v 0.02087303 -0.99046147 -0.07717775
v 0.02042131 -0.98377097 -0.07499546
v 0.01214793 -0.99879777 -0.08397333
v 0.01661021 -0.99571121 -0.08093491
v 0.01087136 -0.97582078 -0.08175597
v 0.02142475 -0.98825347 -0.07600515
v 0.00519879 -0.97422272 -0.08478262
v 0.02135128 -0.98596680 -0.07517986
v -0.00072064 -0.97348875 -0.08629365
v 0.00176630 -1.00289595 -0.08959009
v -0.00311239 -1.00321484 -0.09091648
v 0.00688218 -1.00141418 -0.08705115
v 0.01861836 -0.98120326 -0.07593819
v 0.01574120 -0.97840798 -0.07810923
v 0.02373989 -1.05765700 -0.05284850
v -0.04091833 -1.05684900 -0.05287144
v 0.02221859 -1.05741882 -0.06566826
v 0.02066052 -1.05744457 -0.06517831
v 0.01922535 -1.05746746 -0.06439701
v 0.01802336 -1.05748558 -0.06339428
v 0.02225478 -1.05773294 -0.06566798
v 0.02072953 -1.05806196 -0.06517844
v 0.01932599 -1.05836320 -0.06439739
v 0.01815151 -1.05861533 -0.06339377
v 0.02234999 -1.05803514 -0.06566902
v 0.02091907 -1.05865180 -0.06517919
v 0.01960091 -1.05922067 -0.06439856
v 0.01849701 -1.05969548 -0.06339633
v 0.02250329 -1.05831087 -0.06567018
v 0.02122026 -1.05919504 -0.06518210
v 0.02003809 -1.06000793 -0.06440303
v 0.01904884 -1.06068873 -0.06340110
v 0.02270902 -1.05855155 -0.06567192
v 0.02162311 -1.05966711 -0.06518643
v 0.02062217 -1.06069481 -0.06440897
v 0.01978434 -1.06155503 -0.06340947
v 0.02295689 -1.05874872 -0.06567472
v 0.02210932 -1.06005239 -0.06519169
v 0.02132915 -1.06125438 -0.06441631
v 0.02067685 -1.06226051 -0.06341833
v 0.02323909 -1.05889320 -0.06567805
v 0.02266350 -1.06033564 -0.06519789
v 0.02213328 -1.06166530 -0.06442589
v 0.02169093 -1.06277895 -0.06343023
v 0.02354541 -1.05898035 -0.06568179
v 0.02326254 -1.06050658 -0.06520526
v 0.02300310 -1.06191242 -0.06443617
v 0.02278675 -1.06308973 -0.06344253
v 0.02386182 -1.05900526 -0.06568522
v 0.02388385 -1.06055582 -0.06521226
v 0.02390543 -1.06198478 -0.06444676
v 0.02392461 -1.06318212 -0.06345679
v 0.02417752 -1.05896902 -0.06568936
v 0.02450426 -1.06048465 -0.06521997
v 0.02480552 -1.06188083 -0.06445807
v 0.02505950 -1.06305039 -0.06347068
v 0.02448133 -1.05887151 -0.06569295
v 0.02509793 -1.06029415 -0.06522776
v 0.02566835 -1.06160390 -0.06446863
v 0.02614681 -1.06270194 -0.06348425
v 0.02475962 -1.05871820 -0.06569666
v 0.02564462 -1.05999184 -0.06523495
v 0.02646137 -1.06116569 -0.06447898
v 0.02714686 -1.06214917 -0.06349790
v 0.02500210 -1.05851197 -0.06569955
v 0.02612072 -1.05958939 -0.06524049
v 0.02715378 -1.06058192 -0.06448835
v 0.02802064 -1.06141329 -0.06350946
v 0.02520139 -1.05826473 -0.06570239
v 0.02651036 -1.05910301 -0.06524607
v 0.02771878 -1.05987549 -0.06449580
v 0.02873277 -1.06052125 -0.06351925
v 0.02534711 -1.05798268 -0.06570397
v 0.02679695 -1.05855060 -0.06524955
v 0.02813497 -1.05907297 -0.06450146
v 0.02925882 -1.05950999 -0.06352732
v 0.02543591 -1.05767798 -0.06570531
v 0.02697096 -1.05795407 -0.06525283
v 0.02838731 -1.05820656 -0.06450585
v 0.02957532 -1.05841756 -0.06353253
v 0.02546247 -1.05736291 -0.06570578
v 0.02702324 -1.05733526 -0.06525380
v 0.02846416 -1.05730808 -0.06450775
v 0.02967446 -1.05728459 -0.06353564
v 0.02542925 -1.05704963 -0.06570407
v 0.02695548 -1.05671787 -0.06525160
v 0.02836457 -1.05641305 -0.06450482
v 0.02954605 -1.05615497 -0.06353261
v 0.02533237 -1.05674756 -0.06570318
v 0.02676639 -1.05612803 -0.06524926
v 0.02808970 -1.05555522 -0.06450200
v 0.02920151 -1.05507457 -0.06352895
v 0.02517923 -1.05647087 -0.06570118
v 0.02646531 -1.05558538 -0.06524593
v 0.02765232 -1.05476761 -0.06449799
v 0.02864937 -1.05408192 -0.06352253
v 0.02497368 -1.05623078 -0.06569923
v 0.02606318 -1.05511332 -0.06524190
v 0.02706965 -1.05408132 -0.06449130
v 0.02791451 -1.05321503 -0.06351557
v 0.02472592 -1.05603361 -0.06569628
v 0.02557691 -1.05472732 -0.06523632
v 0.02636249 -1.05352175 -0.06448361
v 0.02702187 -1.05251050 -0.06350479
v 0.02444393 -1.05588949 -0.06569350
v 0.02502278 -1.05444396 -0.06522992
v 0.02555851 -1.05311143 -0.06447438
v 0.02600804 -1.05199194 -0.06349324
v 0.02413785 -1.05580270 -0.06568968
v 0.02442466 -1.05427420 -0.06522365
v 0.02468912 -1.05286431 -0.06446473
v 0.02491231 -1.05168128 -0.06348008
v 0.02382150 -1.05577731 -0.06568606
v 0.02380285 -1.05422437 -0.06521592
v 0.02378689 -1.05279148 -0.06445406
v 0.02377465 -1.05158865 -0.06346739
v 0.02350603 -1.05581355 -0.06568199
v 0.02318286 -1.05429566 -0.06520858
v 0.02288704 -1.05289483 -0.06444353
v 0.02263983 -1.05172098 -0.06345354
v 0.02320218 -1.05591106 -0.06567844
v 0.02258956 -1.05448651 -0.06520178
v 0.02202421 -1.05317187 -0.06443249
v 0.02155274 -1.05206895 -0.06343978
v 0.02292406 -1.05606472 -0.06567539
v 0.02204269 -1.05478871 -0.06519531
v 0.02123134 -1.05361044 -0.06442259
v 0.02055288 -1.05262232 -0.06342717
v 0.02268137 -1.05627036 -0.06567222
v 0.02156629 -1.05519056 -0.06518879
v 0.02053890 -1.05419421 -0.06441415
v 0.01967933 -1.05335796 -0.06341660
v 0.02248204 -1.05651808 -0.06567008
v 0.02117653 -1.05567718 -0.06518456
v 0.01997408 -1.05490088 -0.06440694
v 0.01896684 -1.05424941 -0.06340712
v 0.02384185 -1.05739152 -0.06584410
v 0.02233531 -1.05679727 -0.06566959
v 0.02088954 -1.05622959 -0.06518015
v 0.01955709 -1.05570281 -0.06440105
v 0.01844113 -1.05526125 -0.06340016
v 0.02224615 -1.05710363 -0.06566843
v 0.02071404 -1.05682564 -0.06517939
v 0.01930305 -1.05656898 -0.06439918
v 0.01812294 -1.05635130 -0.06339709
v 0.01685282 -1.05750287 -0.06253113
v 0.01504090 -1.05753088 -0.06106935
v 0.01349653 -1.05755258 -0.05916774
v 0.01235204 -1.05756652 -0.05700607
v 0.01165219 -1.05757236 -0.05466577
v 0.01142119 -1.05756998 -0.05223947
v 0.01167041 -1.05755973 -0.04981840
v 0.01238724 -1.05754125 -0.04749665
v 0.01354738 -1.05751538 -0.04536220
v 0.01510423 -1.05748403 -0.04349890
v 0.01699772 -1.05744708 -0.04197650
v 0.01915795 -1.05740678 -0.04085487
v 0.02149846 -1.05736458 -0.04017658
v 0.01700485 -1.05886006 -0.06253135
v 0.01523258 -1.05923986 -0.06106946
v 0.01372202 -1.05956292 -0.05916870
v 0.01260258 -1.05979967 -0.05700621
v 0.01191793 -1.05994320 -0.05466637
v 0.01169332 -1.05998731 -0.05223956
v 0.01193609 -1.05993009 -0.04981863
v 0.01263778 -1.05977428 -0.04749729
v 0.01377261 -1.05952549 -0.04536231
v 0.01529615 -1.05919290 -0.04349876
v 0.01714944 -1.05879033 -0.04197666
v 0.01926018 -1.05833185 -0.04085462
v 0.02155092 -1.05783582 -0.04017714
v 0.01742155 -1.06015992 -0.06253405
v 0.01575577 -1.06087863 -0.06107388
v 0.01433821 -1.06148875 -0.05917303
v 0.01328745 -1.06193936 -0.05701096
v 0.01264443 -1.06221569 -0.05467211
v 0.01243267 -1.06230426 -0.05224545
v 0.01266116 -1.06220257 -0.04982452
v 0.01332171 -1.06191397 -0.04750238
v 0.01438802 -1.06145144 -0.04536754
v 0.01581898 -1.06083155 -0.04350331
v 0.01755954 -1.06007636 -0.04197988
v 0.01954406 -1.05921853 -0.04085684
v 0.02169549 -1.05828798 -0.04017800
v 0.01808319 -1.06135368 -0.06254058
v 0.01659075 -1.06238151 -0.06108131
v 0.01532008 -1.06325579 -0.05918244
v 0.01437846 -1.06390369 -0.05702164
v 0.01380187 -1.06430006 -0.05468336
v 0.01361316 -1.06442940 -0.05225685
v 0.01381965 -1.06428695 -0.04983582
v 0.01441237 -1.06387877 -0.04751334
v 0.01536919 -1.06321907 -0.04537704
v 0.01665255 -1.06233454 -0.04351188
v 0.01821493 -1.06125796 -0.04198650
v 0.01999570 -1.06003129 -0.04086162
v 0.02192517 -1.05870247 -0.04018058
v 0.01896825 -1.06239462 -0.06254939
v 0.01770487 -1.06369162 -0.06109200
v 0.01662979 -1.06479728 -0.05919591
v 0.01583382 -1.06561637 -0.05703665
v 0.01534734 -1.06611800 -0.05469977
v 0.01518873 -1.06628346 -0.05227353
v 0.01536445 -1.06610489 -0.04985232
v 0.01586742 -1.06559110 -0.04752859
v 0.01667833 -1.06476068 -0.04539140
v 0.01776688 -1.06364512 -0.04352392
v 0.01909027 -1.06228828 -0.04199615
v 0.02059773 -1.06074166 -0.04086811
v 0.02223302 -1.05906403 -0.04018355
v 0.02004042 -1.06324220 -0.06256140
v 0.01905512 -1.06476021 -0.06110717
v 0.01821716 -1.06605303 -0.05921290
v 0.01759792 -1.06701195 -0.05705592
v 0.01721983 -1.06760049 -0.05472028
v 0.01709783 -1.06779480 -0.05229475
v 0.01723728 -1.06758738 -0.04987302
v 0.01763123 -1.06698716 -0.04754861
v 0.01826593 -1.06601632 -0.04540923
v 0.01911627 -1.06471395 -0.04353888
v 0.02015108 -1.06312716 -0.04200765
v 0.02132958 -1.06131911 -0.04087648
v 0.02260473 -1.05935884 -0.04018792
v 0.02125920 -1.06386447 -0.06257477
v 0.02059054 -1.06554425 -0.06112448
v 0.02002202 -1.06697571 -0.05923379
v 0.01960313 -1.06803739 -0.05707899
v 0.01934815 -1.06868887 -0.05474487
v 0.01926837 -1.06890428 -0.05231981
v 0.01936438 -1.06867599 -0.04989763
v 0.01963601 -1.06801224 -0.04757185
v 0.02006993 -1.06693864 -0.04542983
v 0.02065134 -1.06549799 -0.04355619
v 0.02135699 -1.06374359 -0.04202126
v 0.02215963 -1.06174409 -0.04088584
v 0.02302830 -1.05957496 -0.04019278
v 0.02257689 -1.06423819 -0.06258948
v 0.02225150 -1.06601477 -0.06114364
v 0.02197458 -1.06752968 -0.05925676
v 0.02177276 -1.06865311 -0.05710460
v 0.02165171 -1.06934190 -0.05477203
v 0.02161628 -1.06956887 -0.05234782
v 0.02166837 -1.06932878 -0.04992536
v 0.02180547 -1.06862736 -0.04759711
v 0.02202270 -1.06749260 -0.04545303
v 0.02231191 -1.06596804 -0.04357645
v 0.02266078 -1.06411326 -0.04203695
v 0.02305768 -1.06199908 -0.04089649
v 0.02348655 -1.05970502 -0.04019829
v 0.02394441 -1.06434846 -0.06260659
v 0.02397360 -1.06615376 -0.06116466
v 0.02399981 -1.06769300 -0.05928107
v 0.02402221 -1.06883407 -0.05713166
v 0.02403941 -1.06953335 -0.05480104
v 0.02405086 -1.06976557 -0.05237726
v 0.02405657 -1.06952071 -0.04995398
v 0.02405485 -1.06880879 -0.04762474
v 0.02404715 -1.06765604 -0.04547748
v 0.02403336 -1.06610703 -0.04359704
v 0.02401395 -1.06422281 -0.04205331
v 0.02398974 -1.06207430 -0.04090782
v 0.02396157 -1.05974340 -0.04020409
v 0.02530844 -1.06419075 -0.06262326
v 0.02569037 -1.06595564 -0.06118614
v 0.02601990 -1.06745946 -0.05930616
v 0.02626592 -1.06857467 -0.05715948
v 0.02642162 -1.06925869 -0.05483036
v 0.02647996 -1.06948519 -0.05240735
v 0.02643814 -1.06924570 -0.04998369
v 0.02629841 -1.06854999 -0.04765255
v 0.02606692 -1.06742251 -0.04550254
v 0.02575037 -1.06590891 -0.04361801
v 0.02536370 -1.06406641 -0.04207051
v 0.02491945 -1.06196690 -0.04091926
v 0.02443544 -1.05968857 -0.04020938
v 0.02661623 -1.06377101 -0.06263956
v 0.02733877 -1.06542778 -0.06120642
v 0.02795719 -1.06683815 -0.05933068
v 0.02841857 -1.06788468 -0.05718674
v 0.02870710 -1.06852663 -0.05485929
v 0.02881012 -1.06873846 -0.05243653
v 0.02872353 -1.06851363 -0.05001255
v 0.02845081 -1.06785941 -0.04767964
v 0.02800385 -1.06680167 -0.04552691
v 0.02739839 -1.06538105 -0.04363919
v 0.02665720 -1.06365180 -0.04208659
v 0.02581087 -1.06168032 -0.04093051
v 0.02489012 -1.05954266 -0.04021559
v 0.02781782 -1.06310737 -0.06265569
v 0.02885261 -1.06459033 -0.06122677
v 0.02973697 -1.06585371 -0.05935407
v 0.03039612 -1.06679070 -0.05721232
v 0.03080556 -1.06736445 -0.05488636
v 0.03094968 -1.06755424 -0.05246473
v 0.03082138 -1.06735158 -0.05003963
v 0.03042797 -1.06676495 -0.04770514
v 0.02978287 -1.06581724 -0.04554964
v 0.02891179 -1.06454372 -0.04365868
v 0.02784695 -1.06299424 -0.04210177
v 0.02662943 -1.06122780 -0.04094081
v 0.02530783 -1.05931211 -0.04022101
v 0.02886737 -1.06222236 -0.06267000
v 0.03017432 -1.06347585 -0.06124459
v 0.03129076 -1.06454349 -0.05937479
v 0.03212307 -1.06533396 -0.05723517
v 0.03263871 -1.06581867 -0.05491073
v 0.03281835 -1.06597757 -0.05248976
v 0.03265519 -1.06580567 -0.05006386
v 0.03215457 -1.06530929 -0.04772830
v 0.03133681 -1.06450665 -0.04557066
v 0.03023303 -1.06342912 -0.04367585
v 0.02888473 -1.06211853 -0.04211539
v 0.02734533 -1.06062460 -0.04095015
v 0.02567162 -1.05900395 -0.04022611
v 0.02972463 -1.06115150 -0.06268207
v 0.03125409 -1.06212664 -0.06126001
v 0.03255997 -1.06295681 -0.05939216
v 0.03353302 -1.06357205 -0.05725522
v 0.03413626 -1.06394708 -0.05493171
v 0.03434490 -1.06406999 -0.05251113
v 0.03415219 -1.06393397 -0.05008508
v 0.03356403 -1.06354642 -0.04774760
v 0.03260499 -1.06292033 -0.04558831
v 0.03131197 -1.06208003 -0.04369115
v 0.02973271 -1.06105876 -0.04212734
v 0.02792895 -1.05989373 -0.04095866
v 0.02596989 -1.05863237 -0.04023005
v 0.03035506 -1.05993581 -0.06269143
v 0.03204934 -1.06059527 -0.06127179
v 0.03349485 -1.06115592 -0.05940676
v 0.03457244 -1.06157017 -0.05727141
v 0.03523897 -1.06182337 -0.05494814
v 0.03546941 -1.06190336 -0.05252757
v 0.03525466 -1.06181097 -0.05010100
v 0.03460284 -1.06154513 -0.04776327
v 0.03354007 -1.06111956 -0.04560181
v 0.03210637 -1.06054866 -0.04370299
v 0.03035690 -1.05985463 -0.04213643
v 0.02835860 -1.05906522 -0.04096464
v 0.02618857 -1.05820954 -0.04023342
v 0.03073760 -1.05862212 -0.06269848
v 0.03253103 -1.05893910 -0.06128166
v 0.03406123 -1.05920935 -0.05941677
v 0.03520154 -1.05940759 -0.05728374
v 0.03590534 -1.05952716 -0.05495971
v 0.03614773 -1.05956316 -0.05253911
v 0.03592061 -1.05951416 -0.05011225
v 0.03523052 -1.05938208 -0.04777326
v 0.03410429 -1.05917311 -0.04561153
v 0.03258611 -1.05889273 -0.04371070
v 0.03073364 -1.05855489 -0.04214284
v 0.02861912 -1.05816960 -0.04096910
v 0.02632122 -1.05775309 -0.04023550
v 0.03085520 -1.05726123 -0.06270312
v 0.03267895 -1.05722547 -0.06128675
v 0.03423598 -1.05719399 -0.05942310
v 0.03539473 -1.05716801 -0.05728883
v 0.03610962 -1.05714810 -0.05496628
v 0.03635640 -1.05713701 -0.05254488
v 0.03612348 -1.05713522 -0.05011771
v 0.03542247 -1.05714190 -0.04777856
v 0.03427778 -1.05715609 -0.04561584
v 0.03273267 -1.05717802 -0.04371453
v 0.03084971 -1.05720699 -0.04214595
v 0.02869827 -1.05724096 -0.04097108
v 0.02636196 -1.05727983 -0.04023657
v 0.03070189 -1.05590308 -0.06270127
v 0.03248646 -1.05551565 -0.06128611
v 0.03400949 -1.05518186 -0.05942216
v 0.03514370 -1.05493343 -0.05728872
v 0.03584380 -1.05477715 -0.05496518
v 0.03608449 -1.05472052 -0.05254387
v 0.03585841 -1.05476487 -0.05011709
v 0.03517191 -1.05490875 -0.04777846
v 0.03405157 -1.05514598 -0.04561519
v 0.03254075 -1.05546916 -0.04371413
v 0.03069788 -1.05586386 -0.04214578
v 0.02859482 -1.05631590 -0.04097079
v 0.02630886 -1.05680859 -0.04023652
v 0.03028489 -1.05460274 -0.06269617
v 0.03196121 -1.05387712 -0.06127907
v 0.03339204 -1.05325603 -0.05941578
v 0.03445836 -1.05279374 -0.05728216
v 0.03511768 -1.05250514 -0.05495885
v 0.03534503 -1.05240369 -0.05253753
v 0.03513282 -1.05249250 -0.05011106
v 0.03448796 -1.05276871 -0.04777276
v 0.03343664 -1.05322015 -0.04561038
v 0.03201787 -1.05383062 -0.04370957
v 0.03028774 -1.05457783 -0.04214255
v 0.02831096 -1.05542970 -0.04096906
v 0.02616429 -1.05635643 -0.04023514
v 0.02962300 -1.05340981 -0.06268915
v 0.03112614 -1.05237377 -0.06127024
v 0.03240962 -1.05148911 -0.05940483
v 0.03336723 -1.05082917 -0.05727015
v 0.03395930 -1.05042100 -0.05494696
v 0.03416428 -1.05027831 -0.05252562
v 0.03397474 -1.05040836 -0.05009940
v 0.03339777 -1.05080485 -0.04776154
v 0.03245480 -1.05145299 -0.04560074
v 0.03118419 -1.05232739 -0.04370140
v 0.02963230 -1.05339575 -0.04213589
v 0.02785932 -1.05461645 -0.04096426
v 0.02593464 -1.05594134 -0.04023301
v 0.02873795 -1.05236876 -0.06267915
v 0.03001122 -1.05106282 -0.06125718
v 0.03110011 -1.04994774 -0.05939024
v 0.03191094 -1.04911709 -0.05725410
v 0.03241336 -1.04860342 -0.05492959
v 0.03258918 -1.04842472 -0.05250859
v 0.03242929 -1.04859042 -0.05008240
v 0.03194213 -1.04909170 -0.04774557
v 0.03114559 -1.04991150 -0.04558677
v 0.03007036 -1.05101681 -0.04368978
v 0.02875741 -1.05236542 -0.04212666
v 0.02725727 -1.05390608 -0.04095772
v 0.02562677 -1.05558038 -0.04022957
v 0.02766566 -1.05152106 -0.06266698
v 0.02866074 -1.04999471 -0.06124183
v 0.02951215 -1.04869223 -0.05937147
v 0.03014684 -1.04772115 -0.05723403
v 0.03054042 -1.04712093 -0.05490842
v 0.03067989 -1.04691339 -0.05248704
v 0.03055619 -1.04710793 -0.05006141
v 0.03017863 -1.04769659 -0.04772589
v 0.02955796 -1.04865575 -0.04556881
v 0.02872043 -1.04994869 -0.04367420
v 0.02769613 -1.05152655 -0.04211462
v 0.02652591 -1.05332851 -0.04094931
v 0.02525507 -1.05528545 -0.04022563
v 0.02393064 -1.05732155 -0.03996738
v 0.02644716 -1.05089903 -0.06265197
v 0.02712608 -1.04921091 -0.06122345
v 0.02770679 -1.04776943 -0.05935110
v 0.02814047 -1.04669607 -0.05721053
v 0.02841240 -1.04603219 -0.05488364
v 0.02850916 -1.04580390 -0.05246165
v 0.02842830 -1.04601932 -0.05003659
v 0.02817267 -1.04667103 -0.04770292
v 0.02775393 -1.04773295 -0.04554762
v 0.02718584 -1.04916406 -0.04365635
v 0.02649019 -1.05091000 -0.04210047
v 0.02569587 -1.05290461 -0.04093996
v 0.02483149 -1.05506897 -0.04022073
v 0.02512910 -1.05052471 -0.06263719
v 0.02546463 -1.04874086 -0.06120374
v 0.02575460 -1.04721558 -0.05932769
v 0.02597114 -1.04608107 -0.05718457
v 0.02610872 -1.04537916 -0.05485624
v 0.02616096 -1.04513907 -0.05243353
v 0.02612521 -1.04536617 -0.05000935
v 0.02600311 -1.04605532 -0.04767660
v 0.02580160 -1.04717910 -0.04552429
v 0.02552473 -1.04869401 -0.04363705
v 0.02518642 -1.05054045 -0.04208475
v 0.02479732 -1.05264866 -0.04092923
v 0.02437320 -1.05493939 -0.04021474
v 0.02376175 -1.05041432 -0.06262071
v 0.02374307 -1.04860139 -0.06118321
v 0.02372934 -1.04705262 -0.05930275
v 0.02372215 -1.04589915 -0.05715740
v 0.02372039 -1.04518735 -0.05482699
v 0.02372553 -1.04494166 -0.05240422
v 0.02373703 -1.04517472 -0.04998076
v 0.02375475 -1.04587436 -0.04764949
v 0.02377662 -1.04701555 -0.04549989
v 0.02380329 -1.04855454 -0.04361592
v 0.02383319 -1.05043137 -0.04206843
v 0.02386522 -1.05257440 -0.04091791
v 0.02389812 -1.05490088 -0.04020941
v 0.02239776 -1.05057204 -0.06260378
v 0.02202639 -1.04879999 -0.06116188
v 0.02170931 -1.04728580 -0.05927793
v 0.02147849 -1.04615843 -0.05712920
v 0.02133878 -1.04546201 -0.05479801
v 0.02129677 -1.04522288 -0.05237450
v 0.02135494 -1.04544950 -0.04995095
v 0.02151117 -1.04613316 -0.04762215
v 0.02175736 -1.04724920 -0.04547533
v 0.02208627 -1.04875302 -0.04359446
v 0.02248348 -1.05058777 -0.04205220
v 0.02293552 -1.05268097 -0.04090645
v 0.02342433 -1.05495536 -0.04020360
v 0.02109057 -1.05099177 -0.06258788
v 0.02037758 -1.04932797 -0.06114095
v 0.01977274 -1.04790711 -0.05925385
v 0.01932601 -1.04684901 -0.05710284
v 0.01905341 -1.04619420 -0.05476919
v 0.01896836 -1.04596937 -0.05234484
v 0.01907009 -1.04618168 -0.04992260
v 0.01935882 -1.04682386 -0.04759458
v 0.01982003 -1.04787052 -0.04545105
v 0.02043879 -1.04928100 -0.04357434
v 0.02119048 -1.05100238 -0.04203515
v 0.02204460 -1.05296743 -0.04089528
v 0.02296967 -1.05510116 -0.04019745
v 0.01988872 -1.05165529 -0.06257304
v 0.01886457 -1.05016518 -0.06112255
v 0.01799301 -1.04889154 -0.05923141
v 0.01734816 -1.04794371 -0.05707718
v 0.01695460 -1.04735661 -0.05474222
v 0.01682680 -1.04715371 -0.05231749
v 0.01697199 -1.04734397 -0.04989520
v 0.01738131 -1.04791808 -0.04756930
v 0.01804103 -1.04885507 -0.04542741
v 0.01892548 -1.05011845 -0.04355491
v 0.02000078 -1.05166042 -0.04202049
v 0.02122607 -1.05341995 -0.04088498
v 0.02255195 -1.05533195 -0.04019203
v 0.01883913 -1.05254066 -0.06255964
v 0.01754300 -1.05127966 -0.06110527
v 0.01643842 -1.05020154 -0.05921124
v 0.01562150 -1.04939938 -0.05705430
v 0.01512189 -1.04890287 -0.05471840
v 0.01495875 -1.04873109 -0.05229277
v 0.01513892 -1.04888988 -0.04987122
v 0.01565492 -1.04937470 -0.04754675
v 0.01648713 -1.05016518 -0.04540692
v 0.01760423 -1.05123305 -0.04353727
v 0.01896254 -1.05253577 -0.04200640
v 0.02050969 -1.05402350 -0.04087568
v 0.02218814 -1.05564046 -0.04018796
v 0.01798206 -1.05361104 -0.06254807
v 0.01646360 -1.05262828 -0.06109100
v 0.01517052 -1.05178833 -0.05919389
v 0.01421180 -1.05116224 -0.05703592
v 0.01362471 -1.05077398 -0.05469777
v 0.01343232 -1.05063784 -0.05227189
v 0.01364204 -1.05076146 -0.04985098
v 0.01424541 -1.05113661 -0.04752715
v 0.01521903 -1.05175138 -0.04538985
v 0.01652532 -1.05258203 -0.04352258
v 0.01811455 -1.05359495 -0.04199451
v 0.01992657 -1.05475402 -0.04086722
v 0.02188991 -1.05601156 -0.04018351
v 0.01735159 -1.05482733 -0.06253915
v 0.01566858 -1.05415964 -0.06107974
v 0.01423563 -1.05358911 -0.05918042
v 0.01317285 -1.05316329 -0.05702091
v 0.01252199 -1.05289733 -0.05468177
v 0.01230856 -1.05280435 -0.05225552
v 0.01253920 -1.05288446 -0.04983481
v 0.01320676 -1.05313778 -0.04751226
v 0.01428455 -1.05355263 -0.04537652
v 0.01573097 -1.05411339 -0.04351085
v 0.01749088 -1.05479908 -0.04198600
v 0.01949641 -1.05558252 -0.04086075
v 0.02167122 -1.05643439 -0.04018017
v 0.01696944 -1.05614114 -0.06253382
v 0.01518819 -1.05581617 -0.06107230
v 0.01367017 -1.05553555 -0.05917189
v 0.01254442 -1.05532575 -0.05701105
v 0.01185590 -1.05519390 -0.05467147
v 0.01162983 -1.05514467 -0.05224483
v 0.01187333 -1.05518091 -0.04982389
v 0.01257913 -1.05530047 -0.04750194
v 0.01371987 -1.05549908 -0.04536691
v 0.01525128 -1.05576932 -0.04350316
v 0.01711412 -1.05609882 -0.04197963
v 0.01923590 -1.05647814 -0.04085680
v 0.02153855 -1.05689085 -0.04017809
v -0.04262054 -1.05651140 -0.06573298
v -0.04418054 -1.05644500 -0.06528236
v -0.04562102 -1.05638194 -0.06453755
v -0.04683124 -1.05632830 -0.06356648
v -0.04260184 -1.05682707 -0.06573254
v -0.04414371 -1.05706477 -0.06528144
v -0.04556661 -1.05728209 -0.06453572
v -0.04676040 -1.05746353 -0.06356346
v -0.04252067 -1.05713403 -0.06573117
v -0.04398464 -1.05766559 -0.06527811
v -0.04533596 -1.05815458 -0.06453125
v -0.04647124 -1.05856347 -0.06355814
v -0.04238203 -1.05741942 -0.06572950
v -0.04371192 -1.05822492 -0.06527445
v -0.04493992 -1.05896723 -0.06452534
v -0.04597059 -1.05958760 -0.06354976
v -0.04218896 -1.05767155 -0.06572652
v -0.04333454 -1.05872095 -0.06526860
v -0.04439271 -1.05968738 -0.06451750
v -0.04528094 -1.06049716 -0.06353948
v -0.04195172 -1.05788386 -0.06572345
v -0.04286863 -1.05913508 -0.06526271
v -0.04371509 -1.06028843 -0.06450760
v -0.04442578 -1.06125462 -0.06352726
v -0.04167734 -1.05804396 -0.06571952
v -0.04232965 -1.05945110 -0.06525507
v -0.04293325 -1.06074619 -0.06449664
v -0.04343984 -1.06183219 -0.06351281
v -0.04137606 -1.05814910 -0.06571567
v -0.04174092 -1.05965614 -0.06524679
v -0.04207760 -1.06104445 -0.06448535
v -0.04236157 -1.06220758 -0.06349833
v -0.04106136 -1.05819321 -0.06571126
v -0.04112249 -1.05974281 -0.06523854
v -0.04118039 -1.06117082 -0.06447326
v -0.04123032 -1.06236756 -0.06348346
v -0.04074442 -1.05817616 -0.06570756
v -0.04050015 -1.05970907 -0.06523100
v -0.04027654 -1.06112111 -0.06446188
v -0.04009053 -1.06230354 -0.06346819
v -0.04043603 -1.05809677 -0.06570353
v -0.03989703 -1.05955315 -0.06522308
v -0.03940085 -1.06089580 -0.06445079
v -0.03898730 -1.06202030 -0.06345488
v -0.04015032 -1.05795932 -0.06569993
v -0.03933596 -1.05928373 -0.06521633
v -0.03858671 -1.06050491 -0.06444044
v -0.03796062 -1.06152713 -0.06344201
v -0.03989761 -1.05776834 -0.06569688
v -0.03884030 -1.05891073 -0.06521060
v -0.03786600 -1.05996311 -0.06443240
v -0.03705079 -1.06084418 -0.06343225
v -0.03968594 -1.05753291 -0.06569492
v -0.03842580 -1.05844891 -0.06520583
v -0.03726497 -1.05929101 -0.06442583
v -0.03629391 -1.05999637 -0.06342310
v -0.03952580 -1.05726099 -0.06569358
v -0.03811115 -1.05791330 -0.06520258
v -0.03680830 -1.05851495 -0.06442086
v -0.03571749 -1.05901730 -0.06341771
v -0.03942310 -1.05696130 -0.06569242
v -0.03790696 -1.05732834 -0.06520157
v -0.03651208 -1.05766463 -0.06441931
v -0.03534516 -1.05794597 -0.06341467
v -0.03937908 -1.05664814 -0.06569261
v -0.03782258 -1.05671287 -0.06520129
v -0.03638913 -1.05677164 -0.06441871
v -0.03518886 -1.05681992 -0.06341490
v -0.03939877 -1.05633247 -0.06569276
v -0.03786064 -1.05609274 -0.06520231
v -0.03644439 -1.05587149 -0.06442080
v -0.03526013 -1.05568337 -0.06341763
v -0.03948027 -1.05602396 -0.06569395
v -0.03802123 -1.05549264 -0.06520314
v -0.03667676 -1.05499911 -0.06442277
v -0.03555103 -1.05458570 -0.06342080
v -0.03961999 -1.05574107 -0.06569453
v -0.03829434 -1.05493307 -0.06520771
v -0.03707360 -1.05418706 -0.06442890
v -0.03605133 -1.05356109 -0.06342807
v -0.03981308 -1.05548859 -0.06569681
v -0.03867184 -1.05443692 -0.06521221
v -0.03762062 -1.05346656 -0.06443650
v -0.03674136 -1.05265212 -0.06343805
v -0.04005056 -1.05527687 -0.06570016
v -0.03913807 -1.05402327 -0.06521911
v -0.03829828 -1.05286574 -0.06444547
v -0.03759628 -1.05189478 -0.06344928
v -0.04032476 -1.05511630 -0.06570342
v -0.03967723 -1.05370748 -0.06522600
v -0.03907995 -1.05240750 -0.06445600
v -0.03858202 -1.05131674 -0.06346267
v -0.04062608 -1.05501127 -0.06570723
v -0.04026558 -1.05350184 -0.06523331
v -0.03993561 -1.05210900 -0.06446776
v -0.03966008 -1.05094171 -0.06347734
v -0.04094056 -1.05496716 -0.06571157
v -0.04088359 -1.05341518 -0.06524118
v -0.04083258 -1.05198324 -0.06447905
v -0.04079124 -1.05078113 -0.06349217
v -0.04125743 -1.05498469 -0.06571548
v -0.04150645 -1.05344951 -0.06524945
v -0.04173635 -1.05203342 -0.06449053
v -0.04193084 -1.05084538 -0.06350588
v -0.04156557 -1.05506384 -0.06571957
v -0.04210861 -1.05360436 -0.06525628
v -0.04261163 -1.05225885 -0.06450099
v -0.04303397 -1.05112863 -0.06352004
v -0.04185107 -1.05520093 -0.06572263
v -0.04266963 -1.05387366 -0.06526320
v -0.04342558 -1.05264914 -0.06451099
v -0.04406042 -1.05162179 -0.06353255
v -0.04210367 -1.05539179 -0.06572582
v -0.04316538 -1.05424762 -0.06526927
v -0.04414647 -1.05319083 -0.06451938
v -0.04497035 -1.05230379 -0.06354424
v -0.04231514 -1.05562675 -0.06572800
v -0.04357915 -1.05470943 -0.06527373
v -0.04474607 -1.05386245 -0.06452669
v -0.04572660 -1.05315220 -0.06355198
v -0.04100101 -1.05658042 -0.06586988
v -0.04247514 -1.05589950 -0.06573018
v -0.04389367 -1.05524445 -0.06527741
v -0.04520295 -1.05463886 -0.06453120
v -0.04630332 -1.05413079 -0.06355903
v -0.04257952 -1.05619907 -0.06573119
v -0.04409742 -1.05582929 -0.06528001
v -0.04549915 -1.05548954 -0.06453439
v -0.04667469 -1.05520225 -0.06356315
v -0.04801178 -1.05627573 -0.06273496
v -0.04983537 -1.05619454 -0.06132016
v -0.05139283 -1.05612457 -0.05945782
v -0.05255249 -1.05606997 -0.05732451
v -0.05326877 -1.05603242 -0.05500252
v -0.05351739 -1.05601549 -0.05258128
v -0.05328670 -1.05601990 -0.05015384
v -0.05258818 -1.05604434 -0.04781402
v -0.05144615 -1.05608726 -0.04565024
v -0.04990379 -1.05614781 -0.04374753
v -0.04802356 -1.05622411 -0.04217726
v -0.04587468 -1.05631185 -0.04100047
v -0.04354072 -1.05640888 -0.04026389
v -0.04792817 -1.05763912 -0.06273043
v -0.04973025 -1.05791140 -0.06131519
v -0.05126840 -1.05814373 -0.05945165
v -0.05241523 -1.05831373 -0.05731959
v -0.05312390 -1.05841589 -0.05499613
v -0.05336931 -1.05844617 -0.05257569
v -0.05314323 -1.05840325 -0.05014856
v -0.05245217 -1.05828869 -0.04780889
v -0.05132303 -1.05810809 -0.04564609
v -0.04980003 -1.05786574 -0.04374382
v -0.04794113 -1.05757439 -0.04217425
v -0.04581872 -1.05724216 -0.04099856
v -0.04351181 -1.05688310 -0.04026286
v -0.04757854 -1.05896187 -0.06272325
v -0.04929002 -1.05957913 -0.06130517
v -0.05075075 -1.06010389 -0.05944144
v -0.05184028 -1.06049132 -0.05730703
v -0.05251503 -1.06072819 -0.05498434
v -0.05274957 -1.06080270 -0.05256391
v -0.05253479 -1.06071591 -0.05013708
v -0.05187865 -1.06046665 -0.04779868
v -0.05080754 -1.06006789 -0.04563615
v -0.04936176 -1.05953324 -0.04373594
v -0.04759694 -1.05888319 -0.04216770
v -0.04558062 -1.05814397 -0.04099401
v -0.04339058 -1.05734277 -0.04026074
v -0.04697863 -1.06019306 -0.06271352
v -0.04853323 -1.06112993 -0.06129291
v -0.04986109 -1.06192756 -0.05942629
v -0.05085113 -1.06251860 -0.05729024
v -0.05146563 -1.06287873 -0.05496725
v -0.05167947 -1.06299675 -0.05254681
v -0.05148561 -1.06286585 -0.05012051
v -0.05089008 -1.06249332 -0.04778240
v -0.04991769 -1.06189167 -0.04562212
v -0.04860581 -1.06108391 -0.04372364
v -0.04700298 -1.06010258 -0.04215825
v -0.04517178 -1.05898297 -0.04098777
v -0.04318252 -1.05777097 -0.04025724
v -0.04614834 -1.06128490 -0.06270086
v -0.04748745 -1.06250548 -0.06127674
v -0.04863187 -1.06354547 -0.05940804
v -0.04948558 -1.06431520 -0.05726922
v -0.05001525 -1.06478715 -0.05494523
v -0.05020100 -1.06494176 -0.05252439
v -0.05003578 -1.06477427 -0.05009826
v -0.04952506 -1.06429088 -0.04776213
v -0.04868947 -1.06350899 -0.04560359
v -0.04756087 -1.06245959 -0.04370760
v -0.04618170 -1.06118309 -0.04214572
v -0.04460657 -1.05972826 -0.04097886
v -0.04289361 -1.05814981 -0.04025310
v -0.04512121 -1.06219578 -0.06268575
v -0.04619396 -1.06365275 -0.06125793
v -0.04711125 -1.06489396 -0.05938616
v -0.04779551 -1.06581450 -0.05724507
v -0.04822124 -1.06637812 -0.05491950
v -0.04837224 -1.06656456 -0.05249796
v -0.04824111 -1.06636548 -0.05007266
v -0.04783532 -1.06578910 -0.04773767
v -0.04716872 -1.06485808 -0.04558140
v -0.04626784 -1.06360674 -0.04368944
v -0.04516611 -1.06208456 -0.04213131
v -0.04390595 -1.06034911 -0.04096899
v -0.04253762 -1.05846691 -0.04024771
v -0.04393655 -1.06288934 -0.06266867
v -0.04470149 -1.06452763 -0.06123637
v -0.04535659 -1.06592250 -0.05936135
v -0.04584587 -1.06695747 -0.05721791
v -0.04615244 -1.06759238 -0.05489075
v -0.04626290 -1.06780183 -0.05246806
v -0.04617292 -1.06757951 -0.05004391
v -0.04588608 -1.06693268 -0.04771060
v -0.04541482 -1.06588650 -0.04555725
v -0.04477582 -1.06448162 -0.04366874
v -0.04399313 -1.06277156 -0.04211519
v -0.04309894 -1.06082177 -0.04095804
v -0.04212580 -1.05870795 -0.04024196
v -0.04263965 -1.06334150 -0.06265129
v -0.04306678 -1.06509650 -0.06121473
v -0.04343542 -1.06659186 -0.05933522
v -0.04371112 -1.06770098 -0.05718888
v -0.04388595 -1.06838119 -0.05485993
v -0.04395210 -1.06860638 -0.05243695
v -0.04390652 -1.06836832 -0.05001315
v -0.04375158 -1.06767666 -0.04768172
v -0.04349400 -1.06655550 -0.04553127
v -0.04314149 -1.06505048 -0.04364620
v -0.04271038 -1.06321824 -0.04209803
v -0.04221494 -1.06113052 -0.04094604
v -0.04167489 -1.05886507 -0.04023538
v -0.04127999 -1.06353307 -0.06263343
v -0.04135550 -1.06533730 -0.06119177
v -0.04142180 -1.06687582 -0.05930839
v -0.04147460 -1.06801605 -0.05715913
v -0.04151135 -1.06871510 -0.05482856
v -0.04153077 -1.06894732 -0.05240476
v -0.04153257 -1.06870270 -0.04998139
v -0.04151520 -1.06799126 -0.04765198
v -0.04148069 -1.06683922 -0.04550448
v -0.04142997 -1.06529129 -0.04362374
v -0.04136497 -1.06340826 -0.04207967
v -0.04128822 -1.06126106 -0.04093381
v -0.04120255 -1.05893171 -0.04022969
v -0.03991016 -1.06345701 -0.06261510
v -0.03963048 -1.06524134 -0.06116922
v -0.03939315 -1.06676292 -0.05928228
v -0.03922135 -1.06789136 -0.05713006
v -0.03911963 -1.06858325 -0.05479742
v -0.03909206 -1.06881130 -0.05237315
v -0.03914035 -1.06857038 -0.04995064
v -0.03926201 -1.06786597 -0.04762235
v -0.03945280 -1.06672633 -0.04547822
v -0.03970560 -1.06519520 -0.04360162
v -0.04000949 -1.06333244 -0.04206211
v -0.04035457 -1.06120920 -0.04092164
v -0.04072673 -1.05890512 -0.04022346
v -0.03858356 -1.06311631 -0.06259919
v -0.03795832 -1.06481242 -0.06114852
v -0.03742738 -1.06625795 -0.05925751
v -0.03703706 -1.06733000 -0.05710246
v -0.03680051 -1.06798792 -0.05476815
v -0.03672832 -1.06820548 -0.05234298
v -0.03682081 -1.06797504 -0.04992080
v -0.03707790 -1.06730509 -0.04759508
v -0.03748685 -1.06622124 -0.04545324
v -0.03803384 -1.06476665 -0.04357983
v -0.03869690 -1.06299543 -0.04204522
v -0.03945045 -1.06097662 -0.04091017
v -0.04026538 -1.05878651 -0.04021752
v -0.03734965 -1.06252456 -0.06258465
v -0.03640382 -1.06406689 -0.06112975
v -0.03560008 -1.06538033 -0.05923489
v -0.03500690 -1.06635475 -0.05707746
v -0.03464573 -1.06695282 -0.05474152
v -0.03453080 -1.06715047 -0.05231585
v -0.03466723 -1.06693995 -0.04989415
v -0.03504819 -1.06633031 -0.04756993
v -0.03566041 -1.06534421 -0.04543091
v -0.03647970 -1.06402111 -0.04356105
v -0.03747600 -1.06240928 -0.04203046
v -0.03861007 -1.06057250 -0.04090001
v -0.03983655 -1.05858111 -0.04021226
v -0.03625667 -1.06170392 -0.06257157
v -0.03502735 -1.06303215 -0.06111322
v -0.03398190 -1.06416464 -0.05921631
v -0.03320855 -1.06500351 -0.05705642
v -0.03273685 -1.06551743 -0.05471913
v -0.03258462 -1.06568718 -0.05229272
v -0.03275801 -1.06550443 -0.04987157
v -0.03325012 -1.06497860 -0.04754814
v -0.03404200 -1.06412840 -0.04541148
v -0.03510408 -1.06298637 -0.04354475
v -0.03639460 -1.06159699 -0.04201789
v -0.03786404 -1.06001341 -0.04089091
v -0.03945760 -1.05829561 -0.04020752
v -0.03534593 -1.06068540 -0.06256181
v -0.03388090 -1.06175029 -0.06110135
v -0.03263415 -1.06265616 -0.05920146
v -0.03171093 -1.06332755 -0.05703988
v -0.03114653 -1.06373858 -0.05470110
v -0.03096329 -1.06387293 -0.05227438
v -0.03116836 -1.06372559 -0.04985344
v -0.03175282 -1.06330311 -0.04753136
v -0.03269482 -1.06261992 -0.04539575
v -0.03395741 -1.06170392 -0.04353153
v -0.03549384 -1.06058884 -0.04200732
v -0.03724449 -1.05931818 -0.04088379
v -0.03914084 -1.05794191 -0.04020422
v -0.03465472 -1.05950844 -0.06255454
v -0.03300870 -1.06026864 -0.06109298
v -0.03160851 -1.06091416 -0.05919091
v -0.03057127 -1.06139112 -0.05702794
v -0.02993746 -1.06168365 -0.05468851
v -0.02973017 -1.06177783 -0.05226162
v -0.02995825 -1.06167078 -0.04984081
v -0.03061349 -1.06136608 -0.04751914
v -0.03166987 -1.06087732 -0.04538511
v -0.03308662 -1.06022203 -0.04352200
v -0.03480918 -1.05942392 -0.04199994
v -0.03677271 -1.05851698 -0.04087849
v -0.03890089 -1.05753326 -0.04020138
v -0.03420573 -1.05821931 -0.06255127
v -0.03244480 -1.05864346 -0.06108784
v -0.03094449 -1.05900419 -0.05918575
v -0.02983325 -1.05926907 -0.05702226
v -0.02915451 -1.05942988 -0.05468179
v -0.02893327 -1.05947995 -0.05225472
v -0.02917672 -1.05941689 -0.04983394
v -0.02987641 -1.05924392 -0.04751313
v -0.03100662 -1.05896723 -0.04537905
v -0.03252308 -1.05859697 -0.04351674
v -0.03436714 -1.05814850 -0.04199617
v -0.03646680 -1.05763769 -0.04087589
v -0.03874509 -1.05708468 -0.04020032
v -0.03401989 -1.05686641 -0.06255070
v -0.03221056 -1.05693972 -0.06108730
v -0.03066893 -1.05700016 -0.05918429
v -0.02952708 -1.05704284 -0.05702157
v -0.02882971 -1.05706644 -0.05468059
v -0.02860093 -1.05707002 -0.05225403
v -0.02885200 -1.05705380 -0.04983312
v -0.02957025 -1.05701780 -0.04751192
v -0.03073132 -1.05696344 -0.04537843
v -0.03228860 -1.05689335 -0.04351645
v -0.03418196 -1.05680943 -0.04199567
v -0.03634154 -1.05671537 -0.04087590
v -0.03868088 -1.05661488 -0.04019964
v -0.03410252 -1.05550206 -0.06255329
v -0.03231502 -1.05522180 -0.06109013
v -0.03079220 -1.05497932 -0.05918829
v -0.02966351 -1.05479789 -0.05702636
v -0.02897403 -1.05468345 -0.05468611
v -0.02874901 -1.05464029 -0.05225921
v -0.02899552 -1.05467069 -0.04983842
v -0.02970618 -1.05477297 -0.04751705
v -0.03085346 -1.05494320 -0.04538298
v -0.03239282 -1.05517554 -0.04352059
v -0.03426469 -1.05545866 -0.04199870
v -0.03639629 -1.05578518 -0.04087776
v -0.03870915 -1.05614030 -0.04020112
v -0.03445178 -1.05417919 -0.06255876
v -0.03275395 -1.05355382 -0.06109773
v -0.03130893 -1.05301940 -0.05919701
v -0.03023781 -1.05262041 -0.05703646
v -0.02958262 -1.05237103 -0.05469665
v -0.02936914 -1.05228364 -0.05227012
v -0.02960390 -1.05235827 -0.04984957
v -0.03027967 -1.05259514 -0.04752759
v -0.03136941 -1.05298340 -0.04539281
v -0.03283107 -1.05350804 -0.04352843
v -0.03460892 -1.05414987 -0.04200520
v -0.03663439 -1.05488324 -0.04088181
v -0.03883039 -1.05568063 -0.04020324
v -0.03505170 -1.05294752 -0.06256805
v -0.03351052 -1.05200303 -0.06110946
v -0.03219860 -1.05119586 -0.05921103
v -0.03122651 -1.05059397 -0.05705207
v -0.03063203 -1.05022073 -0.05471329
v -0.03043850 -1.05008984 -0.05228715
v -0.03065343 -1.05020845 -0.04986639
v -0.03126808 -1.05056858 -0.04754309
v -0.03225866 -1.05115926 -0.04540668
v -0.03358696 -1.05195737 -0.04354064
v -0.03520235 -1.05293059 -0.04201408
v -0.03704374 -1.05404425 -0.04088853
v -0.03903846 -1.05525255 -0.04020671
v -0.03588180 -1.05185604 -0.06258021
v -0.03455593 -1.05062795 -0.06112447
v -0.03342651 -1.04957783 -0.05922926
v -0.03259179 -1.04879642 -0.05707142
v -0.03208206 -1.04831290 -0.05473495
v -0.03191689 -1.04814553 -0.05230909
v -0.03210314 -1.04830003 -0.04988766
v -0.03263319 -1.04877210 -0.04756366
v -0.03348679 -1.04954195 -0.04542463
v -0.03463188 -1.05058181 -0.04355607
v -0.03602365 -1.05185056 -0.04202655
v -0.03760846 -1.05329943 -0.04089739
v -0.03932734 -1.05487418 -0.04021137
v -0.03690897 -1.05094469 -0.06259439
v -0.03584929 -1.04948080 -0.06114274
v -0.03494794 -1.04822946 -0.05925059
v -0.03428159 -1.04729819 -0.05709560
v -0.03387562 -1.04672134 -0.05476015
v -0.03374500 -1.04652214 -0.05233523
v -0.03389708 -1.04670894 -0.04991303
v -0.03432270 -1.04727292 -0.04758751
v -0.03500751 -1.04819345 -0.04544628
v -0.03592490 -1.04943466 -0.04357470
v -0.03703972 -1.05094957 -0.04204142
v -0.03830955 -1.05267811 -0.04090723
v -0.03968334 -1.05455661 -0.04021572
v -0.04111144 -1.05651128 -0.03999257
v -0.03809389 -1.05025148 -0.06261019
v -0.03734093 -1.04860604 -0.06116235
v -0.03670254 -1.04720092 -0.05927445
v -0.03623151 -1.04615462 -0.05712283
v -0.03594476 -1.04550695 -0.05478878
v -0.03585633 -1.04528451 -0.05236427
v -0.03596552 -1.04549468 -0.04994208
v -0.03627228 -1.04612970 -0.04761436
v -0.03676140 -1.04716492 -0.04547134
v -0.03741685 -1.04855967 -0.04359533
v -0.03821264 -1.05026209 -0.04205703
v -0.03911653 -1.05220532 -0.04091818
v -0.04009517 -1.05431557 -0.04022146
v -0.03939020 -1.04979920 -0.06262717
v -0.03897604 -1.04803717 -0.06118464
v -0.03862299 -1.04653144 -0.05930014
v -0.03836607 -1.04541051 -0.05715097
v -0.03821114 -1.04471803 -0.05481950
v -0.03816537 -1.04448032 -0.05239584
v -0.03823137 -1.04470563 -0.04997233
v -0.03840672 -1.04538560 -0.04764371
v -0.03868261 -1.04649532 -0.04549722
v -0.03905063 -1.04799092 -0.04361682
v -0.03949487 -1.04981542 -0.04207515
v -0.04000003 -1.05189669 -0.04093008
v -0.04054605 -1.05415845 -0.04022799
v -0.04074981 -1.04960752 -0.06264528
v -0.04068722 -1.04779577 -0.06120745
v -0.04063657 -1.04624808 -0.05932669
v -0.04060255 -1.04509532 -0.05718111
v -0.04058515 -1.04438412 -0.05485053
v -0.04058634 -1.04413855 -0.05242768
v -0.04060585 -1.04437160 -0.05000419
v -0.04064313 -1.04507089 -0.04767298
v -0.04069540 -1.04621148 -0.04552352
v -0.04076215 -1.04774952 -0.04363976
v -0.04084025 -1.04962540 -0.04209255
v -0.04092677 -1.05176711 -0.04094234
v -0.04101833 -1.05409217 -0.04023421
v -0.04211949 -1.04968381 -0.06266299
v -0.04241172 -1.04789233 -0.06122951
v -0.04266524 -1.04636049 -0.05935345
v -0.04285537 -1.04522109 -0.05721028
v -0.04297750 -1.04451632 -0.05488191
v -0.04302593 -1.04427528 -0.05245914
v -0.04299805 -1.04450345 -0.05003491
v -0.04289528 -1.04519570 -0.04770210
v -0.04272381 -1.04632449 -0.04554973
v -0.04248652 -1.04784608 -0.04366242
v -0.04219577 -1.04970062 -0.04211007
v -0.04186042 -1.05181801 -0.04095450
v -0.04149422 -1.05411875 -0.04023995
v -0.04344646 -1.05002522 -0.06267897
v -0.04408436 -1.04832077 -0.06125075
v -0.04463062 -1.04686546 -0.05937865
v -0.04503934 -1.04578197 -0.05723824
v -0.04529674 -1.04511178 -0.05491143
v -0.04538996 -1.04488134 -0.05248943
v -0.04531670 -1.04509902 -0.05006427
v -0.04507951 -1.04575717 -0.04773042
v -0.04468933 -1.04682946 -0.04557485
v -0.04415883 -1.04827464 -0.04368325
v -0.04350835 -1.05003762 -0.04212699
v -0.04276507 -1.05205154 -0.04096605
v -0.04195559 -1.05423689 -0.04024637
v -0.04468009 -1.05061674 -0.06269515
v -0.04563808 -1.04906619 -0.06127060
v -0.04645843 -1.04774296 -0.05940074
v -0.04707063 -1.04675663 -0.05726366
v -0.04745123 -1.04614699 -0.05493826
v -0.04758767 -1.04593647 -0.05251690
v -0.04747105 -1.04613423 -0.05009113
v -0.04711041 -1.04673243 -0.04775531
v -0.04651580 -1.04770708 -0.04559776
v -0.04571250 -1.04902065 -0.04370257
v -0.04472928 -1.05062389 -0.04214229
v -0.04360542 -1.05245471 -0.04097620
v -0.04238444 -1.05444276 -0.04025168
v -0.04577318 -1.05143738 -0.06270839
v -0.04701477 -1.05010033 -0.06128731
v -0.04807721 -1.04895866 -0.05942110
v -0.04886900 -1.04810822 -0.05728550
v -0.04936055 -1.04758239 -0.05496129
v -0.04953406 -1.04739964 -0.05254035
v -0.04938054 -1.04756975 -0.05011398
v -0.04890814 -1.04808319 -0.04777674
v -0.04813426 -1.04892290 -0.04561731
v -0.04708864 -1.05005491 -0.04371950
v -0.04581114 -1.05143607 -0.04215539
v -0.04435096 -1.05301380 -0.04098533
v -0.04276338 -1.05472827 -0.04025599
v -0.04668391 -1.05245602 -0.06271932
v -0.04816203 -1.05138302 -0.06130154
v -0.04942475 -1.05046678 -0.05943707
v -0.05036752 -1.04978347 -0.05730309
v -0.05095134 -1.04936099 -0.05498029
v -0.05115489 -1.04921341 -0.05255905
v -0.05097085 -1.04934847 -0.05013261
v -0.05040606 -1.04975963 -0.04779426
v -0.04948150 -1.05043125 -0.04563268
v -0.04823481 -1.05133736 -0.04373230
v -0.04671146 -1.05244422 -0.04216555
v -0.04497054 -1.05370903 -0.04099251
v -0.04308015 -1.05508161 -0.04025976
v -0.04737535 -1.05363226 -0.06272710
v -0.04903434 -1.05286503 -0.06131133
v -0.05045092 -1.05220878 -0.05944916
v -0.05150732 -1.05172038 -0.05731635
v -0.05216133 -1.05141568 -0.05499352
v -0.05238827 -1.05130887 -0.05257232
v -0.05218054 -1.05140316 -0.05014561
v -0.05154489 -1.05169559 -0.04780673
v -0.05050711 -1.05217338 -0.04564344
v -0.04910572 -1.05281925 -0.04374143
v -0.04739618 -1.05360961 -0.04217296
v -0.04544232 -1.05451071 -0.04099784
v -0.04332008 -1.05549073 -0.04026216
v -0.04782465 -1.05492175 -0.06273278
v -0.04960029 -1.05449009 -0.06131909
v -0.05111621 -1.05411875 -0.05945637
v -0.05224581 -1.05384231 -0.05732384
v -0.05294389 -1.05366886 -0.05500083
v -0.05318529 -1.05360651 -0.05257967
v -0.05296258 -1.05365682 -0.05015263
v -0.05228200 -1.05381811 -0.04781336
v -0.05116988 -1.05408347 -0.04564909
v -0.04966930 -1.05444431 -0.04374670
v -0.04783827 -1.05488515 -0.04217675
v -0.04574819 -1.05538952 -0.04099995
v -0.04347590 -1.05593908 -0.04026373
f 4 2 1
f 8 6 5
f 13 15 14
f 17 19 18
f 32 30 29
f 36 34 33
f 37 39 38
f 21 23 20
f 25 27 24
f 41 43 42
f 48 46 45
f 52 50 49
f 53 55 54
f 60 58 57
f 29 62 61
f 66 64 63
f 67 6 68
f 72 70 69
f 76 74 73
f 77 79 78
f 81 83 82
f 59 86 85
f 88 90 89
f 96 94 93
f 100 98 97
f 101 103 102
f 106 34 87
f 108 115 107
f 117 36 118
f 124 126 125
f 131 129 128
f 132 134 133
f 142 140 139
f 148 60 147
f 144 127 124
f 149 151 150
f 156 154 153
f 159 158 157
f 116 164 105
f 171 169 168
f 174 173 172
f 179 181 180
f 186 188 187
f 194 196 195
f 199 139 198
f 206 208 207
f 213 211 210
f 202 214 201
f 96 216 54
f 92 43 44
f 97 246 100
f 250 229 228
f 252 58 253
f 258 256 255
f 260 229 259
f 110 112 113
f 114 263 109
f 265 267 266
f 56 270 269
f 274 249 250
f 185 63 64
f 280 278 276
f 285 283 157
f 288 211 212
f 141 92 46
f 289 175 176
f 148 105 106
f 312 170 171
f 238 42 43
f 318 160 317
f 310 308 307
f 241 325 324
f 160 240 317
f 47 307 308
f 108 315 164
f 345 86 119
f 348 350 349
f 356 358 357
f 355 353 352
f 363 32 362
f 149 150 176
f 364 253 365
f 366 368 367
f 183 371 63
f 163 161 160
f 209 101 208
f 378 165 166
f 379 381 380
f 383 3 4
f 284 386 385
f 387 389 388
f 391 229 249
f 73 397 396
f 405 407 406
f 203 411 410
f 414 413 412
f 1 357 4
f 277 131 275
f 254 57 58
f 358 415 351
f 417 386 408
f 401 192 420
f 419 127 143
f 421 182 422
f 103 302 409
f 428 368 174
f 380 359 356
f 62 266 323
f 140 431 430
f 357 351 348
f 356 379 380
f 415 403 434
f 437 436 435
f 438 440 439
f 188 450 449
f 452 454 453
f 265 181 421
f 224 64 225
f 237 213 427
f 275 128 458
f 281 460 459
f 50 79 461
f 73 282 281
f 468 466 465
f 390 352 359
f 482 484 483
f 489 487 486
f 493 495 494
f 472 470 469
f 502 500 499
f 220 222 223
f 512 143 66
f 518 511 80
f 513 230 286
f 205 31 244
f 189 451 188
f 163 532 8
f 533 225 251
f 446 447 412
f 335 540 334
f 544 546 545
f 329 291 292
f 199 262 238
f 385 416 550
f 532 191 247
f 363 118 243
f 236 237 250
f 578 580 579
f 573 571 570
f 561 562 272
f 241 259 240
f 590 592 591
f 545 595 594
f 503 155 504
f 606 624 623
f 478 480 479
f 646 648 647
f 590 689 684
f 564 651 650
f 728 184 727
f 714 716 715
f 692 575 693
f 541 581 578
f 346 248 400
f 161 230 160
f 128 94 95
f 698 704 703
f 574 576 575
f 290 401 328
f 630 725 726
f 733 735 734
f 755 496 493
f 759 481 760
f 757 762 761
f 764 466 467
f 768 9260 9261
f 759 488 489
f 492 475 771
f 474 769 473
f 773 465 772
f 771 486 483
f 484 775 491
f 774 489 486
f 495 764 756
f 495 761 494
f 137 784 136
f 325 797 547
f 165 51 52
f 369 29 370
f 730 568 569
f 90 301 89
f 243 516 242
f 800 806 805
f 817 808 816
f 816 823 822
f 306 447 807
f 815 809 808
f 829 828 825
f 726 501 502
f 274 424 423
f 879 881 880
f 884 879 885
f 219 217 211
f 906 904 897
f 455 205 542
f 898 830 829
f 903 880 881
f 906 897 898
f 377 519 165
f 923 948 946
f 946 951 950
f 8963 739 8961
f 900 886 880
f 225 65 144
f 182 442 422
f 809 947 824
f 954 962 961
f 927 965 966
f 885 880 886
f 925 966 967
f 343 341 340
f 965 971 968
f 968 970 969
f 972 969 973
f 963 981 978
f 336 338 339
f 992 827 828
f 810 996 959
f 1007 1002 1008
f 1012 827 1009
f 1011 1007 1008
f 294 292 291
f 907 920 919
f 1017 1019 1018
f 1020 1022 1021
f 1035 1020 1044
f 1061 1047 1046
f 1063 1046 1062
f 1044 1021 1045
f 1102 1097 1109
f 1116 1118 1117
f 1016 1014 1013
f 881 904 903
f 816 1127 817
f 1094 949 1097
f 514 167 515
f 146 81 82
f 1133 1130 1129
f 1102 1126 822
f 822 1116 816
f 1145 1148 1136
f 1076 1151 1069
f 1148 1086 1087
f 1109 1114 1136
f 1154 1156 1155
f 1153 967 1156
f 8815 463 9166
f 1144 1152 1151
f 1156 1163 1162
f 1164 1169 1165
f 1145 1176 1147
f 1114 1154 1171
f 1183 1164 1177
f 1184 1177 1185
f 1069 1062 1064
f 1023 1194 1022
f 1162 1170 1169
f 1195 1185 1191
f 1183 1176 1155
f 1201 1152 1196
f 1061 1201 1202
f 9277 843 9288
f 1203 1195 1034
f 1202 1184 1195
f 1218 1203 1217
f 1060 1202 1203
f 1225 1217 1219
f 671 694 670
f 1219 1024 1035
f 1217 1034 1024
f 1226 1015 1227
f 1243 1234 1233
f 1231 1229 1228
f 847 1233 843
f 843 1244 878
f 1233 1245 1244
f 1923 233 216
f 2100 499 500
f 9366 2135 9352
f 61 323 505
f 210 217 457
f 1299 1309 1300
f 9315 1231 9314
f 1066 1321 1322
f 1322 1228 1229
f 1060 1321 1047
f 1325 1323 1310
f 1244 1332 1330
f 1290 1242 1288
f 1337 1339 1338
f 1330 1340 1339
f 1341 1245 1294
f 1342 1332 1341
f 1343 1341 1344
f 1344 1294 1293
f 9309 1345 1346
f 1347 1342 1343
f 9308 1295 1345
f 1349 1348 1347
f 9313 1347 9305
f 9305 1343 9309
f 906 829 1353
f 905 1353 1354
f 865 1355 1357
f 1355 829 825
f 1357 825 826
f 1356 1353 1355
f 9286 1338 9285
f 866 1356 865
f 1358 1354 1356
f 9280 1337 9286
f 838 1012 841
f 1363 1338 1339
f 1368 1339 1340
f 1348 1340 1342
f 1371 9276 9281
f 524 526 523
f 528 530 527
f 1372 1369 1371
f 535 537 538
f 1367 1348 1350
f 1370 1359 1369
f 1369 9285 9276
f 1373 903 904
f 555 557 558
f 1374 910 1373
f 1373 905 1375
f 1374 1375 1376
f 1375 1354 1370
f 1378 908 1377
f 376 651 1387
f 1388 973 969
f 586 588 585
f 1390 1388 1391
f 1391 969 970
f 597 599 596
f 600 602 603
f 1392 970 979
f 608 610 607
f 612 523 611
f 614 616 613
f 617 25 24
f 620 622 619
f 1397 1391 1392
f 1398 1392 1399
f 1400 920 1378
f 1402 1165 1169
f 636 638 635
f 930 1402 929
f 641 643 644
f 929 1169 1170
f 1404 1403 1402
f 1411 1365 1406
f 1412 1415 1414
f 652 654 655
f 609 657 658
f 659 661 662
f 558 586 585
f 665 667 664
f 1413 1406 1412
f 1418 9262 9265
f 1417 1371 1416
f 1416 9281 9262
f 1419 1416 1418
f 1386 1374 1420
f 677 679 676
f 1385 1420 1421
f 1420 1376 1422
f 685 687 688
f 1421 1422 1423
f 528 691 658
f 1422 1372 1417
f 1018 747 1425
f 699 701 702
f 1424 579 1017
f 9115 1767 9112
f 700 711 712
f 1093 9206 1571
f 717 530 719
f 721 723 720
f 704 8987 8998
f 19 1426 1430
f 1429 1427 1426
f 1658 8986 8988
f 1439 1434 1438
f 1437 1435 1434
f 1426 1433 1432
f 1442 1432 1440
f 742 744 745
f 1432 1441 1440
f 751 753 750
f 1438 1403 1405
f 1446 1444 1443
f 1447 1446 1443
f 9312 1443 9300
f 1415 1445 1446
f 1414 1446 1448
f 2173 469 470
f 777 779 686
f 780 782 783
f 1676 1806 1675
f 9311 1349 9313
f 789 791 788
f 745 793 742
f 652 795 653
f 1455 1457 1456
f 1454 1350 1452
f 610 802 801
f 9283 698 703
f 1352 1045 1351
f 1015 1459 1460
f 811 813 814
f 2118 9269 2117
f 819 821 818
f 1466 1194 1190
f 1467 1465 1466
f 1182 1468 1467
f 832 833 831
f 835 837 834
f 1467 1190 1182
f 1469 1444 1445
f 840 712 690
f 1453 1469 1454
f 599 845 846
f 1226 9301 9307
f 851 853 850
f 855 856 854
f 858 860 857
f 861 863 864
f 1014 9307 9310
f 867 868 869
f 870 872 873
f 874 876 877
f 1310 1471 1309
f 1476 1427 1475
f 1461 1475 1460
f 887 889 890
f 788 892 891
f 894 896 893
f 1460 1227 1015
f 901 524 612
f 1465 1477 1464
f 1865 8944 1864
f 911 913 914
f 916 918 915
f 1850 8951 1851
f 921 895 894
f 1479 1436 1478
f 926 667 601
f 1481 563 1480
f 269 84 1482
f 931 933 916
f 934 614 869
f 936 688 937
f 938 662 939
f 1484 122 123
f 941 835 834
f 320 509 510
f 1849 8949 1850
f 84 1484 83
f 1487 1488 539
f 1757 8946 8953
f 365 1491 364
f 461 80 511
f 117 362 1496
f 1494 541 1495
f 926 957 958
f 1477 1433 1476
f 1709 1585 1700
f 119 1496 345
f 271 504 156
f 511 189 186
f 345 1492 365
f 255 344 254
f 57 299 132
f 1501 268 1500
f 267 1499 145
f 974 976 977
f 1678 1693 1676
f 9298 1807 9292
f 557 663 558
f 983 984 985
f 1443 9301 9300
f 421 268 265
f 989 991 988
f 1490 418 1504
f 279 309 310
f 997 676 679
f 998 999 875
f 1504 38 1505
f 1506 1507 1486
f 360 1508 1506
f 1506 207 360
f 939 1006 938
f 270 1483 269
f 66 546 512
f 1010 793 935
f 367 437 1509
f 244 363 243
f 1670 8978 1669
f 209 1510 226
f 235 1512 1511
f 1511 234 235
f 388 426 425
f 427 250 237
f 161 521 231
f 100 45 44
f 1025 608 1027
f 1029 1031 1028
f 939 1033 1032
f 41 594 99
f 1036 783 1037
f 702 1038 1039
f 1040 1042 1043
f 362 369 1493
f 187 477 186
f 70 539 198
f 1511 1521 234
f 1049 603 1048
f 613 869 614
f 860 1051 857
f 1005 1053 1006
f 753 1056 1054
f 1057 1059 1055
f 293 1522 292
f 288 1521 1522
f 292 1523 329
f 331 1508 1524
f 306 453 305
f 100 41 99
f 462 78 79
f 330 1524 462
f 635 1068 636
f 1485 1526 1528
f 206 1528 1510
f 1070 1072 831
f 942 1073 1074
f 916 1075 917
f 440 1530 439
f 157 1514 285
f 1529 5 1530
f 371 546 63
f 790 663 791
f 1077 857 1078
f 1403 1435 1165
f 1080 1082 1079
f 531 1529 440
f 21 1084 1085
f 272 1531 561
f 137 396 397
f 690 802 691
f 335 9011 581
f 1090 1029 1091
f 1092 794 1042
f 1533 137 138
f 661 1095 1096
f 69 445 72
f 1099 1101 1098
f 38 1536 1505
f 1104 1106 1103
f 852 1108 853
f 1377 909 1386
f 291 411 294
f 316 516 33
f 539 1533 534
f 1505 316 313
f 1110 1112 1113
f 1539 460 264
f 522 1537 1539
f 834 1120 1119
f 1122 1124 1121
f 612 1041 901
f 935 615 614
f 276 130 131
f 1686 8966 1685
f 193 1541 273
f 231 1540 287
f 556 982 557
f 365 85 345
f 190 318 1541
f 1810 9018 8972
f 9376 8956 9243
f 1132 985 1131
f 208 102 132
f 1134 662 661
f 1491 80 77
f 429 1542 147
f 1137 915 918
f 172 428 174
f 1139 1141 1142
f 549 54 55
f 1517 1518 296
f 976 1146 938
f 834 984 941
f 1543 286 115
f 1544 239 513
f 133 1544 1542
f 506 257 258
f 420 328 401
f 1158 1160 1157
f 587 1103 588
f 1513 1514 151
f 607 1027 608
f 304 1545 303
f 364 77 506
f 69 198 139
f 1006 976 938
f 700 1112 701
f 9329 8969 9239
f 1166 657 656
f 1167 858 1077
f 1300 8968 1299
f 1172 1174 1175
f 218 200 217
f 1179 1181 1178
f 372 97 98
f 89 227 88
f 1186 1188 1189
f 172 1517 1549
f 1482 81 1498
f 1090 1193 1030
f 394 353 1551
f 526 1198 1197
f 811 858 812
f 1199 1026 1025
f 606 697 696
f 1204 1206 743
f 1207 523 526
f 1209 867 613
f 914 685 936
f 1478 1441 1477
f 1029 1161 1091
f 1211 1213 1214
f 9310 1451 9311
f 844 1216 845
f 423 273 274
f 1220 1222 1083
f 22 1224 23
f 882 897 881
f 1519 173 387
f 1189 1232 1178
f 349 550 416
f 1071 1236 1072
f 1237 1239 745
f 1221 1189 1240
f 1510 1512 333
f 939 1241 1005
f 1556 5 67
f 1553 394 1551
f 404 67 347
f 1247 1249 1246
f 142 238 92
f 1251 635 1250
f 850 1253 851
f 1254 1077 1255
f 57 133 429
f 443 552 551
f 1187 1175 1188
f 1256 831 833
f 432 382 383
f 741 747 746
f 434 351 415
f 349 383 348
f 251 1481 1480
f 395 352 353
f 1518 1550 1551
f 1558 378 340
f 109 314 315
f 285 1513 407
f 395 393 392
f 202 410 1558
f 417 405 432
f 1246 1258 1247
f 3 297 2
f 1259 1261 1262
f 403 347 284
f 955 953 952
f 462 51 330
f 1096 687 1263
f 429 60 57
f 896 1265 932
f 1267 1268 1266
f 423 327 420
f 37 180 40
f 20 1187 1186
f 1256 1071 1070
f 155 156 504
f 1188 1269 1232
f 1236 1271 1262
f 1272 535 621
f 565 463 464
f 1273 745 1239
f 876 1255 1274
f 316 164 315
f 437 503 1509
f 194 1495 197
f 1275 864 863
f 624 631 630
f 1277 1137 1278
f 569 567 566
f 1481 125 366
f 324 547 326
f 1279 1107 1280
f 1525 329 1523
f 1281 1137 918
f 171 1553 1552
f 1488 396 1533
f 1557 1562 1559
f 1282 1206 1205
f 1053 1278 1281
f 778 607 1283
f 713 9010 9013
f 251 144 124
f 4 348 383
f 709 707 706
f 728 45 246
f 261 1563 544
f 789 1287 790
f 74 263 282
f 403 385 434
f 1178 1240 1189
f 1223 1289 1224
f 158 150 151
f 1220 1186 1221
f 296 354 433
f 784 1538 1566
f 1181 1291 1222
f 1269 1257 1246
f 1566 438 399
f 136 1566 1564
f 1563 169 1565
f 107 109 108
f 1297 1298 1296
f 1464 1476 1461
f 1520 507 508
f 1301 1303 1304
f 1306 1308 1305
f 175 1532 272
f 1532 200 201
f 1311 1312 1313
f 872 1315 1316
f 1317 1318 1319
f 9288 878 9280
f 1305 864 1276
f 1040 863 1320
f 1564 399 169
f 592 1575 591
f 591 1088 689
f 1581 1583 1582
f 1196 1147 1176
f 710 583 713
f 285 408 386
f 953 961 963
f 1594 1589 1593
f 1585 1587 1586
f 1592 1590 1589
f 9337 944 9351
f 1600 1598 1597
f 1604 1602 1601
f 1399 979 980
f 1589 1596 1595
f 1610 1608 1607
f 298 361 360
f 551 276 277
f 1627 9266 9271
f 859 818 860
f 1078 1328 1329
f 1555 1530 1556
f 572 680 681
f 772 776 774
f 977 918 917
f 404 392 393
f 1054 750 753
f 1644 1643 1642
f 932 1082 933
f 1067 1334 1068
f 1540 264 114
f 597 643 1336
f 471 762 470
f 1642 9283 9294
f 1644 9294 9295
f 923 950 927
f 96 548 95
f 520 522 521
f 445 443 442
f 849 848 842
f 480 755 493
f 1646 481 1639
f 311 1567 170
f 464 8941 8939
f 8941 1361 8939
f 234 236 235
f 190 192 191
f 153 152 149
f 231 286 230
f 1552 1551 1550
f 760 1648 488
f 9284 1649 9282
f 828 826 825
f 52 166 165
f 1663 1661 1660
f 287 115 286
f 668 670 669
f 634 640 639
f 553 559 554
f 118 33 516
f 492 491 490
f 8996 1651 8997
f 582 584 583
f 384 392 415
f 1381 1383 1380
f 1562 435 436
f 952 951 947
f 8973 583 584
f 1660 1667 1666
f 1394 1396 1393
f 1660 1664 1663
f 1671 1669 1668
f 1624 1673 1672
f 1407 1409 1410
f 1677 1675 1674
f 1613 1677 1625
f 1679 1676 1677
f 1626 9263 9266
f 534 198 539
f 176 150 159
f 803 734 800
f 400 191 192
f 65 143 144
f 8970 1656 8984
f 402 157 283
f 629 627 626
f 461 49 50
f 758 495 756
f 796 786 785
f 406 1513 1560
f 342 166 167
f 1694 1658 1695
f 1692 1694 1696
f 9001 1652 8996
f 9373 1703 9375
f 326 302 90
f 9368 1702 1706
f 9371 1698 1701
f 1699 9379 9370
f 1557 1560 1561
f 1127 1117 1128
f 400 289 346
f 1706 1707 1708
f 1707 1599 1600
f 1709 1708 1588
f 1714 1711 1713
f 9371 1709 1700
f 1704 1577 1703
f 1716 1713 1715
f 1559 1549 297
f 1722 1720 1719
f 1335 596 1489
f 410 377 378
f 973 1163 972
f 168 399 398
f 1571 1089 1093
f 1572 682 1571
f 749 647 754
f 1730 1723 1729
f 1594 1729 1592
f 1729 1591 1592
f 1731 1730 1583
f 1384 1377 1379
f 1732 1712 1714
f 1724 1731 1732
f 1712 1731 1580
f 1722 1732 1733
f 1721 1733 1734
f 1734 1716 1717
f 1735 1736 1697
f 1733 1714 1716
f 1663 1741 1668
f 1742 1740 1743
f 1738 1737 1735
f 1665 1666 1740
f 1665 1744 1664
f 1725 1746 1745
f 1591 1745 1590
f 1590 1747 1596
f 1745 1748 1747
f 1659 8982 8986
f 5650 8989 5617
f 1185 1182 1190
f 1664 1749 1741
f 1741 1739 1738
f 1746 1743 1748
f 1726 1742 1746
f 1153 924 925
f 1115 1153 1154
f 1654 9019 1655
f 1896 8993 1686
f 1720 1744 1726
f 1721 1749 1720
f 1750 1701 1698
f 1697 1750 1696
f 1151 1063 1062
f 1751 1670 1671
f 1695 1752 1751
f 961 986 981
f 1770 1768 1767
f 1766 1593 1765
f 1731 1579 1580
f 1579 1774 1578
f 9380 1771 9381
f 1764 9380 9369
f 1777 1775 1774
f 9214 1699 1700
f 1004 1128 1003
f 1774 1771 1772
f 987 1399 980
f 1578 1772 1764
f 1783 1781 1778
f 1597 1770 1767
f 639 9347 9336
f 9380 1769 1770
f 1793 1789 1788
f 9381 1798 1769
f 8952 9225 1806
f 1802 9376 9374
f 1788 1794 1793
f 1793 1795 1776
f 9225 1675 1806
f 1584 1783 1789
f 1771 9372 9381
f 1801 1798 1800
f 1768 1798 1799
f 1775 1797 1771
f 508 515 1520
f 1796 1802 1797
f 1800 9372 9374
f 1794 1804 1795
f 8976 1752 8991
f 485 1807 775
f 9261 1640 768
f 9289 1810 1653
f 485 1640 1808
f 1690 9222 9224
f 487 1648 1811
f 9291 1816 9274
f 9290 1648 9282
f 9291 1811 9290
f 1812 487 1811
f 1641 767 768
f 465 755 776
f 767 9275 9260
f 9274 9278 9299
f 1809 1815 767
f 9289 1651 9292
f 675 8985 8940
f 1814 1822 1821
f 1821 9273 9272
f 1824 1649 1825
f 1827 1850 1805
f 1668 1662 1663
f 1779 1848 1828
f 1790 1805 1794
f 1833 1853 1852
f 8965 693 575
f 1614 1616 1617
f 1852 8942 8945
f 1620 1622 1623
f 1855 1574 1861
f 1847 8945 8957
f 1766 1855 1782
f 1629 1631 1628
f 1633 1634 1632
f 1635 1637 1638
f 1848 1852 1847
f 1855 1863 1862
f 1803 1867 1802
f 1862 1831 1832
f 1782 1862 1781
f 9374 1865 1800
f 1873 1870 1869
f 1874 799 804
f 2045 9349 2044
f 1219 1295 1225
f 1615 1396 1395
f 9336 1877 1876
f 645 9238 9003
f 1345 1035 1346
f 634 9336 9332
f 15 1327 14
f 9362 1878 1893
f 1894 605 1893
f 8950 627 693
f 9004 645 9003
f 340 454 1558
f 1897 195 1898
f 1889 1877 1890
f 1901 129 1900
f 196 754 232
f 1705 9373 9368
f 340 166 343
f 1570 563 561
f 1904 194 1897
f 1781 1832 1780
f 1905 55 1906
f 1000 995 996
f 986 920 987
f 1191 1190 1194
f 2094 2075 2093
f 1920 1919 1915
f 453 1912 1911
f 1915 1918 1916
f 9334 2106 9353
f 1655 8975 1868
f 1916 1926 1925
f 704 9005 703
f 278 1925 1900
f 9009 1818 1820
f 1097 1115 1114
f 1927 727 1923
f 9030 9106 9210
f 1920 307 1929
f 1929 48 728
f 503 1497 1509
f 1902 787 796
f 1816 9272 9278
f 1925 1923 1924
f 1535 1568 1534
f 254 258 255
f 1509 366 367
f 119 35 36
f 219 293 294
f 141 47 431
f 542 244 245
f 1940 430 431
f 1779 1827 1790
f 1701 9367 9371
f 1661 8959 1667
f 270 754 647
f 197 749 196
f 1727 1212 1211
f 53 232 754
f 1465 1479 1478
f 1284 9306 1293
f 1951 412 413
f 168 1554 1553
f 1486 206 207
f 506 78 361
f 994 1007 993
f 951 963 964
f 1013 9313 1351
f 9278 1820 1818
f 1498 1954 1482
f 299 543 132
f 1754 1756 1753
f 1681 1683 1682
f 1696 1695 1697
f 13 738 737
f 473 475 474
f 482 768 1640
f 204 30 205
f 1761 820 819
f 611 1125 612
f 1501 1908 1909
f 1074 711 699
f 1960 82 83
f 120 1960 123
f 35 87 34
f 1773 1025 1031
f 1965 1569 1535
f 494 471 479
f 1966 1969 1968
f 446 1971 1967
f 174 125 126
f 1580 1578 1577
f 1785 1787 1784
f 1972 304 305
f 1254 875 999
f 1973 342 514
f 321 1973 509
f 1910 275 1907
f 509 514 508
f 1486 1527 1485
f 1974 804 1975
f 1977 1974 1978
f 1980 1966 1981
f 379 2 295
f 1718 1710 1701
f 884 992 883
f 1680 1678 1679
f 902 525 524
f 344 256 299
f 135 137 136
f 236 228 333
f 448 1967 1966
f 589 604 584
f 910 908 907
f 1981 1968 1987
f 1982 1987 1979
f 1988 1987 1989
f 1990 1989 1991
f 1991 1993 1992
f 322 320 319
f 992 830 883
f 1144 1086 1143
f 1995 1978 1994
f 1133 1118 1126
f 1997 1994 1996
f 870 1335 1489
f 805 1982 1998
f 727 2000 1999
f 1996 1988 1990
f 1994 1979 1988
f 1829 792 1273
f 1830 941 983
f 798 800 799
f 729 731 730
f 2011 2023 2022
f 1834 846 1159
f 402 284 347
f 2022 2024 2025
f 1838 989 988
f 810 952 809
f 1823 1840 644
f 1430 1432 1431
f 1215 1841 1079
f 149 176 177
f 1316 873 872
f 2112 1384 2106
f 1842 1844 1845
f 1159 845 1160
f 837 1846 1120
f 1971 2030 2027
f 517 370 189
f 858 833 812
f 1471 2027 1888
f 8995 626 627
f 2174 770 490
f 935 1854 1010
f 1613 1611 1618
f 1231 1225 1295
f 1856 891 892
f 1300 748 741
f 1150 1858 1859
f 1643 696 1642
f 1215 1264 1216
f 1320 902 901
f 1956 1944 1960
f 2031 669 1474
f 2034 1310 1299
f 1879 1656 1657
f 40 242 39
f 1992 2039 1456
f 888 957 889
f 1882 1996 1990
f 1078 1255 1077
f 1871 1192 1090
f 294 218 219
f 1323 2026 1471
f 123 83 1484
f 1324 2041 1323
f 384 359 352
f 1324 2038 2036
f 1883 1885 1829
f 287 114 107
f 1096 1134 661
f 915 931 916
f 806 1981 1982
f 8977 584 604
f 1425 2042 1018
f 1018 1948 1017
f 9006 740 8963
f 1948 649 646
f 1881 1990 1991
f 1900 130 278
f 992 994 993
f 923 925 924
f 9330 2047 9328
f 1643 625 606
f 2050 2051 2049
f 2045 1404 2047
f 9328 945 9337
f 1139 1079 1841
f 1037 892 982
f 2055 2057 2056
f 1198 718 717
f 1619 1612 1611
f 2058 1606 2059
f 2059 1607 2058
f 2058 1624 1605
f 71 179 37
f 405 1557 382
f 976 1006 977
f 322 1972 1911
f 2061 2063 2062
f 2066 2067 1825
f 2052 2064 2051
f 1609 2066 1647
f 1515 152 1516
f 1009 993 1007
f 1644 9267 2118
f 279 1916 278
f 1285 9314 1284
f 1647 1825 1649
f 2056 2067 2065
f 319 1953 1952
f 667 1913 1914
f 2070 625 2048
f 2052 2055 2063
f 2038 1655 1458
f 1606 2073 2072
f 1235 1270 1236
f 2072 2075 2074
f 2059 2072 2062
f 2074 2077 2076
f 1601 2078 2073
f 2049 1643 1645
f 1000 1001 994
f 1089 684 689
f 1931 1306 1930
f 1462 1021 1022
f 1932 1934 1935
f 875 1846 998
f 1936 1937 1938
f 44 46 92
f 1534 1956 120
f 1541 317 391
f 2081 2084 2083
f 146 1959 300
f 1360 1942 1361
f 985 1032 1033
f 1995 1892 2043
f 2079 2082 2081
f 2095 2076 2077
f 2081 2078 2079
f 2055 2054 2053
f 501 2095 500
f 2097 2099 2098
f 2098 2094 2083
f 2140 9345 9318
f 2141 9346 9345
f 2051 2048 2049
f 592 2101 1576
f 2071 2076 2096
f 2102 2098 2101
f 593 2102 592
f 1019 746 747
f 1950 12 1327
f 725 2096 501
f 1385 2104 1379
f 1379 2106 1384
f 2107 2100 2097
f 9360 502 9348
f 9348 499 9353
f 940 2109 944
f 928 1170 973
f 9320 684 9351
f 1962 1964 1961
f 9330 573 9349
f 2039 1968 1969
f 1389 2110 2109
f 1398 2113 1397
f 9209 9205 9195
f 9363 2107 2103
f 949 924 1115
f 260 324 326
f 1390 2113 2110
f 2070 2064 2071
f 9319 2103 593
f 2105 1421 2114
f 2114 1423 2115
f 9344 2115 9355
f 9360 2114 9344
f 554 1902 553
f 972 967 966
f 1765 1573 1574
f 1984 1986 1983
f 2053 2069 2057
f 9017 724 714
f 1625 1674 1673
f 9333 2119 2122
f 9355 2123 9356
f 56 1906 55
f 626 9331 629
f 2001 2003 2004
f 9364 2127 9359
f 2006 2008 2009
f 2127 1412 2128
f 2014 2016 2017
f 2018 2020 2021
f 1495 1947 197
f 1379 1386 1385
f 9266 1680 1618
f 2029 1884 2028
f 9354 2120 9339
f 629 9366 9324
f 682 943 1089
f 724 2121 716
f 1757 9273 9297
f 765 9296 9261
f 9303 715 9304
f 706 9322 9324
f 981 987 980
f 1457 1656 1880
f 2017 2032 2033
f 1458 1868 1457
f 1776 1792 1793
f 1959 1946 1958
f 9115 9177 9113
f 9365 2122 9302
f 1093 689 1088
f 966 968 972
f 9304 9333 9365
f 2172 2170 2171
f 670 2137 669
f 9213 1903 233
f 1429 28 1449
f 964 978 971
f 9293 1413 2127
f 1473 669 2137
f 9286 1359 1358
f 2138 1870 2137
f 1872 2137 1870
f 715 9340 9333
f 1881 1992 1880
f 9295 739 740
f 1837 8957 8958
f 253 59 85
f 1808 9292 1807
f 1647 9270 1609
f 9317 671 668
f 2112 9335 2111
f 1405 2044 1438
f 9281 1364 1366
f 273 391 249
f 576 8964 8999
f 9327 668 2031
f 1430 2140 2139
f 2136 9312 28
f 1430 18 19
f 9345 570 695
f 1442 2046 2141
f 1431 2141 2140
f 9321 9302 2136
f 9260 1817 766
f 9318 695 671
f 2142 798 2138
f 571 2142 694
f 9271 1618 1611
f 2143 2025 2142
f 694 2138 670
f 681 2144 572
f 2144 2022 2143
f 328 457 290
f 1572 2011 2144
f 630 9355 624
f 2085 2087 2088
f 2090 2092 2089
f 572 2143 571
f 1875 2153 2149
f 1873 2149 2154
f 2103 2097 2102
f 2157 2155 2156
f 2128 1414 2120
f 9326 589 582
f 9324 628 629
f 2149 2158 2159
f 2159 9357 9342
f 698 9354 705
f 9275 9279 1817
f 2158 9326 9357
f 1438 2046 1439
f 2035 2160 2161
f 2161 9341 9338
f 9323 605 589
f 9325 18 9327
f 370 61 451
f 649 413 648
f 2153 2156 2158
f 1428 1449 1450
f 1490 73 1488
f 9342 710 633
f 2155 9343 9323
f 1456 1880 1992
f 2125 2087 2124
f 2160 9342 9341
f 300 505 323
f 1064 1046 1065
f 2043 1891 2155
f 2129 2004 2003
f 2131 2133 2134
f 9300 1450 1449
f 1998 804 805
f 9331 9316 9366
f 474 490 770
f 1164 1182 1177
f 707 9361 9322
f 708 2162 707
f 2162 9338 9361
f 548 1905 458
f 1145 1114 1171
f 705 1650 704
f 2043 1977 1995
f 737 554 559
f 1034 1191 1023
f 458 1907 275
f 195 232 233
f 2040 1969 1970
f 2145 2147 2148
f 2054 2049 1645
f 9284 1639 9270
f 9 11 10
f 252 506 258
f 472 479 471
f 1865 9243 8947
f 900 910 907
f 1941 2151 1942
f 1921 1927 1919
f 2163 1898 2116
f 271 153 178
f 1904 12 9
f 282 264 460
f 1872 2154 2035
f 1326 1897 2163
f 628 693 627
f 1724 1719 1723
f 1549 436 172
f 1582 1730 1729
f 1921 1929 1928
f 9007 10 11
f 2152 1950 1949
f 475 774 771
f 769 2171 473
f 2171 476 473
f 476 772 475
f 1791 464 1760
f 2166 2168 2169
f 595 372 98
f 483 1641 482
f 762 2173 470
f 771 484 492
f 486 1809 483
f 297 1517 296
f 763 2174 762
f 776 759 489
f 184 2176 2000
f 412 303 414
f 2005 185 224
f 9263 1682 9298
f 2164 756 764
f 1472 2161 2162
f 950 964 965
f 2177 2179 2180
f 227 1510 333
f 764 467 2164
f 2182 2184 2181
f 2186 2018 2185
f 1985 2181 1986
f 214 729 1531
f 1545 1546 1569
f 865 842 866
f 849 1357 1362
f 452 1558 454
f 559 3188 737
f 16 737 3188
f 560 498 374
f 3193 3195 3194
f 3200 3198 3199
f 3211 3213 3212
f 3215 3217 3216
f 2187 2002 2001
f 3233 3235 3234
f 3223 3222 3224
f 3229 3231 3230
f 3245 3247 3246
f 2169 2189 2190
f 2192 2085 2191
f 2193 2195 2196
f 2198 2200 2197
f 1998 1979 1975
f 9116 9120 9123
f 3253 3255 3254
f 2116 1903 1902
f 1859 2009 1150
f 9356 2126 9358
f 1135 1087 1130
f 2201 2015 2014
f 1149 110 1858
f 3261 3263 3262
f 3269 3271 3270
f 3265 3267 3266
f 3229 3284 3283
f 3289 3291 3290
f 3299 3301 3300
f 3307 3264 3308
f 3293 3295 3294
f 3297 3224 3298
f 3319 3291 3320
f 3322 3318 3315
f 3314 3312 3311
f 3285 3287 3286
f 3332 3218 3215
f 3329 3330 3328
f 3324 3227 3298
f 3298 3326 3324
f 2203 2205 2206
f 579 1895 1019
f 1755 2208 1756
f 3337 3339 3338
f 9343 1893 605
f 1211 2150 1727
f 868 2210 2209
f 3347 3349 3348
f 944 930 940
f 2130 2202 2201
f 233 1898 195
f 665 750 666
f 1167 999 618
f 2211 2213 2214
f 2215 2217 2218
f 9319 590 9320
f 2220 220 2219
f 823 948 1094
f 3375 3377 3376
f 3393 3391 3390
f 3353 3357 3356
f 3363 3365 3364
f 3402 3404 3403
f 266 455 265
f 9334 2107 9335
f 2221 8963 8961
f 2223 2225 2226
f 2207 2124 2208
f 3293 3336 3286
f 673 9321 9316
f 817 996 815
f 2227 2146 2145
f 1947 646 749
f 9352 17 9325
f 2229 1638 1381
f 1679 1618 1680
f 1637 2232 2230
f 2233 1617 1616
f 2231 2236 2237
f 3406 3408 3407
f 1381 2238 1382
f 9038 2242 9039
f 3414 3341 3415
f 1630 2233 1631
f 1681 472 469
f 1408 2243 2244
f 3423 3425 3424
f 3433 3263 3307
f 3434 3430 3435
f 3440 3442 3441
f 3444 3446 3445
f 3436 3450 3439
f 3442 3456 3455
f 1637 2238 1638
f 3445 3437 3438
f 3448 3440 3449
f 1409 1634 2245
f 1380 2247 2246
f 1628 2245 1621
f 3463 3465 3464
f 3308 3462 3307
f 2249 1622 1633
f 1632 1408 2244
f 2248 1631 2250
f 3478 3480 3479
f 3509 3511 3510
f 2235 1637 1636
f 3505 3507 3506
f 3457 3199 3198
f 631 2071 725
f 515 52 49
f 782 2251 1251
f 2253 2255 2252
f 397 459 784
f 1456 2040 1455
f 2040 2036 1455
f 3434 3518 3517
f 1401 2111 1398
f 2041 1970 2026
f 3367 3338 3368
f 1535 414 1965
f 1586 2080 2079
f 2256 1132 1886
f 3528 3530 3529
f 3519 3520 3517
f 3537 3506 3538
f 3543 3545 3544
f 1700 9370 9371
f 3486 3550 3549
f 3455 3497 3563
f 3558 3559 3323
f 3456 3500 3497
f 3572 3252 3249
f 3308 3285 3569
f 3316 3574 3573
f 3575 3479 3533
f 3576 3578 3577
f 3580 3582 3581
f 3584 3586 3585
f 3505 3588 3503
f 3589 3591 3590
f 3600 3602 3601
f 3542 3595 3594
f 3604 3592 3589
f 3611 3613 3612
f 3622 3624 3623
f 3618 3620 3619
f 3626 3628 3627
f 3644 3646 3645
f 3634 3636 3635
f 3638 3641 3640
f 9267 1686 9269
f 1263 1886 1096
f 3613 3654 3614
f 598 844 599
f 2257 2259 2260
f 2258 2262 2259
f 2259 2263 2216
f 2260 2216 2215
f 1967 1970 1969
f 2212 1963 2213
f 922 2218 2217
f 1312 1101 2264
f 1307 1286 789
f 1548 1546 1972
f 2266 2268 2265
f 2265 2270 2269
f 2272 2269 2271
f 2273 2265 2272
f 2275 2277 2274
f 2278 2277 2279
f 2284 9069 9091
f 2287 2286 2281
f 2288 2283 2287
f 2290 9091 9072
f 2291 2293 2294
f 2295 2294 2279
f 2296 2291 2295
f 2297 2292 2291
f 2294 2299 2300
f 2279 2300 2278
f 2298 2302 2292
f 2292 2303 2293
f 2293 2304 2299
f 2304 2306 2299
f 2306 2300 2299
f 2308 2310 2307
f 2302 2310 2303
f 2301 2307 2302
f 2312 2307 2311
f 2313 2315 2316
f 2318 2320 2317
f 9200 2322 2323
f 2324 2273 2326
f 2313 2326 2327
f 2328 2313 2316
f 2329 2324 2328
f 2331 2333 2330
f 2330 2267 2266
f 2325 2266 2273
f 2329 2330 2325
f 2333 2335 2267
f 2336 2333 2332
f 2338 2332 2337
f 2331 2337 2332
f 2329 2339 2331
f 2328 2340 2329
f 2316 2341 2328
f 2342 2315 2343
f 2344 2346 2347
f 2341 2347 2340
f 2342 2344 2341
f 2348 2345 2344
f 2350 2352 2353
f 2339 2353 2337
f 2340 2350 2339
f 2347 2351 2350
f 2337 2354 2338
f 2353 2355 2354
f 2356 2276 2357
f 2356 2358 2359
f 2356 2296 2295
f 2279 2356 2295
f 2360 2270 2268
f 2267 2360 2268
f 2362 2364 2365
f 2362 2361 2358
f 2366 2358 2357
f 2366 2363 2362
f 2357 2368 2366
f 2366 2369 2367
f 2276 2370 2368
f 2368 2282 2369
f 2372 2374 2371
f 2375 2377 2007
f 2378 2380 2381
f 2382 2381 2383
f 2384 2378 2382
f 2385 2379 2378
f 2388 2390 2387
f 2387 2392 2391
f 2393 2387 2391
f 2394 2388 2387
f 2186 2402 2400
f 2403 2327 2326
f 2272 2326 2273
f 2271 2403 2272
f 2405 2404 2403
f 2404 2408 2327
f 2409 2411 2412
f 2409 2271 2269
f 2413 2269 2270
f 2413 2410 2409
f 2417 2416 2418
f 2417 2406 2405
f 2412 2405 2271
f 2411 2417 2412
f 2406 2407 2404
f 9013 632 713
f 2420 2397 2421
f 2420 2423 2422
f 2424 2422 2419
f 2424 2398 2420
f 2425 2392 2426
f 2421 2426 2423
f 2397 2425 2421
f 2396 2391 2425
f 2427 2315 2314
f 2427 2408 2428
f 2430 2428 2429
f 2343 2427 2430
f 2432 2430 2431
f 2431 2429 2433
f 2435 2433 2434
f 2436 2431 2435
f 2428 2407 2437
f 2422 2407 2419
f 2438 2422 2423
f 2429 2437 2438
f 2440 2433 2439
f 2441 2433 2429
f 2442 2439 2441
f 2443 2440 2439
f 2445 2444 2443
f 2447 2443 2442
f 2383 2445 2447
f 2381 2446 2445
f 2448 2423 2426
f 2449 2426 2392
f 2441 2449 2442
f 2441 2438 2448
f 2449 2390 2450
f 2450 2389 2451
f 2447 2451 2383
f 2442 2450 2447
f 2451 2453 2452
f 2452 2455 2454
f 2382 2454 2384
f 2383 2452 2382
f 2456 2373 2372
f 2459 2461 2458
f 2463 2465 2462
f 2462 2285 2284
f 2466 2284 2290
f 2467 2462 2466
f 2461 9155 9153
f 2468 2470 2471
f 2472 2471 2473
f 2474 9153 9140
f 2475 2477 2478
f 2458 2453 2479
f 2479 2389 2388
f 2395 2479 2388
f 2480 2458 2479
f 2481 2483 2478
f 2484 2485 221
f 2471 2464 2463
f 2473 2463 2467
f 2487 2466 2486
f 2486 2290 2488
f 2490 2488 2489
f 2491 2486 2490
f 2492 2467 2487
f 2493 2487 2491
f 2494 2492 2493
f 2495 2473 2492
f 9142 2474 9140
f 9143 2496 9142
f 2498 2493 2499
f 2500 2499 2501
f 9152 2498 2500
f 9139 2494 2498
f 2306 2278 2300
f 2305 2504 2306
f 2504 2507 2506
f 2506 2288 2508
f 2274 2508 2275
f 2278 2506 2274
f 9085 2489 2488
f 9072 2488 2290
f 2507 2289 2288
f 2505 2509 2507
f 2508 2287 2511
f 2511 2281 2280
f 2370 2280 2282
f 2275 2511 2370
f 2512 2489 2513
f 2514 2513 2515
f 2517 2514 2516
f 2517 2490 2512
f 2499 2491 2517
f 2499 2516 2501
f 2510 2519 2518
f 2518 2521 2520
f 9068 2520 9073
f 9084 2518 9068
f 2522 2303 2310
f 2523 2310 2309
f 2305 2522 2524
f 2524 2523 2525
f 2519 2525 2521
f 2505 2524 2519
f 2308 2527 2526
f 2526 2529 2528
f 2531 2528 2530
f 2309 2526 2531
f 1214 2151 1211
f 2419 2418 2424
f 2533 2349 2317
f 2534 2317 2320
f 2535 2533 2534
f 2536 2345 2533
f 2537 2346 2536
f 2538 2536 2535
f 2539 2537 2538
f 2540 2351 2537
f 2312 2541 2527
f 2527 2542 2529
f 2543 2434 2544
f 2545 2544 2546
f 2319 2543 2545
f 2318 2435 2543
f 2514 2548 2547
f 2547 2550 2549
f 2552 2549 2551
f 2552 2514 2547
f 2520 2554 2553
f 2553 2556 2555
f 9042 2555 9045
f 9073 2553 9042
f 2523 2531 2557
f 2557 2530 2558
f 2525 2557 2559
f 2559 2558 2560
f 2554 2560 2556
f 2521 2559 2554
f 2561 2007 2006
f 2376 2225 2377
f 2564 2566 2563
f 2563 338 2567
f 2569 2567 2568
f 2570 2563 2569
f 2572 2574 2571
f 2571 2576 2575
f 2544 2575 2546
f 2544 2572 2571
f 2578 2569 2577
f 2579 2569 2568
f 2574 2579 2576
f 2573 2577 2574
f 2581 2583 2580
f 2584 2583 2585
f 9149 2580 2584
f 9128 2580 9127
f 2582 2552 2583
f 2583 2551 2585
f 2500 2589 2588
f 2590 2589 2591
f 9145 2588 2590
f 9147 2500 2588
f 2501 2591 2589
f 2592 2594 2595
f 2386 2503 2502
f 2596 2386 2374
f 2596 2373 2597
f 2599 2597 2598
f 2599 2379 2596
f 2600 2380 2599
f 2600 2598 2601
f 2603 2601 2602
f 2603 2446 2600
f 2604 2602 2605
f 2440 2605 2434
f 2444 2604 2440
f 2606 2581 2607
f 2606 2590 2591
f 2591 2582 2606
f 9128 2456 9141
f 9141 2372 9145
f 2478 2608 2481
f 2609 2611 2199
f 2564 2613 2612
f 2612 2598 2597
f 2457 2597 2373
f 2565 2612 2457
f 2614 2570 2578
f 2615 2578 2573
f 2602 2614 2615
f 2601 2613 2614
f 2572 2605 2616
f 2616 2602 2615
f 2573 2616 2615
f 1459 1045 1021
f 1265 1079 1082
f 1612 1609 1611
f 2067 2069 2068
f 1135 1136 1148
f 1938 2618 2617
f 95 458 128
f 2058 1608 1612
f 1454 1445 1367
f 655 1048 2619
f 722 2621 723
f 3665 3634 3666
f 1131 1033 1134
f 562 366 1497
f 1723 1725 1591
f 1786 1122 1787
f 267 323 266
f 1325 1654 2038
f 1468 1435 1479
f 658 529 528
f 8 247 7
f 382 1559 3
f 3631 3680 3630
f 788 1307 789
f 940 929 928
f 911 2623 912
f 2621 655 654
f 2624 2625 2626
f 998 27 26
f 635 2626 2625
f 2627 644 1840
f 2628 1840 2629
f 1200 2627 2628
f 1199 641 2627
f 1520 49 477
f 1452 1349 1451
f 2630 1859 1858
f 644 1335 1823
f 3683 3699 3698
f 1197 717 2632
f 2632 719 1166
f 2628 1166 1200
f 2629 2632 2628
f 1762 1050 821
f 1823 873 1839
f 2634 794 652
f 1028 1027 1161
f 1042 2635 1043
f 93 1901 1924
f 2036 1458 1455
f 1527 1525 1526
f 877 1274 1277
f 134 797 1544
f 1328 931 1329
f 607 1091 1161
f 1043 2637 2636
f 2636 2639 2638
f 1275 2638 1276
f 1275 1043 2636
f 1272 2626 2640
f 2640 638 637
f 1110 2640 637
f 536 2640 2641
f 1472 1474 1473
f 2042 1951 649
f 3668 3633 3669
f 1058 1105 1059
f 2642 2643 2644
f 1192 2644 1193
f 912 2642 1192
f 9350 8970 9238
f 1049 2620 2621
f 616 1885 613
f 1331 666 750
f 990 1198 525
f 1911 321 322
f 1298 1205 2645
f 76 1504 75
f 1502 421 422
f 610 658 691
f 1146 659 938
f 2646 914 936
f 1280 1238 1279
f 975 2647 2648
f 2647 975 974
f 1453 1452 1451
f 1514 158 151
f 835 1843 1842
f 1271 1173 1289
f 2649 813 2650
f 1893 1826 1894
f 1050 1937 1051
f 2651 814 813
f 1006 1281 977
f 2653 2654 2655
f 1001 1003 1002
f 585 679 558
f 2624 621 620
f 555 2028 556
f 1207 1197 2629
f 1626 478 472
f 3729 3731 3730
f 3746 3748 3747
f 3770 3750 3753
f 426 419 1567
f 1030 1773 1031
f 9350 634 9332
f 534 138 262
f 1125 1042 1041
f 333 88 227
f 569 561 730
f 3691 3693 3692
f 1489 871 870
f 1857 620 891
f 1673 9222 9215
f 622 864 1308
f 2647 974 2657
f 619 891 620
f 261 545 262
f 393 1556 404
f 2658 2647 2657
f 1075 2657 917
f 1081 2658 1075
f 1080 2659 2658
f 2644 1141 2660
f 2660 1140 1336
f 642 1336 643
f 1193 2660 642
f 679 555 558
f 3762 3764 3763
f 1503 1500 1502
f 1318 1101 1100
f 2661 1139 1142
f 2661 2663 2662
f 2662 2659 2661
f 2662 2622 2664
f 2664 911 2646
f 2648 2646 1146
f 2648 2662 2664
f 3586 3779 3777
f 2083 2093 2081
f 1442 1437 1439
f 3732 3733 3731
f 519 330 51
f 1885 1209 613
f 799 805 804
f 1946 1952 1953
f 1302 1253 1252
f 3741 3757 3756
f 3660 3662 3661
f 566 224 533
f 1389 928 1388
f 683 681 680
f 836 1842 2665
f 2665 1845 1303
f 2666 1303 1302
f 24 2665 2666
f 831 2650 832
f 1845 1304 1303
f 2010 2012 2011
f 1051 2667 2668
f 1522 1511 1523
f 531 441 522
f 782 1251 1250
f 1250 2625 2669
f 2669 1857 1856
f 783 1856 1037
f 782 2669 783
f 720 2671 721
f 1055 1930 1056
f 1333 1251 2251
f 619 1308 1307
f 652 2619 2634
f 521 1539 1540
f 1838 537 2672
f 2672 536 2641
f 1113 2641 1110
f 1113 1838 2672
f 1016 1351 1045
f 9349 570 9346
f 226 104 101
f 9008 9279 1818
f 1036 1884 1883
f 2674 1304 2673
f 2673 1844 2675
f 1334 2675 1039
f 1333 2673 1334
f 2676 1039 2675
f 1843 2675 1844
f 942 2676 1843
f 1074 702 2676
f 811 859 858
f 752 1055 753
f 1200 656 1026
f 1120 874 2677
f 2677 877 1052
f 1241 1052 1005
f 1119 2677 1241
f 1560 151 1515
f 1208 611 523
f 215 736 214
f 1460 1462 1461
f 3717 3719 3718
f 1208 1839 873
f 854 1282 1297
f 3682 3696 3681
f 72 182 179
f 544 1565 512
f 217 456 457
f 3673 3781 3780
f 2047 930 945
f 1204 1937 2633
f 913 686 685
f 3705 3707 3706
f 840 1113 1112
f 1531 730 561
f 2678 1283 801
f 601 1914 602
f 1537 459 460
f 1819 8953 8971
f 991 862 538
f 2679 1073 1830
f 3776 3581 3582
f 2680 983 2256
f 779 2256 1263
f 778 2680 779
f 2678 1830 2680
f 180 245 40
f 1886 1131 1134
f 3766 3767 3749
f 1138 1274 1255
f 3777 3585 3586
f 1841 1140 1139
f 75 314 74
f 193 420 192
f 2681 1099 1098
f 3658 3587 3659
f 170 1565 169
f 349 417 432
f 1121 2684 2683
f 547 409 302
f 123 121 120
f 2643 1142 1141
f 1542 513 1543
f 899 907 919
f 1210 676 867
f 791 982 892
f 24 837 836
f 893 932 931
f 1860 863 862
f 535 862 861
f 3640 3683 3638
f 832 813 812
f 2650 813 832
f 1569 1547 1568
f 181 542 180
f 660 937 688
f 2013 568 2012
f 3781 3644 3782
f 887 2631 2630
f 1524 361 78
f 520 162 1529
f 2653 854 2685
f 1238 2655 2686
f 718 527 530
f 1492 518 1491
f 792 615 793
f 599 1835 596
f 290 456 175
f 312 1552 425
f 1248 1179 1249
f 153 177 178
f 1240 1222 1221
f 1257 1235 1071
f 1291 1083 1222
f 1052 1277 1053
f 743 2618 1204
f 444 430 443
f 23 1172 1187
f 2687 1180 1179
f 102 409 134
f 1283 610 801
f 373 650 651
f 1180 1084 1291
f 855 2655 1237
f 1173 1917 1174
f 2689 853 2688
f 2688 1108 1279
f 2686 1279 1238
f 2687 2688 2686
f 2691 1252 2690
f 2690 850 2689
f 1248 2689 2687
f 1248 2691 2690
f 2692 24 2666
f 2691 2666 1302
f 1247 2692 2691
f 1258 617 2692
f 394 1555 393
f 2693 1259 1223
f 1072 1262 1261
f 1257 1168 1258
f 398 1555 1554
f 871 1314 872
f 1178 1249 1179
f 1224 1173 1172
f 1010 2618 742
f 1175 1292 1269
f 2654 2686 2655
f 2694 1216 1264
f 71 1487 70
f 701 1111 1038
f 1072 2649 2650
f 1085 22 21
f 895 1264 896
f 1601 1605 1604
f 1259 1271 1289
f 21 1220 1083
f 988 538 537
f 3533 3535 3532
f 598 1336 1140
f 820 1762 821
f 1050 818 821
f 1298 1761 2652
f 1168 618 617
f 3629 3670 3628
f 858 1256 833
f 39 516 1536
f 2652 819 814
f 313 315 314
f 2026 1971 2027
f 2656 596 1835
f 814 818 811
f 2696 813 2649
f 1260 2649 1261
f 2693 2696 1260
f 2697 2651 2696
f 381 390 380
f 9270 1611 1609
f 1475 1428 1227
f 1292 1917 1235
f 1551 354 1518
f 1526 1523 1511
f 1593 1595 1573
f 1232 1246 1249
f 2695 1223 22
f 2698 1296 2697
f 2698 2693 2695
f 2685 2695 1085
f 2685 1297 2698
f 562 271 272
f 2652 1296 1298
f 1365 1364 1363
f 1958 1953 1957
f 585 2210 997
f 1561 1515 435
f 975 1146 976
f 347 68 346
f 1038 636 1068
f 2700 780 2699
f 2699 1036 1883
f 2701 1883 1829
f 851 2699 2701
f 2674 2251 2702
f 2702 781 2700
f 1253 2700 851
f 1301 2702 1253
f 1519 388 1550
f 1273 1280 2703
f 2703 1107 852
f 2701 852 851
f 1829 2703 2701
f 91 326 90
f 1784 2656 1785
f 2683 2705 2704
f 604 8943 8977
f 1669 8992 1662
f 2062 2060 2059
f 621 861 622
f 2023 732 2024
f 686 1263 687
f 857 2668 1328
f 883 882 879
f 3648 3650 3649
f 637 1111 1110
f 2668 893 1328
f 3692 3711 3691
f 2667 894 2668
f 1039 1068 1334
f 313 1504 1505
f 1911 305 453
f 1936 1964 2212
f 2707 2401 2183
f 2708 2183 2182
f 738 2116 554
f 3785 3709 3786
f 2349 2432 2436
f 2711 2020 2019
f 2400 2019 2186
f 2714 2716 2713
f 2717 2719 2720
f 2721 2723 2724
f 2726 2728 2725
f 2725 2730 2729
f 2731 2729 2709
f 2732 2725 2731
f 2734 2736 2733
f 2738 2740 2737
f 2737 2741 2742
f 2744 2746 2743
f 2745 2748 2747
f 2749 2747 2751
f 2753 2751 2752
f 2250 2246 2248
f 3417 3419 3418
f 2754 1614 2755
f 9050 2755 9061
f 9060 2747 9061
f 1617 2755 1614
f 2242 1620 2757
f 3429 3431 3430
f 2191 2760 2759
f 2761 2760 2762
f 9100 2761 9101
f 9075 2759 9100
f 3209 3354 3355
f 1395 2236 2235
f 1395 1636 1615
f 3741 3790 3740
f 1616 2229 2233
f 3410 3412 3411
f 1617 2763 2756
f 2756 9080 9060
f 2765 2234 1630
f 2766 9080 9074
f 3202 3458 3459
f 1516 435 1515
f 2768 8996 8997
f 1495 578 1424
f 2135 28 17
f 8970 2773 2774
f 1690 9378 9377
f 2778 2780 2777
f 2777 2781 2782
f 2784 2777 2783
f 8999 575 576
f 1494 9 540
f 8973 2015 9010
f 451 505 450
f 2786 2788 2785
f 2779 2785 2780
f 2789 2741 2740
f 2790 2752 2789
f 2792 2794 2791
f 2793 2796 2794
f 2796 2750 2749
f 2794 2749 2753
f 2798 1396 2754
f 9043 2754 9050
f 2798 2800 1393
f 9043 2799 2798
f 2797 2795 2801
f 2791 2753 2790
f 216 232 54
f 9256 2807 9255
f 9257 2804 9255
f 2769 9001 8996
f 183 184 97
f 2811 2775 2776
f 2804 2776 2805
f 2809 2811 2804
f 2812 2813 2814
f 9257 2816 9247
f 9248 2815 9247
f 9250 2820 2821
f 9245 2819 9250
f 2824 2735 2819
f 2823 2824 2819
f 2825 2826 2724
f 9245 2827 9244
f 9248 2826 9244
f 2713 2829 2828
f 2828 2831 2830
f 2822 2828 2830
f 2821 2713 2828
f 2832 2822 2830
f 2833 2830 2831
f 2834 2832 2833
f 2835 2827 2832
f 2837 2839 2836
f 2836 2841 2840
f 2842 2840 2727
f 2843 2836 2842
f 2840 2845 2844
f 2718 2845 2719
f 2730 2844 2718
f 2727 2844 2728
f 2846 2719 2845
f 2846 2841 2847
f 2829 2847 2831
f 2829 2716 2846
f 2847 2839 2848
f 2848 2838 2849
f 2833 2849 2834
f 2831 2848 2833
f 2850 2851 2852
f 2853 2852 2854
f 2783 2782 2855
f 2785 2853 2856
f 2780 2856 2781
f 2857 2855 2782
f 2859 2782 2781
f 2861 2842 2860
f 2860 2727 2726
f 2862 2726 2732
f 2863 2860 2862
f 2861 2858 2857
f 2843 2857 2859
f 2856 2854 2864
f 2781 2864 2859
f 2837 2859 2864
f 2838 2864 2854
f 2852 2834 2849
f 2854 2849 2838
f 2865 2818 2835
f 2851 2835 2834
f 2813 2815 2865
f 2814 2865 2851
f 2866 2814 2850
f 2788 2850 2853
f 2866 2787 2867
f 2812 2867 2775
f 1892 1890 1891
f 2720 2846 2870
f 298 256 257
f 2872 2713 2820
f 9246 2735 2734
f 2729 2874 2873
f 2846 2715 2870
f 2876 2878 2875
f 2733 2878 2734
f 9258 2879 2880
f 9258 2872 9246
f 2882 2884 2881
f 2881 2715 2714
f 2880 2714 2872
f 2879 2881 2880
f 2885 2887 2888
f 2888 2890 2885
f 2885 2892 2891
f 2893 2885 2891
f 1942 2532 2894
f 2895 2720 2870
f 2884 2870 2715
f 2883 2895 2884
f 2896 2892 2895
f 2889 2717 2890
f 2890 2720 2892
f 2897 2891 2896
f 2898 2896 2883
f 2899 2883 2882
f 2900 2882 2879
f 9249 2879 9259
f 2876 2901 2877
f 2901 2904 2903
f 1785 1835 1834
f 2905 2899 2900
f 2907 2897 2898
f 9249 2903 9251
f 632 577 633
f 8976 2867 2787
f 434 550 350
f 2768 9092 9095
f 2910 1623 2249
f 2241 2758 2242
f 9092 2913 9104
f 1623 2757 1620
f 9039 2757 9104
f 2229 1380 2250
f 2765 1629 2914
f 2915 1629 2912
f 9094 2914 2915
f 9093 2765 2914
f 2919 9094 9065
f 2918 2912 2241
f 9066 2241 9038
f 9070 9065 9122
f 8985 2180 8940
f 8965 2188 8950
f 3694 3627 3693
f 9157 714 9303
f 2925 2917 2924
f 2924 2916 2919
f 9062 2919 9070
f 9063 2924 9062
f 2926 2766 2925
f 9110 2925 9063
f 1715 1705 1710
f 785 498 796
f 1387 565 1791
f 374 1899 560
f 9017 2206 9000
f 2929 2886 2893
f 2932 2934 2931
f 1905 1908 1907
f 2930 2936 2937
f 2938 2930 2929
f 1493 517 518
f 1603 1586 1602
f 2939 2929 2908
f 2940 2908 2907
f 9117 1600 9113
f 2886 2937 2887
f 2906 2898 2899
f 2908 2893 2897
f 2942 2933 2941
f 2941 2937 2936
f 8945 2936 8957
f 8942 2941 8945
f 2943 2710 2873
f 2943 2874 2889
f 2945 2889 2888
f 2946 2943 2945
f 2932 2888 2887
f 2931 2945 2932
f 727 1929 728
f 2903 2947 2948
f 545 42 262
f 1480 533 251
f 2907 2949 2940
f 2906 2950 2949
f 1558 215 202
f 9251 2948 9253
f 2054 1644 2118
f 9157 2203 9017
f 1828 1849 1827
f 2953 2955 2952
f 2952 2957 2956
f 2956 2258 2952
f 2953 2258 2257
f 2454 2474 2496
f 9199 2959 9218
f 9199 2131 9189
f 2961 2963 2958
f 2958 2964 2959
f 222 2485 2965
f 2477 2966 2608
f 2631 2006 1859
f 2384 2496 2497
f 2967 2959 2964
f 2968 2970 2969
f 9211 2971 9236
f 9236 2960 9218
f 2972 2033 2032
f 2007 2973 2008
f 9004 2134 2133
f 1836 1832 1831
f 8950 2090 8995
f 955 959 956
f 672 674 673
f 633 713 632
f 2024 733 803
f 2025 803 798
f 425 1550 388
f 2975 888 887
f 1319 1157 2694
f 1212 2977 1213
f 889 2228 2227
f 1978 1975 1979
f 1138 1329 915
f 751 2979 2978
f 1619 1625 1624
f 2252 1728 1727
f 1157 845 1216
f 2706 1938 2617
f 2980 2254 2981
f 2982 887 2630
f 802 711 2679
f 678 2029 2028
f 527 690 528
f 1839 2629 1840
f 2983 602 1914
f 2983 1913 1331
f 2985 1331 1054
f 2986 2983 2985
f 2987 2635 2634
f 2985 2639 2986
f 2990 1318 2989
f 2991 2993 2994
f 2995 2994 2996
f 1106 2991 2995
f 1058 2992 2991
f 1415 1365 1367
f 1317 2217 2997
f 1932 2255 2980
f 926 2999 664
f 3001 2992 3000
f 3000 1057 2978
f 2999 2978 2979
f 2998 3000 2999
f 3002 2209 3003
f 3002 2996 2994
f 2993 3002 2994
f 3001 2998 3002
f 1103 2995 3004
f 3004 2996 3003
f 2209 3004 3003
f 588 3004 2210
f 295 433 381
f 2638 2988 3005
f 3005 1056 1930
f 1305 1930 1306
f 1276 3005 1305
f 1987 1993 1989
f 2633 1761 2645
f 1423 1417 1419
f 9005 739 703
f 2671 2704 2705
f 1473 2035 1472
f 922 2694 895
f 1401 1378 1384
f 556 1884 1037
f 842 9277 9288
f 1854 2617 1010
f 933 1081 1075
f 1440 1436 1437
f 529 719 530
f 1031 1027 1028
f 777 912 1871
f 2645 1204 2633
f 441 1538 1537
f 3771 3773 3772
f 790 587 586
f 2065 1610 1607
f 1860 990 902
f 60 87 59
f 1424 1948 1947
f 332 1507 331
f 261 138 135
f 187 449 507
f 1719 1726 1725
f 1931 1059 3006
f 3006 1105 1104
f 1287 1104 587
f 1286 3006 1287
f 3007 3009 3010
f 3009 653 795
f 618 26 25
f 2029 1210 1209
f 957 600 2228
f 1049 2228 600
f 2631 3011 2561
f 890 2227 3011
f 3011 2145 3012
f 2561 3012 2375
f 1026 609 608
f 2706 1961 1964
f 3013 2485 3014
f 2148 1267 3015
f 3015 1266 1311
f 2997 1101 1317
f 642 1773 1193
f 186 461 511
f 1041 1320 901
f 1121 3017 1122
f 2984 2987 3018
f 3018 2634 2619
f 1048 3018 2619
f 603 2984 3018
f 2679 801 802
f 2062 2074 2061
f 2061 2076 2064
f 414 1545 1965
f 3016 2683 3019
f 3019 2704 2670
f 3020 2670 720
f 3007 3019 3020
f 1871 1091 777
f 3021 1122 3017
f 3022 3017 3010
f 1314 3022 1315
f 1784 3021 1314
f 1316 1763 611
f 3023 3010 3009
f 3023 795 1092
f 1763 1092 1125
f 1315 3023 1763
f 3016 3010 3017
f 752 2978 1057
f 2986 2637 2987
f 3024 653 3008
f 3020 3008 3007
f 720 3024 3020
f 723 654 3024
f 2681 1268 3025
f 2671 1268 721
f 2705 3025 2671
f 1313 3027 1311
f 3026 3029 3027
f 3027 3030 3031
f 1311 3031 3015
f 2012 731 2023
f 917 974 977
f 3742 3744 3743
f 743 856 744
f 1888 2030 1425
f 2682 2684 3032
f 3032 1124 2989
f 1100 2989 1318
f 1099 3032 1100
f 1123 2989 1124
f 3033 1159 1158
f 2990 1158 1319
f 1123 3033 2990
f 1786 1834 3033
f 1054 2988 2985
f 2979 664 2999
f 2623 2663 2643
f 1095 688 687
f 3034 2261 2956
f 3036 2956 2957
f 3037 3034 3036
f 3038 3035 3034
f 3040 3026 1313
f 2263 3041 3040
f 3042 3043 3041
f 3041 3028 3026
f 3044 3043 3039
f 3046 3045 3044
f 3047 3049 3045
f 3043 3049 3028
f 3038 3051 3050
f 3050 3053 3052
f 3052 3044 3050
f 3039 3050 3044
f 3054 3039 3042
f 3042 2262 3054
f 2261 3054 2262
f 2216 2997 2217
f 2212 2667 1936
f 3056 2209 3055
f 934 1961 1854
f 2013 9209 567
f 3058 3060 3061
f 3059 3063 3060
f 3060 2213 1963
f 3061 1963 1962
f 3063 2214 2213
f 3062 3064 3063
f 3065 2260 3064
f 3064 2215 2214
f 3066 3031 3030
f 2608 3067 3066
f 2966 3068 3067
f 3031 3068 3015
f 2455 2461 2474
f 2476 2226 2477
f 8995 2089 8969
f 8970 9221 9238
f 433 355 381
f 2115 1419 2123
f 8953 2922 8971
f 9221 2131 2134
f 3069 2167 2166
f 2971 2928 2960
f 2961 2773 2962
f 3070 2478 2483
f 2610 3071 2954
f 2502 2374 2386
f 3072 2595 3073
f 2964 3052 2967
f 3048 3074 3049
f 2593 3075 3074
f 3075 3029 3074
f 3074 3028 3049
f 3072 3075 2592
f 3076 2482 2481
f 2481 3066 3076
f 3076 3030 3075
f 2967 3053 2970
f 2482 3073 2483
f 479 493 494
f 706 9325 709
f 9005 2221 8961
f 2013 9206 9207
f 8977 2016 8973
f 9006 2222 2974
f 1171 1155 1176
f 3782 3689 3783
f 2586 2565 2587
f 2982 113 2484
f 2562 3077 3068
f 2376 3012 3077
f 3012 2148 3077
f 3077 3015 3068
f 2963 3046 2964
f 3051 2970 3053
f 1683 491 775
f 9302 1447 9312
f 1986 9186 9220
f 3079 2546 2575
f 3081 2575 2576
f 1983 9220 9217
f 3082 2319 2545
f 3080 2545 2546
f 9186 3082 3080
f 9184 2323 3082
f 1309 1888 748
f 3073 2772 2771
f 2760 3084 2762
f 2760 2088 3083
f 3085 3086 3087
f 3089 3090 3088
f 3089 3084 3085
f 3092 3090 3091
f 3093 2744 2743
f 2751 2748 3093
f 3093 2752 2751
f 2742 3093 3094
f 3094 2743 3095
f 3096 3098 3087
f 3099 3087 3086
f 3097 3095 3098
f 3100 2746 3101
f 3101 3102 3100
f 2764 2927 3101
f 2745 3101 2746
f 3102 3091 3100
f 3100 3095 2743
f 2869 9044 9086
f 3102 3104 3092
f 9110 2869 9086
f 2927 3103 3102
f 3098 3091 3090
f 3087 3090 3085
f 2088 3105 3083
f 3083 3086 3084
f 2483 2771 3070
f 2401 2185 2321
f 3099 3105 3106
f 2125 3106 3105
f 3108 2742 3107
f 3107 3094 3097
f 3110 3107 3109
f 3109 3097 3096
f 3111 3096 3099
f 3112 3109 3111
f 3113 2737 3108
f 3115 2722 3114
f 3117 3114 3116
f 3119 3116 3118
f 3118 3120 3121
f 3116 3113 3120
f 3122 3111 3123
f 3122 1755 1754
f 3124 3126 3127
f 3125 3121 3126
f 3128 3118 3125
f 3129 3125 3124
f 2020 3128 3129
f 9305 1346 1352
f 1065 1047 1066
f 1814 9282 1649
f 2021 3129 3130
f 3111 3106 3123
f 3123 2207 1755
f 2377 2224 2973
f 3014 113 112
f 1756 9234 9219
f 3131 2530 2528
f 3133 2528 2529
f 1753 9219 9227
f 3134 3127 3135
f 2327 2314 2313
f 2436 2317 2349
f 2018 9163 9164
f 2534 3137 2535
f 2320 3136 2534
f 2185 9164 9223
f 3138 2542 2539
f 3134 9196 9197
f 9237 3134 9197
f 3140 2539 2538
f 2535 3140 2538
f 9163 3130 9237
f 2558 3132 3141
f 9234 3141 3132
f 2560 3141 3142
f 9212 3142 3141
f 958 2976 2981
f 1933 2980 3143
f 3714 3729 3713
f 2399 2418 2416
f 2348 2343 2432
f 2322 2319 2323
f 2718 2874 2730
f 2709 2873 2710
f 2894 1361 1942
f 3788 3720 3717
f 346 176 347
f 1876 1882 1881
f 2802 9059 9044
f 3104 3088 3092
f 2974 9101 9055
f 3089 2761 2762
f 3088 3145 3089
f 2803 9055 9059
f 9322 692 628
f 2123 1418 2126
f 1365 1368 1367
f 3346 3344 3343
f 1581 1782 1783
f 9013 2129 8964
f 8999 2002 8965
f 3146 2551 3147
f 9203 3147 9202
f 9194 3146 9203
f 3149 2585 3146
f 3196 3197 3195
f 9056 2191 9075
f 3142 2556 2560
f 9229 3150 3142
f 9098 2550 9045
f 3150 2555 2556
f 9230 3151 3150
f 9240 3152 9098
f 3153 2551 2549
f 3152 2549 2550
f 9233 3153 3152
f 9228 3147 3153
f 3148 2206 2205
f 2183 2321 2184
f 2132 2928 2133
f 3299 3321 3319
f 9136 2204 2203
f 9171 2197 9173
f 2594 2773 2951
f 2595 2951 2772
f 1870 799 1869
f 3257 3259 3258
f 9165 2178 9158
f 9158 9188 9242
f 336 9226 9174
f 339 3154 336
f 9241 3149 9194
f 9135 2584 3149
f 2963 3048 3047
f 9174 337 336
f 339 2566 2586
f 3156 2168 2167
f 2610 2167 2611
f 2954 3156 2610
f 3157 2953 2257
f 9159 2169 9161
f 2567 3159 2568
f 337 2567 338
f 9182 2166 9159
f 9216 1983 9217
f 2579 3081 2576
f 2568 3160 2579
f 9161 2190 9216
f 3065 3162 3161
f 3161 1984 2189
f 3157 2189 2168
f 2257 3161 3157
f 734 1922 806
f 3059 2708 3163
f 3163 2182 1985
f 3162 1985 1984
f 3062 3163 3162
f 3203 3205 3204
f 3806 3808 3807
f 2122 1448 1447
f 9269 1685 9264
f 139 444 69
f 1570 566 533
f 2957 3165 3036
f 2955 3164 2957
f 1912 341 1973
f 3130 3124 3134
f 1548 319 1547
f 1949 1327 1887
f 2969 3078 3167
f 3167 3169 3168
f 9176 2017 9172
f 9172 2033 9211
f 3168 3165 3170
f 3170 3164 3171
f 9231 3171 9208
f 9176 3170 9231
f 3171 3166 3172
f 3172 3071 3173
f 9204 3173 9201
f 9208 3172 9204
f 3169 3036 3165
f 2593 2962 2594
f 3173 2609 3174
f 3174 2199 2198
f 9235 2198 9171
f 9201 3174 9235
f 2190 1984 1983
f 2196 2767 3148
f 3326 3328 3327
f 2119 1414 1448
f 1464 1466 1465
f 2199 3069 2200
f 2457 2587 2565
f 2226 2562 2966
f 481 1627 1639
f 333 235 236
f 3078 3037 3169
f 3040 2997 2263
f 3351 3262 3263
f 2219 1933 2220
f 2385 2497 2503
f 221 3175 2484
f 2220 3143 3175
f 3175 2976 2975
f 2484 2975 2982
f 2954 3166 2955
f 2630 110 2982
f 1547 1952 1955
f 2091 2188 2187
f 9185 2178 2177
f 1918 1927 1926
f 9007 111 8955
f 3398 3400 3399
f 955 960 954
f 2037 112 9007
f 3143 2981 2976
f 2218 2214 2215
f 672 9239 8985
f 2152 3014 2037
f 1147 1143 1145
f 2248 1409 2245
f 1615 1635 1616
f 1410 2246 2247
f 3486 3487 3310
f 3468 3502 3501
f 3451 3452 3450
f 3177 1383 1382
f 2238 3176 1382
f 3176 2230 3178
f 1410 3179 1407
f 3179 2243 1407
f 1633 2800 2249
f 3816 3817 3814
f 1621 2758 2912
f 3642 3662 3675
f 3422 3260 3257
f 1622 2245 1634
f 2236 3181 3182
f 3793 3795 3794
f 3493 3495 3494
f 2237 3182 3183
f 3513 3515 3514
f 2250 2233 2229
f 3654 3667 3802
f 2912 1628 1621
f 3819 3821 3820
f 3432 3823 3431
f 135 1564 1563
f 1567 512 1565
f 1085 2653 2685
f 3184 868 3056
f 869 3057 934
f 3389 3387 3386
f 1266 1098 1312
f 1267 722 721
f 937 2646 936
f 2146 722 2147
f 2211 921 2667
f 1957 507 449
f 1313 2264 3040
f 1496 1493 1492
f 2681 2705 2682
f 2887 2933 2932
f 1687 1659 1694
f 145 1498 81
f 1317 1319 2694
f 3831 3830 3834
f 37 418 71
f 1935 3185 2977
f 104 301 103
f 2101 2083 2084
f 543 360 207
f 1934 3186 3185
f 234 212 237
f 9297 1822 1824
f 3825 3827 3826
f 1976 1874 1974
f 223 2219 220
f 9107 9057 9064
f 468 773 2165
f 3673 3659 3672
f 1935 1728 1932
f 3490 3840 3549
f 3362 3848 3847
f 3862 3864 3863
f 3465 3484 3868
f 3893 3525 3874
f 3352 3430 3431
f 3869 3871 3870
f 3529 3567 3564
f 3420 3922 3921
f 3304 3236 3303
f 3929 3931 3930
f 3324 3327 3561
f 3219 3939 3331
f 3220 3937 3219
f 3450 3376 3439
f 3942 3833 3941
f 3215 3454 3945
f 3946 3215 3945
f 3422 3948 3421
f 3950 3198 3196
f 3205 3957 3920
f 3261 3961 3288
f 3852 3964 3963
f 3214 3946 3958
f 3965 3214 3192
f 3797 3799 3798
f 3988 3990 3989
f 3777 3806 3822
f 3855 3447 3444
f 3737 3800 3736
f 3949 3952 3948
f 3651 3783 4000
f 4001 3787 3812
f 4019 4021 4020
f 4027 4029 4028
f 3258 4030 4027
f 4033 4035 4034
f 3424 4047 4046
f 3242 4058 4057
f 3970 3547 3971
f 3829 4057 3825
f 3333 3947 4060
f 4063 4065 4064
f 4073 4075 4074
f 3568 3443 3448
f 3981 3335 4050
f 3540 3862 3539
f 4078 4031 4032
f 3565 4088 3993
f 3442 4089 4082
f 4092 4094 4093
f 4093 4097 4096
f 3619 3623 3624
f 3660 3821 3807
f 3809 3649 3808
f 3610 3655 3613
f 3656 3623 3657
f 3621 3804 3620
f 3503 3481 3504
f 3436 3438 3437
f 3356 3427 3353
f 3628 3669 3633
f 3734 4002 3733
f 3276 3370 3369
f 3763 4107 3762
f 4006 3754 3755
f 3747 3752 3746
f 3863 4110 3992
f 3994 4003 3501
f 3653 3664 3652
f 3296 4115 3295
f 4117 4119 4118
f 3249 3251 3250
f 4127 4129 4128
f 3478 3903 3867
f 3410 3921 3922
f 3977 4038 3976
f 3216 3453 3454
f 3967 3548 3966
f 4140 4032 4039
f 3509 4149 3916
f 4151 3659 3587
f 4153 3656 3671
f 4153 3646 3672
f 4156 3645 4155
f 4139 4078 4140
f 3743 4163 4162
f 3861 3987 4166
f 3468 4067 3467
f 3306 3980 3835
f 4172 4010 4024
f 4169 3836 3835
f 4187 4189 4188
f 4213 4215 4214
f 4220 4222 4221
f 4225 4211 4204
f 4230 4232 4231
f 4240 4242 4241
f 3606 3608 3607
f 4250 4252 4251
f 4258 4260 4259
f 4077 4079 4078
f 4276 4278 4277
f 4308 4263 4309
f 4017 3872 3869
f 3196 3951 3950
f 4316 4270 4271
f 3870 4307 3869
f 4324 4326 4325
f 4333 4247 4244
f 4338 4340 4339
f 4348 4350 4349
f 4283 4289 4286
f 4356 4358 4357
f 4359 4020 4358
f 4362 4196 4197
f 4320 4279 4276
f 4370 4296 4371
f 4377 4303 4249
f 4231 4201 4178
f 4203 4331 4381
f 4037 4039 4038
f 4371 4386 4370
f 4387 4347 4314
f 3309 3294 3310
f 4099 3724 3818
f 4355 3257 4313
f 3630 3693 3627
f 4277 4302 4390
f 4350 4319 4349
f 4353 4351 4348
f 3637 3639 3638
f 4394 3827 3320
f 3311 4399 4398
f 3755 4005 4006
f 4363 4259 4260
f 3454 3919 3920
f 3446 3459 3458
f 4298 4404 4406
f 3749 3769 3766
f 3791 3756 3792
f 3643 3684 3640
f 3845 3399 3400
f 4313 3258 4312
f 4411 4408 4412
f 3843 4423 3842
f 4214 4329 4328
f 4431 4433 4432
f 3918 3798 3799
f 3927 3388 3389
f 4453 3874 3873
f 4138 4457 4456
f 3346 4459 3345
f 4100 4108 4107
f 3974 3976 3975
f 3665 3652 3664
f 3773 3993 3992
f 3945 3920 3957
f 4144 4462 4461
f 4464 4466 4465
f 3268 4479 3267
f 4484 4136 4485
f 3348 4487 3347
f 3313 3912 3913
f 3803 3617 3802
f 4086 3510 4087
f 4034 3305 4033
f 3403 4171 4489
f 4481 4492 4491
f 4177 4179 4178
f 4398 3923 3311
f 4451 4494 4450
f 4501 4076 4502
f 4509 4506 4503
f 3304 4462 4517
f 4485 3312 4484
f 3419 3349 4064
f 4356 4385 4305
f 4026 4358 4020
f 4354 4357 4358
f 3599 4091 4090
f 4341 4254 4274
f 4251 4524 4335
f 3482 3484 3483
f 3843 3544 4085
f 4295 4274 4294
f 4381 4206 4203
f 4204 4531 4225
f 4533 4535 4534
f 4542 4544 4543
f 4546 4548 4547
f 4573 4547 4548
f 4575 4577 4576
f 4221 4580 4220
f 4587 4589 4588
f 4328 4589 4214
f 4187 4563 4332
f 4595 4593 4591
f 4597 4604 4596
f 4609 4611 4610
f 4620 4622 4621
f 4612 4614 4613
f 4636 4600 4637
f 4649 4650 4648
f 4652 4654 4653
f 4662 4664 4663
f 4666 4668 4667
f 4637 4685 4684
f 4627 4700 4626
f 4684 4636 4637
f 4663 4661 4662
f 4699 4697 4696
f 4647 4703 4702
f 4709 4603 4710
f 4724 4726 4725
f 4742 4744 4743
f 3311 3924 3314
f 4698 4758 4679
f 4749 4609 4610
f 4342 4344 4343
f 4797 4799 4798
f 4490 3974 4143
f 4019 4306 3870
f 4512 4514 4513
f 3991 4508 4507
f 4692 4694 4693
f 4680 4818 4810
f 4821 4824 4823
f 4367 4243 4240
f 4833 4831 4830
f 4837 4757 4754
f 4332 4562 4561
f 4683 4819 4682
f 4845 4850 4849
f 4751 4752 4669
f 4854 4695 4692
f 4858 4718 4857
f 4822 4859 4824
f 4674 4647 4675
f 4771 4773 4772
f 4726 4537 4540
f 4714 4719 4715
f 4633 4688 4687
f 4616 4618 4617
f 4686 4842 4841
f 4869 4708 4629
f 3502 3528 3529
f 4777 4737 4745
f 4734 4779 4873
f 4883 4663 4664
f 4375 4274 4275
f 4290 4335 4524
f 4799 4826 4825
f 4816 4812 4810
f 4778 4732 4659
f 4158 4160 4159
f 4195 4197 4196
f 3860 4166 4167
f 3758 3763 3764
f 3694 4157 4156
f 4249 4391 4377
f 3467 3469 3468
f 4209 4211 4210
f 4142 4144 4143
f 3615 3617 3616
f 3479 3536 3535
f 4883 4672 4886
f 4802 4642 4643
f 3698 3638 3683
f 4105 3726 3730
f 4848 4896 4895
f 4878 4744 4837
f 4610 4748 4749
f 4036 4489 4035
f 4355 4314 4347
f 4171 4049 4048
f 3875 3216 3217
f 4868 4863 4864
f 4623 4691 4622
f 3629 4155 4154
f 4654 4898 4683
f 4012 4014 4013
f 4902 4866 4867
f 4768 4908 4906
f 4370 4385 4384
f 4888 4914 4913
f 3546 3917 3916
f 4932 4931 4919
f 3625 4151 4150
f 3804 3670 3657
f 3816 4103 4101
f 4911 4887 4912
f 4928 4927 4929
f 4925 4927 4921
f 3655 3666 3654
f 4932 4910 4911
f 4937 4912 4913
f 4939 4942 4941
f 4228 4530 4381
f 4946 4942 4947
f 4938 4923 4937
f 4942 4937 4947
f 4951 4930 4928
f 4955 4928 4954
f 4748 4615 4749
f 4914 4847 4956
f 4824 4584 4856
f 4940 4941 4943
f 4916 4960 4917
f 4909 4891 4862
f 4971 4968 4949
f 4966 4948 4944
f 4962 4953 4965
f 4940 4924 4939
f 4831 4917 4895
f 4935 4925 4924
f 4275 4261 4258
f 4679 4791 4678
f 4016 4373 4376
f 4668 4766 4795
f 4539 4727 4845
f 4929 4936 4933
f 4607 4882 4881
f 4775 4801 4802
f 4801 4742 4774
f 4732 4611 4733
f 4985 4983 4982
f 4534 4562 4533
f 4847 4645 4848
f 4788 4619 4616
f 4787 4678 4791
f 4657 4605 4597
f 4994 4878 4837
f 5006 5008 5007
f 5001 4973 4988
f 4814 4619 4785
f 5014 4974 5012
f 5003 4972 4973
f 5019 5007 5018
f 5024 5017 5025
f 5036 5035 5032
f 4990 4975 4972
f 5045 5034 5044
f 5048 5034 5035
f 5025 5014 5026
f 5046 5043 5031
f 5051 5055 5054
f 5044 5060 5059
f 5011 5021 5020
f 5013 5068 5012
f 5028 5072 5029
f 5077 5064 5065
f 5065 5079 5077
f 5083 5080 5060
f 5063 5080 5065
f 5054 5071 5078
f 4602 4711 4851
f 5058 5083 5053
f 4982 4792 4793
f 5041 5045 5061
f 3909 3278 3250
f 3471 3473 3472
f 5002 4994 4995
f 5060 5067 5059
f 4892 4862 4891
f 4891 4884 4892
f 4996 5003 5001
f 4997 5005 5000
f 4813 4614 4829
f 4618 4827 4613
f 5089 5093 5092
f 3303 3305 3304
f 5100 5102 5101
f 5107 5109 5108
f 5110 5092 5114
f 4610 4734 4874
f 5112 5100 5084
f 5088 5090 5089
f 5119 5117 5116
f 5092 5096 5089
f 3826 3829 3825
f 5108 5102 5126
f 5100 5087 5084
f 5118 5133 5138
f 3783 3690 3784
f 4444 4446 4445
f 5151 5150 5152
f 4790 4617 4813
f 4332 4190 4187
f 3266 4451 4448
f 3211 3332 3946
f 4741 4760 4652
f 4775 4777 4776
f 4764 4691 4766
f 4489 4048 4490
f 4466 4511 4497
f 4518 3930 4514
f 4786 4791 4807
f 4980 4984 4977
f 5144 5150 5143
f 5159 5148 5158
f 5121 5120 5114
f 5169 5162 5165
f 5016 4979 5017
f 5123 5179 5122
f 5181 5140 5183
f 5175 5184 5141
f 4575 4586 4534
f 4984 4976 4977
f 4596 4598 4597
f 5182 5183 5186
f 4785 4787 4786
f 5137 5122 5179
f 5167 5180 5181
f 4835 4898 4897
f 4687 4726 4633
f 4176 4170 4398
f 4760 4655 4652
f 4681 4649 4646
f 5121 5132 5131
f 5171 5178 5170
f 5174 5191 5176
f 5169 5194 5164
f 4909 5095 4907
f 5105 5112 5113
f 4767 5126 4803
f 5201 5205 5204
f 5219 5217 5216
f 5229 5200 5209
f 5234 5236 5235
f 4069 4071 4070
f 4724 4717 4713
f 5108 4768 5107
f 5103 5126 5102
f 5227 5211 5226
f 5015 4884 4885
f 4997 4892 4884
f 5197 5215 5214
f 5241 5247 5246
f 5013 5019 5018
f 5205 5232 5204
f 4969 4971 4970
f 5239 5249 5248
f 4808 5225 4809
f 5216 5199 5196
f 5253 5242 5254
f 5235 5255 5256
f 5135 5157 5134
f 5264 5267 5266
f 5245 5215 5242
f 5260 5269 5267
f 5264 5274 5265
f 5154 5173 5142
f 5287 5278 5288
f 5256 5300 5257
f 5173 5176 5175
f 4631 4629 4628
f 4781 4783 4782
f 5309 5311 5310
f 5155 5144 5145
f 4826 4827 4825
f 5291 5308 5293
f 5310 5281 5286
f 5311 5308 5288
f 4036 4176 4175
f 4641 4704 4702
f 5220 4804 5223
f 4770 5207 4905
f 5188 5175 5176
f 5180 5129 5140
f 4626 5314 5313
f 4731 5315 5317
f 5222 5210 5221
f 4728 5316 5315
f 5230 5216 5196
f 5297 5240 5241
f 5204 5208 5201
f 5318 4864 5319
f 5273 5287 5289
f 5221 5219 5230
f 4700 5321 5314
f 5313 5328 5329
f 5157 5154 5142
f 5275 5263 5265
f 5324 5318 5325
f 5323 5331 5328
f 5343 5345 5344
f 5306 5286 5282
f 5278 5311 5288
f 4882 5320 5316
f 5109 5114 5120
f 5123 5130 5129
f 5299 5284 5298
f 5240 5199 5241
f 5229 5197 5214
f 5305 5292 5293
f 5233 5225 5243
f 5192 5194 5193
f 5104 4670 4746
f 5146 5160 5145
f 5337 5347 5338
f 5347 5341 5332
f 5353 5335 5352
f 5349 5354 5352
f 5355 5357 5354
f 5358 5360 5359
f 5355 5348 5360
f 5342 5365 5364
f 5345 5362 5344
f 5332 5367 5331
f 5372 5315 5316
f 5370 5366 5369
f 5361 5354 5357
f 5364 5368 5367
f 5369 5362 5370
f 5316 5330 5372
f 5373 5371 5372
f 5341 5364 5332
f 5374 5359 5373
f 5329 5375 5330
f 5377 5379 5378
f 5377 5331 5367
f 5380 5367 5368
f 5363 5370 5362
f 5357 5374 5381
f 5381 5361 5357
f 4814 4825 4827
f 4825 4816 4799
f 4806 4747 4805
f 5119 5131 5118
f 4696 4893 5387
f 4696 5390 4699
f 5213 5388 5387
f 5393 5388 5394
f 5380 5384 5379
f 5213 4893 5212
f 4813 4908 4790
f 5390 4693 4694
f 5294 5287 5295
f 5184 5186 5183
f 5285 5253 5254
f 4769 4790 4908
f 5327 5359 5360
f 4598 4690 4656
f 4608 4733 4611
f 4627 4609 4839
f 4596 4851 4711
f 4900 4706 4707
f 4668 5395 4667
f 4863 4639 4601
f 5392 4666 4667
f 4872 4651 4807
f 4807 4758 4872
f 5348 5325 5326
f 5176 5190 5188
f 5046 5022 5023
f 4853 4869 4870
f 5346 5363 5362
f 4709 4620 4599
f 4672 4904 4886
f 4680 4651 4649
f 4841 4688 4686
f 4823 4818 4821
f 4729 4602 4851
f 4881 4851 4604
f 5360 5326 5327
f 4852 4707 4869
f 4890 4669 4666
f 5392 5389 5393
f 5189 5186 5187
f 4881 4605 4607
f 5343 5369 5366
f 4607 4625 4882
f 5056 5052 5057
f 4850 4798 4894
f 3260 5398 3259
f 4855 4899 4871
f 5339 5366 5342
f 4789 4808 4677
f 5400 3948 3952
f 3872 4046 3871
f 4018 3424 3872
f 4025 4172 4024
f 4011 4024 4010
f 4065 3900 3901
f 3413 4013 3412
f 5056 5069 5070
f 5055 5070 5071
f 4062 5399 4061
f 5269 5294 5268
f 4685 4903 4846
f 5254 5240 5296
f 4606 4658 4733
f 4729 4882 4728
f 4030 4043 4029
f 4664 4753 4883
f 3575 3904 3903
f 3413 3922 3426
f 4949 4955 4934
f 4947 4913 4914
f 4849 4894 4856
f 4143 3975 4142
f 4912 4932 4911
f 3774 3995 3994
f 3956 3342 4168
f 4871 4758 4759
f 4270 4272 4271
f 4039 5400 4140
f 3555 5402 3554
f 5403 3906 3907
f 3908 3823 3907
f 4124 5408 5407
f 3901 4046 4047
f 4120 5410 5409
f 4124 4125 4123
f 5420 5404 5421
f 5424 5425 3557
f 3400 5428 3845
f 5432 5435 3226
f 4941 4945 4944
f 4935 4949 4934
f 3895 3897 3896
f 5426 4121 5418
f 5430 3906 5420
f 4045 5398 4062
f 5395 5392 4667
f 4846 4701 4840
f 4880 4710 4879
f 4624 4608 4609
f 4656 4662 4661
f 5305 5309 5304
f 5220 5222 5221
f 4230 4327 4324
f 5030 5028 5027
f 5213 5211 5210
f 5440 3269 5441
f 4396 3980 5444
f 5447 3244 3241
f 3328 5451 5396
f 4208 4248 4207
f 4599 4621 4598
f 4528 4391 4208
f 4529 4199 4207
f 4526 4339 4528
f 4256 5452 4532
f 4532 4241 4242
f 3834 5446 3831
f 5443 5444 4050
f 4530 4334 4206
f 4754 4904 4837
f 4229 4381 4331
f 4205 4383 4531
f 4892 4987 4861
f 4039 3976 4038
f 4738 4796 4741
f 4833 4897 4832
f 4232 4200 4201
f 4194 4241 4193
f 4889 4750 4748
f 4194 4365 4368
f 4531 4195 4238
f 5043 5062 5031
f 4182 4561 4180
f 5446 3241 3831
f 5237 5248 5236
f 4206 4382 4205
f 5210 5218 5219
f 3426 3417 3425
f 4216 4192 4215
f 4219 4184 4185
f 4180 4380 4179
f 4327 4591 4326
f 4223 4231 4222
f 4215 4360 4329
f 4186 4218 4185
f 4190 4209 4189
f 4223 4595 4327
f 4326 4328 4329
f 4366 4568 4186
f 4570 4549 4569
f 4579 4548 4570
f 4563 4533 4562
f 4583 4220 4580
f 4586 4561 4562
f 4239 4363 4243
f 4572 4567 4564
f 4536 4585 4535
f 4538 4566 4541
f 4536 5453 4538
f 3573 3983 3316
f 5427 3552 3556
f 4553 4588 4552
f 4593 4555 4592
f 4368 4183 4227
f 4361 4235 4236
f 4233 4527 4232
f 4233 4324 4237
f 4212 4330 4331
f 4237 4325 4236
f 4193 5452 4361
f 4983 4885 4792
f 5002 4986 4993
f 5074 5076 5075
f 4698 5391 4759
f 5391 5390 4694
f 4871 4650 4872
f 4546 4543 4544
f 4553 4901 4574
f 4552 4555 4556
f 5223 4805 5394
f 5386 5383 5363
f 5317 5371 5327
f 3240 4429 3377
f 5384 5381 5379
f 3938 3218 3937
f 3942 5455 5454
f 5361 5386 5356
f 4542 4541 4545
f 3910 5420 3428
f 3939 4060 3940
f 3851 5351 5454
f 3838 3556 3837
f 4547 4857 4546
f 5442 4050 3335
f 3385 5428 5429
f 4257 4235 4256
f 5312 4893 4809
f 4212 4204 4211
f 3854 5461 4392
f 4226 4210 4211
f 4202 4178 4201
f 3316 3897 3315
f 5464 4432 4433
f 5465 3883 4432
f 4472 4449 4450
f 4501 4450 4494
f 4074 4080 4077
f 5473 5401 4173
f 4173 5475 5473
f 3432 3520 5413
f 3462 5504 3461
f 4075 4494 4080
f 5482 3387 3392
f 5468 5470 5469
f 3427 5422 3523
f 4498 4487 3386
f 5403 5414 4128
f 3382 5522 3873
f 3492 5511 3491
f 3429 3517 3520
f 3873 5524 4453
f 5480 3350 3347
f 3477 5505 3462
f 4507 5544 4475
f 4396 5551 4051
f 3374 5553 3373
f 3373 5554 3390
f 5479 4063 3350
f 3390 5555 3393
f 5531 5566 5565
f 3368 5567 3367
f 5556 5560 5559
f 3393 5557 5556
f 4433 5463 5464
f 5464 5458 5456
f 4435 4439 3380
f 4055 3277 3274
f 3273 3911 3370
f 3395 3358 3394
f 5486 4071 5484
f 5526 4453 5524
f 5525 5569 5566
f 5568 3527 5567
f 3527 3847 3366
f 3365 3849 5462
f 5462 3850 5459
f 4435 5571 4430
f 3378 3943 3944
f 5573 5577 5574
f 4438 3943 3379
f 5477 5579 5476
f 5582 5580 5579
f 5583 5581 5584
f 5586 5588 5587
f 4074 5586 4073
f 5583 5474 5473
f 4507 5590 3991
f 5573 4522 4520
f 3989 5596 3988
f 5594 3407 5593
f 4436 5572 5571
f 5591 3991 5590
f 4507 4476 5589
f 3990 5587 5588
f 5578 3406 5577
f 5595 5584 5581
f 5484 3358 5486
f 4441 5467 3882
f 5472 4077 4139
f 5522 5570 5524
f 5486 3353 3524
f 5481 3386 3387
f 3475 5492 3518
f 5476 3899 5477
f 5540 5606 5603
f 5542 5603 5607
f 5608 5542 5607
f 5608 5545 5544
f 5607 5609 5545
f 5599 5548 5612
f 5598 5543 5608
f 5595 5593 5596
f 5588 3989 3990
f 5626 3266 5627
f 5627 4448 5628
f 5469 4469 5468
f 4515 5625 4491
f 4503 4474 4509
f 4481 5627 4480
f 4500 5469 5470
f 3414 5466 5465
f 5594 5581 5582
f 3376 4430 5571
f 3444 3941 3855
f 5572 3444 3445
f 4273 4287 4272
f 4345 4357 4344
f 4386 4305 4385
f 4517 4463 5625
f 4352 4319 4379
f 4352 4251 4336
f 4268 4390 4388
f 4264 4320 4323
f 4346 4282 4283
f 4337 4343 4344
f 4289 4245 4288
f 4303 4287 4288
f 4343 4291 4342
f 4284 4244 4289
f 4375 4291 4294
f 4379 4271 4272
f 4337 4348 4336
f 4524 4295 4290
f 4364 4197 4279
f 4285 4390 4302
f 5206 5208 5207
f 4297 4371 4296
f 4346 4286 4273
f 4285 4333 4284
f 3571 4395 5460
f 5341 5339 5342
f 5346 5334 5335
f 5269 5273 5289
f 4510 5609 5610
f 4509 5545 5609
f 4445 5611 5546
f 5566 5568 3368
f 5349 5338 5348
f 5489 3401 3398
f 5565 3368 3338
f 5496 5417 5630
f 5523 3383 5634
f 5325 5347 5324
f 5523 5599 5522
f 5429 3401 5633
f 3887 5631 5630
f 5634 5600 5523
f 5276 5279 5277
f 5298 5257 5300
f 5087 5085 5084
f 3361 5612 5548
f 5041 5066 5040
f 5487 3383 3384
f 5101 5130 5100
f 5299 5300 5303
f 5333 5335 5334
f 5302 5304 5303
f 5234 5216 5217
f 5301 5255 5258
f 4868 5322 4867
f 5281 5277 5279
f 5323 5322 5324
f 5298 5296 5297
f 4885 4750 4792
f 5231 5196 5197
f 4625 5313 5320
f 5111 5085 5098
f 5600 5549 5548
f 5531 5563 5527
f 5165 5182 5189
f 5283 5285 5284
f 4269 4277 4268
f 5610 5603 5606
f 5127 5091 5128
f 4907 5125 4906
f 5277 5272 5262
f 5596 5592 5598
f 5212 5226 5211
f 5273 5262 5272
f 5302 5258 5292
f 5635 5645 5640
f 4250 4379 4378
f 4485 3405 3402
f 4354 4023 4351
f 4265 4304 4386
f 4388 4282 4387
f 4345 4384 4385
f 4362 4297 4259
f 4836 4612 4828
f 4360 4236 4325
f 4369 4237 4234
f 5647 3986 3573
f 5650 3192 3189
f 5337 5336 5333
f 4467 4477 4466
f 4253 4340 4252
f 4429 5457 4428
f 3997 3915 3540
f 5535 3839 3982
f 5538 4460 4456
f 3439 5571 3438
f 5570 5526 5524
f 3438 5572 3445
f 4440 3879 3876
f 3440 4407 3449
f 3886 5695 5694
f 5534 5396 5451
f 5685 3471 5684
f 4278 4301 4302
f 5628 4449 5469
f 3579 3538 3578
f 4480 5628 4500
f 4402 5517 5518
f 4279 4198 4278
f 3603 3532 3602
f 3580 4088 4090
f 4095 3531 4094
f 5248 5251 5250
f 3778 3999 3776
f 4617 4613 4614
f 4375 4372 4519
f 3411 4136 3410
f 5094 5111 5097
f 3602 3535 3605
f 4023 4350 4351
f 4349 4336 4348
f 3605 3536 3592
f 4469 4471 4470
f 4094 3593 4097
f 4248 4245 4246
f 3519 5518 5517
f 5254 5284 5285
f 4852 4795 4766
f 4265 5629 4264
f 5632 5503 5631
f 3604 3612 3601
f 5549 5502 3360
f 3653 3607 3661
f 4780 4873 4779
f 4988 4979 4976
f 4491 5626 4481
f 4837 4995 4994
f 4615 4765 4749
f 5468 4470 4504
f 3514 3467 3513
f 5491 4409 5679
f 4093 3619 4092
f 4364 5629 4297
f 3488 5509 3487
f 5606 5611 5610
f 4210 4189 4209
f 4600 4602 4601
f 5242 5198 5240
f 5073 5075 5072
f 5651 3940 4060
f 3996 3775 3998
f 5200 5202 5201
f 5525 5527 5526
f 3364 4434 3363
f 3775 3542 3581
f 3941 5485 3855
f 3731 4105 3730
f 4997 4999 4998
f 4508 5608 5544
f 4101 3818 3816
f 3728 4103 3727
f 4591 4592 4328
f 4539 4538 4537
f 4550 4552 4551
f 4541 4567 4545
f 4389 4570 4568
f 4582 4580 4576
f 4976 4978 4977
f 4705 4707 4706
f 4797 4843 4844
f 3713 3730 3726
f 4675 4702 4704
f 4977 4981 4980
f 4810 4817 4816
f 4786 4812 4785
f 4715 4628 4714
f 4978 5021 4981
f 5010 5006 4991
f 3722 4162 4161
f 4558 4560 4559
f 4568 4569 4218
f 4584 4535 4585
f 4641 4715 4716
f 5026 5012 5068
f 4776 4745 4742
f 4714 4712 4713
f 4982 5001 4985
f 4576 4560 4582
f 4564 4566 4565
f 5069 5018 5029
f 5057 5048 5047
f 4810 4811 4680
f 3710 3786 3709
f 4991 4999 5010
f 5011 5010 5004
f 5008 5022 5027
f 5066 5063 5040
f 5047 5024 5025
f 5050 5051 5053
f 5023 5016 5024
f 5045 5059 5061
f 5047 5026 5057
f 3711 3724 3721
f 5048 5037 5047
f 5042 5063 5062
f 5058 5051 5054
f 5036 5046 5037
f 3715 3700 3714
f 5235 5257 5246
f 3732 3704 3702
f 5030 5062 5064
f 5020 5023 5022
f 5263 5261 5260
f 5049 5044 5034
f 5236 5250 5255
f 5031 5027 5022
f 5043 5039 5042
f 5320 5329 5330
f 5049 5052 5051
f 5326 5317 5327
f 3264 3288 3285
f 5264 5263 5260
f 4998 4992 4987
f 5009 5020 5008
f 5036 5039 5038
f 5032 5034 5033
f 4355 3949 3422
f 4269 4374 4323
f 4253 4378 4303
f 4525 4252 4340
f 3960 4111 3866
f 4372 4258 4296
f 5681 5673 5675
f 4378 4272 4287
f 4270 4346 4273
f 3244 5644 5643
f 4899 4648 4650
f 3734 3702 3810
f 4138 3343 4137
f 4192 4361 4360
f 3813 3812 3810
f 3817 3696 3814
f 5668 5682 5674
f 5690 5687 5684
f 5499 5700 5517
f 3999 3820 3577
f 3745 4102 4106
f 5684 3472 5690
f 5702 3860 5703
f 5712 5693 5670
f 3249 4393 3572
f 5695 5715 5694
f 5694 5716 5696
f 5719 5601 5602
f 4918 4950 4952
f 4774 4743 4773
f 3844 5605 3735
f 5505 4411 5504
f 3583 3585 3582
f 3710 4157 4160
f 5513 4417 5508
f 5704 4146 5709
f 4141 4062 4049
f 5669 5688 4410
f 3898 5653 5450
f 5718 3972 5719
f 5684 5686 5685
f 3917 5717 3512
f 3463 5662 5660
f 5492 5680 5491
f 4931 4950 4919
f 5665 3441 5663
f 3788 3740 3790
f 3501 3529 3994
f 3569 3477 3308
f 5516 5727 5515
f 3564 3566 3565
f 3892 5406 3889
f 3962 5407 3961
f 4126 4123 4125
f 4116 3287 5411
f 3892 5630 5417
f 3824 5413 5414
f 4408 5680 4412
f 3969 3978 5402
f 4408 3449 4407
f 4414 3449 4413
f 3962 3262 4125
f 4425 5616 4321
f 4418 5727 4419
f 5716 5575 5696
f 5719 5717 5718
f 5698 5692 5697
f 3880 4166 3987
f 5652 5520 5619
f 5621 4167 4166
f 5679 4410 5688
f 3210 3355 5618
f 5622 5451 5657
f 5416 5497 5624
f 5729 5731 5730
f 5733 3761 3758
f 5735 5737 5736
f 5750 5751 5734
f 5744 5740 5741
f 5744 3753 5746
f 5753 5730 5731
f 5757 5736 5737
f 5731 5765 5753
f 5774 5776 5775
f 5790 5792 5791
f 5796 5787 5797
f 5817 5819 5818
f 5828 5830 5829
f 3725 3751 3747
f 4874 4873 4875
f 4700 4903 4902
f 4740 4876 4739
f 3199 3201 3200
f 4100 4099 4101
f 3749 4108 3748
f 3695 3712 3692
f 3378 3380 3379
f 5504 4412 5507
f 4405 5518 5699
f 5838 5835 5836
f 4705 4712 4708
f 5832 5828 5833
f 5697 5678 5698
f 3791 4005 3790
f 5848 5794 5850
f 3714 3701 3704
f 3995 4042 3890
f 3329 3224 3222
f 4005 3705 4004
f 4551 4763 4550
f 5855 5808 5856
f 5851 5792 5852
f 5803 5858 5847
f 5844 5840 5845
f 5762 5743 5740
f 5808 5806 5807
f 4012 3426 3423
f 5558 3467 4067
f 4550 4720 4901
f 4950 4953 4952
f 3885 5694 5696
f 5705 4081 4082
f 5508 4415 5505
f 3745 3760 3744
f 5507 5680 5506
f 3592 3588 3591
f 3895 5658 5653
f 5613 5501 5549
f 3834 4393 4055
f 5527 4455 5526
f 5775 5809 5774
f 5766 5813 5810
f 5858 5812 5859
f 5855 5811 5858
f 5863 5819 5862
f 5826 5863 5829
f 5862 5833 5828
f 5870 5837 5845
f 5782 5831 5832
f 5868 5836 5873
f 5778 5843 5844
f 5866 5845 5840
f 5785 5867 5784
f 5790 5789 5793
f 5796 5794 5795
f 5821 5819 5820
f 5657 5620 5622
f 5793 5852 5792
f 5855 5801 5798
f 5853 5786 5796
f 5804 5802 5803
f 5827 5864 5822
f 5767 5821 5813
f 5854 5776 5777
f 5860 5818 5861
f 5782 5825 5785
f 5781 5844 5834
f 5810 5815 5816
f 5867 5830 5784
f 5809 5798 5799
f 5828 5863 5862
f 5865 5838 5868
f 5801 5802 5800
f 4086 3795 4149
f 5779 5842 5843
f 5827 5829 5830
f 5839 5869 5835
f 5814 5855 5856
f 5711 3859 5702
f 4958 4917 4960
f 5861 5821 5768
f 5863 5812 5820
f 5865 5823 5824
f 5873 5837 5871
f 5872 5842 5780
f 4089 3563 5704
f 3812 3785 3811
f 5770 5787 5788
f 5789 5847 5846
f 5793 5846 5849
f 4145 4146 3498
f 5848 5790 5791
f 3953 4009 3952
f 5748 5874 5747
f 4624 4626 4625
f 4665 4752 4664
f 4775 4779 4778
f 4746 4671 4747
f 4637 4601 4639
f 4828 4613 4827
f 4704 4762 4675
f 4843 4727 4687
f 4543 4725 4542
f 4731 4863 4730
f 4723 4558 4722
f 4842 4840 4838
f 4717 4857 4718
f 4865 4867 4866
f 5841 5866 5840
f 4725 4540 4542
f 4798 4816 4817
f 4632 4634 4633
f 4720 4715 4719
f 4642 4644 4643
f 3754 5874 5876
f 4860 4644 4847
f 4674 4722 4721
f 4808 4676 4677
f 4721 4822 4821
f 5876 5877 5746
f 4836 4840 4839
f 4658 4660 4659
f 4826 4800 4838
f 4877 4743 4744
f 4948 4971 4943
f 4875 4876 4889
f 4954 4934 4955
f 5773 5788 5790
f 5825 5833 5824
f 5834 5836 5835
f 5834 5845 5837
f 3359 3361 3360
f 5732 3756 3757
f 3394 3396 3395
f 3766 5741 5742
f 5774 5799 5777
f 5805 5857 5802
f 5813 5820 5812
f 3969 3964 3968
f 5667 5674 5666
f 5729 3792 3756
f 3770 5741 3769
f 4741 4739 4738
f 4689 4660 4661
f 5772 5787 5771
f 5735 3758 3764
f 5850 5773 5848
f 5617 3965 5650
f 5799 5854 5777
f 5875 5764 5879
f 5840 5842 5841
f 5861 5769 5860
f 5807 5853 5851
f 5869 5834 5835
f 3765 5739 5738
f 5882 5761 5759
f 5881 5887 5889
f 5895 5898 5897
f 5907 5906 5908
f 5909 5908 5910
f 4234 4526 4369
f 3912 3389 3914
f 5934 8730 8729
f 8730 5930 5931
f 4920 4922 4921
f 8845 8853 8851
f 4141 3404 4174
f 3733 3706 3731
f 8849 8848 8850
f 4234 4236 4235
f 8863 5919 8862
f 3733 4004 3705
f 5908 8859 8867
f 8865 8871 8870
f 8859 8863 8864
f 5927 5925 5928
f 5911 5904 5912
f 8878 8866 8879
f 5635 5637 5636
f 5745 5746 5877
f 3552 3554 3553
f 8857 8890 8875
f 5924 8860 5923
f 3553 3556 3552
f 5919 8861 8862
f 8869 8870 8891
f 8873 8878 8876
f 8856 8875 8874
f 8862 5889 5887
f 8846 8844 8843
f 8864 8866 8865
f 8729 8883 8884
f 8848 8887 8886
f 8878 5888 8893
f 8896 8855 8897
f 8853 8896 5885
f 8841 5882 5883
f 3489 3491 3490
f 8867 8864 8868
f 5910 8867 8898
f 5914 8898 8899
f 5916 8899 8900
f 5889 8860 5890
f 8876 8893 8894
f 5918 8900 8901
f 4424 5726 4423
f 8904 8900 8899
f 8909 8904 8905
f 8908 8903 8904
f 8869 8905 8868
f 3632 3667 3635
f 3687 3689 3688
f 3636 3681 3631
f 3664 3639 3665
f 4304 4306 4305
f 8909 8891 8910
f 3681 3695 3680
f 3758 3760 3759
f 3684 3700 3683
f 3721 3723 3722
f 3941 3943 3942
f 3738 3740 3739
f 3687 3709 3690
f 3238 3938 3220
f 4249 4288 4245
f 4499 3344 4464
f 4240 4368 4367
f 3453 3951 3919
f 4401 3547 3967
f 3950 3451 3436
f 3702 3701 3703
f 3725 3727 3726
f 3194 3208 3193
f 4034 4461 4462
f 3914 3913 3912
f 3483 3533 3482
f 3191 3957 3206
f 4292 3970 4293
f 3909 3428 3356
f 3959 3866 3867
f 4017 4309 4016
f 4316 4008 3953
f 4448 4450 4449
f 4414 4417 4416
f 3435 3351 3433
f 4413 4415 4414
f 3899 3901 3900
f 3780 3648 3809
f 3474 3886 3885
f 3958 3192 3214
f 3221 3935 4427
f 3905 3907 3906
f 3913 4486 3313
f 4420 4421 4085
f 3881 3883 3882
f 4004 3790 4005
f 4271 4318 4316
f 4259 4296 4258
f 3501 4066 3468
f 5897 5900 5899
f 5901 5904 5903
f 8854 8856 8855
f 3789 3786 3720
f 3651 3781 3782
f 5924 5901 5925
f 8870 8873 8872
f 8876 8874 8873
f 5912 5918 5911
f 3805 3799 3737
f 3369 3395 3396
f 3923 3925 3924
f 3916 3512 3509
f 3641 3801 3642
f 4276 4323 4320
f 4181 4331 4330
f 4428 3377 4429
f 3495 4321 4322
f 4436 3380 3381
f 4430 4437 4435
f 3945 3958 3946
f 4065 4047 3418
f 4495 3408 4496
f 8913 8915 8914
f 8911 8917 8916
f 8889 8923 8890
f 8919 8931 8921
f 8884 8918 8885
f 8922 8931 8925
f 5852 5909 5851
f 5866 5915 5917
f 8926 8914 8915
f 8914 8883 8913
f 8886 8921 8888
f 5846 5894 5891
f 5873 5900 5868
f 8893 5764 5754
f 8894 5754 5753
f 5890 5927 8936
f 5885 5755 5758
f 5871 5902 5873
f 5763 5883 5762
f 5880 8936 5763
f 4175 4398 4399
f 4274 4255 4275
f 8883 5931 8882
f 8868 8898 8867
f 3289 3247 3292
f 3858 5485 5921
f 8850 8886 8888
f 4116 5409 4115
f 3889 4127 5415
f 3678 8938 8937
f 8857 8888 8889
f 3979 3294 3295
f 4126 3431 3823
f 3651 3679 3650
f 3460 5921 3354
f 4084 3310 3487
f 8905 8899 8898
f 3561 5397 5656
f 3213 5528 5519
f 4191 4193 4192
f 5449 5532 5533
f 4142 4031 4479
f 4060 5652 5651
f 4480 4482 4481
f 5519 3212 3213
f 5657 3330 3940
f 4473 4475 4474
f 3514 5668 5667
f 5663 5669 5665
f 8881 5926 8880
f 5734 5749 5750
f 4788 4677 4678
f 3997 3538 3506
f 3551 3310 3294
f 3577 3998 3999
f 4893 4676 4809
f 4753 4671 4672
f 8729 8885 8843
f 3813 9021 8937
f 8938 3813 8937
f 8882 5929 8881
f 4098 3820 3821
f 3399 5416 3398
f 5494 5503 4403
f 5880 5878 5881
f 4986 4861 4987
f 4999 5004 5010
f 4985 4988 4976
f 5816 5766 5810
f 4372 4384 4519
f 5688 5692 5679
f 8903 8901 8900
f 8879 5887 5888
f 8902 8880 8901
f 5919 5895 5920
f 4519 4342 4291
f 8847 8854 8853
f 5925 5903 5926
f 4021 4523 4025
f 5678 5676 4406
f 4424 4085 4421
f 5701 3577 3820
f 5928 5926 5929
f 5000 4980 5004
f 9022 3545 4113
f 9024 5409 5410
f 4008 4010 4009
f 3931 4516 4513
f 3822 3807 3821
f 8851 8844 8845
f 5728 5509 5721
f 9025 4115 5409
f 5209 5201 5208
f 4820 4653 4682
f 3988 5598 4508
f 3370 3357 3395
f 5639 5641 5640
f 5592 4477 5543
f 3378 5572 3381
f 5625 3265 5626
f 5594 5577 3406
f 3302 5645 3301
f 3274 3278 3273
f 5207 5233 5243
f 5071 5072 5075
f 4815 4785 4812
f 4796 4643 4760
f 3243 5643 5648
f 5301 5303 5300
f 5431 5655 5654
f 5251 5244 5252
f 3353 3523 3524
f 4174 3405 3411
f 3546 4113 3545
f 4002 3788 4004
f 4196 4238 4195
f 3232 5647 3231
f 4373 4266 4310
f 4867 5321 4902
f 5648 4058 3243
f 4455 3893 4453
f 5593 4511 5592
f 5275 5252 5253
f 5252 5274 5251
f 4092 3624 3597
f 3723 3743 3722
f 4780 4802 4796
f 4059 3560 5425
f 4317 4347 4270
f 5188 5192 5187
f 5570 5612 5569
f 3385 5633 3384
f 3526 5569 5612
f 3576 3608 3590
f 3581 3594 3580
f 5239 5238 5232
f 5081 5083 5082
f 4369 4528 4527
f 4325 4329 4360
f 3569 3286 3336
f 9022 4112 5709
f 3661 3801 3653
f 5074 5030 5064
f 5064 5063 5065
f 3563 3498 4146
f 3961 4119 5411
f 4854 4870 4735
f 5018 5028 5029
f 5007 5027 5028
f 5040 5039 5041
f 3240 3875 3239
f 5070 5029 5072
f 3504 3866 4111
f 3537 3591 3588
f 5033 5039 5032
f 4710 4635 4879
f 5017 4989 5014
f 5024 5046 5023
f 4991 5019 4990
f 4587 4574 4573
f 4996 4793 4878
f 5066 5059 5067
f 5221 5231 5220
f 5068 5057 5026
f 3675 3643 3642
f 3663 3675 3662
f 4722 4559 4822
f 3579 3590 3591
f 3686 3677 3678
f 4422 3499 4419
f 5142 5138 5133
f 5078 5075 5076
f 3609 3590 3608
f 3288 5411 3287
f 5424 5410 3246
f 5152 5156 5172
f 3960 5709 4112
f 4946 4957 4958
f 3867 5705 3959
f 9026 4113 5710
f 5192 5189 5187
f 5161 5194 5171
f 3637 3682 3636
f 4392 3847 3848
f 3796 4149 3795
f 4104 3727 4103
f 3594 3993 4088
f 3796 4134 5710
f 3687 4156 4157
f 3760 4164 4165
f 4464 3345 4467
f 3485 3868 3484
f 3846 5423 4130
f 3409 4496 3408
f 3767 3765 3762
f 3711 4159 4160
f 3797 4087 3510
f 4072 5562 5560
f 4502 5590 5589
f 5408 9027 4118
f 5683 5714 5682
f 5702 4110 5711
f 5623 4148 4167
f 5428 3525 3522
f 3668 3802 3667
f 4000 8938 3679
f 4221 4179 4380
f 4267 4388 4315
f 3721 4161 4159
f 3903 5706 5705
f 3583 4090 4091
f 3894 3524 3525
f 4635 4636 4634
f 4173 4009 4010
f 4890 5393 5394
f 5290 5293 5292
f 5339 5337 5333
f 5458 4438 4439
f 3251 5430 3910
f 3252 5419 3251
f 3428 5421 3427
f 3571 5418 3252
f 4583 4554 4593
f 4239 4224 4238
f 3322 5450 5449
f 5309 5306 5304
f 4109 3748 4108
f 5707 3794 3795
f 5139 5183 5140
f 5271 5290 5259
f 5280 5282 5279
f 5110 5125 5115
f 5319 4731 5317
f 5334 5339 5333
f 5423 3523 5422
f 5376 5378 5375
f 4721 4646 4674
f 3719 4159 4161
f 4853 4692 4795
f 5373 5330 5375
f 4428 5456 4437
f 5376 5328 5331
f 3337 4434 4431
f 4692 5395 4795
f 5475 4523 5476
f 5478 4068 4522
f 5421 4129 5422
f 5374 5375 5378
f 5283 5306 5282
f 5246 5234 5235
f 5154 5150 5153
f 4458 5561 4457
f 5163 5158 5168
f 5381 5378 5379
f 3397 5484 5483
f 4457 5563 5537
f 5147 5150 5149
f 4474 5544 5545
f 5325 5319 5326
f 5223 5388 5222
f 5517 3521 3519
f 4499 3347 4487
f 5404 4128 4129
f 3476 5506 3475
f 4084 5515 4083
f 3900 5477 3899
f 5536 5547 5546
f 5491 5493 5492
f 5474 4139 5401
f 4063 4522 4068
f 4459 5541 5540
f 5548 3360 3361
f 5444 5550 4396
f 3888 5415 5412
f 5546 3339 4445
f 5536 5538 5537
f 3570 5508 3477
f 4471 5589 4476
f 4280 3359 5933
f 5499 4403 5503
f 5189 5169 5165
f 5543 4478 5542
f 4051 5552 3374
f 3461 5507 3476
f 4629 4870 4869
f 5106 4909 4862
f 5286 5279 5282
f 5462 3364 3365
f 3491 5514 3840
f 5224 5231 5229
f 4478 5540 5542
f 4099 3742 3723
f 4803 4805 4804
f 4130 5422 4129
f 4470 4476 4473
f 4924 4921 4922
f 4920 4927 4926
f 4993 4987 4992
f 4887 4913 4912
f 3894 4070 4071
f 5472 5585 5586
f 3508 4134 3507
f 3603 4096 4097
f 3772 3992 4110
f 5712 5671 5672
f 3739 4162 4163
f 5683 3515 5715
f 5480 4495 5479
f 5698 5493 5498
f 3578 3996 3998
f 3645 4154 4155
f 5660 3466 3463
f 4135 5710 4134
f 5587 4073 5586
f 5687 5693 5686
f 3584 4091 4150
f 5585 5584 5588
f 4128 5415 4127
f 4257 4338 4526
f 4222 4178 4179
f 4366 4191 4216
f 5098 5091 5088
f 5761 5737 5760
f 5760 5738 5739
f 8852 5934 8844
f 8874 8855 8856
f 8895 8855 8877
f 5884 8842 8852
f 4557 4582 4560
f 8890 8917 8892
f 8918 8930 8920
f 8924 8915 8916
f 4182 4330 4190
f 3864 5711 4110
f 3574 3230 3231
f 3342 3415 3341
f 3488 3549 3840
f 4317 3953 3949
f 3672 4152 4153
f 5708 3865 5707
f 9021 3685 3686
f 3621 3616 3617
f 5728 4419 5727
f 4311 4028 4310
f 4131 3543 3841
f 4426 3842 4423
f 4518 4168 4427
f 5457 5464 5456
f 5425 3558 3837
f 5458 4437 5456
f 3416 5465 5457
f 5638 5437 5637
f 3985 5636 5637
f 5646 5636 5647
f 9023 3554 5402
f 5722 5514 5726
f 3256 3934 3255
f 4164 5734 5751
f 8885 8920 8887
f 3282 3929 3281
f 3292 3320 3291
f 3232 3300 3301
f 3303 3271 3334
f 3562 5432 3325
f 3392 3388 3391
f 3854 5350 3851
f 5463 5459 5458
f 5935 3885 5576
f 3879 3954 3878
f 3928 3391 3388
f 4137 4458 4138
f 5454 3850 3851
f 3548 3549 3550
f 4443 5470 4442
f 4452 4506 4447
f 4468 3415 3879
f 4443 3876 4483
f 3234 4515 4516
f 5434 3896 5433
f 5448 5441 5644
f 5447 5443 5442
f 4442 5471 5467
f 5550 3275 5551
f 5578 4520 3409
f 3464 5666 3463
f 4701 4839 4840
f 3259 4041 4030
f 4015 3423 4018
f 3558 3982 3839
f 4856 4823 4824
f 4741 4653 4740
f 3759 4106 3763
f 3560 3290 3559
f 9024 3557 3553
f 5438 3280 5439
f 3321 3290 3291
f 5557 4072 5560
f 5553 3396 5554
f 4045 4174 4044
f 4539 4849 4585
f 3536 3503 3588
f 5478 5574 5477
f 3800 3510 3511
f 4755 4886 4754
f 5561 5527 5563
f 5752 5732 5751
f 5752 5756 5765
f 3518 5493 5521
f 3767 4107 4108
f 3534 4097 3593
f 4395 3826 3827
f 3926 3371 3925
f 4446 5610 5611
f 4050 3980 3981
f 8887 8843 8885
f 5649 5640 5645
f 4643 4761 4760
f 3709 3784 3690
f 4778 4660 4777
f 5649 4054 5648
f 5646 3301 5645
f 3250 3910 3909
f 5884 5757 5761
f 5655 5936 5937
f 4224 4226 4225
f 4043 3412 4013
f 4286 4288 4287
f 4267 4310 4266
f 4493 4080 4494
f 3325 3226 3227
f 3925 3372 3928
f 4312 4314 4313
f 3996 3540 3541
f 8908 8912 8907
f 4023 4025 4024
f 3995 3891 3994
f 5482 5559 4137
f 4486 3921 4484
f 4300 4302 4301
f 5438 5644 5441
f 3233 3282 3270
f 3225 3227 3226
f 5446 5445 5443
f 5554 3397 5555
f 4834 4830 4772
f 4064 3350 4063
f 3596 3598 3597
f 5639 5648 5643
f 5434 5654 5658
f 4895 4830 4831
f 3674 3676 3675
f 3551 3978 3550
f 3835 3305 3306
f 3813 3702 3703
f 3691 4160 4157
f 4109 4101 4103
f 4565 4188 4564
f 3490 3547 3489
f 3672 3647 3673
f 8906 8912 8913
f 3810 3811 3734
f 4051 4397 4396
f 3566 4090 4088
f 5580 5476 5579
f 4456 5537 5538
f 5539 5546 5611
f 8844 8729 8843
f 8872 8874 8875
f 4383 4198 4195
f 4931 4927 4930
f 5529 5397 5396
f 5314 5323 5328
f 5347 5323 5324
f 4711 4599 4596
f 5387 5389 4696
f 5259 5292 5258
f 5195 4803 5126
f 5195 4746 4806
f 4639 4866 4685
f 4821 4681 4721
f 3421 5399 3260
f 4730 4601 4602
f 4807 4811 4786
f 4040 3421 3948
f 4844 4800 4797
f 3936 3929 3930
f 4894 4817 4823
f 5365 5383 5368
f 4657 4661 4658
f 5224 4770 4804
f 5368 5382 5380
f 5336 5352 5335
f 5353 5386 5363
f 4070 4454 4069
f 5396 3327 3328
f 5225 5312 4809
f 5384 5386 5385
f 5391 4695 4759
f 4735 4870 4630
f 4407 4409 4408
f 4623 4880 4706
f 5356 5352 5354
f 4578 4859 4577
f 3239 3217 3938
f 3937 3333 3939
f 4578 4534 4535
f 5467 4505 4452
f 4836 4826 4838
f 4422 5721 4421
f 3392 5556 5482
f 5564 5565 5547
f 3807 3663 3660
f 5922 4392 4281
f 3680 3692 3693
f 3630 3632 3631
f 4416 5725 4418
f 4033 3836 4176
f 3238 4168 3342
f 3466 3483 3484
f 3678 3650 3679
f 3677 3649 3650
f 3340 4431 3884
f 3562 5656 5655
f 5658 5938 5939
f 3642 3640 3641
f 3306 3334 3981
f 3256 3280 3281
f 8910 8892 8917
f 5868 5898 5859
f 8924 8922 8925
f 8935 8925 8931
f 8882 8913 8883
f 8925 8926 8924
f 8840 8936 5927
f 5852 5905 5907
f 5136 5124 5137
f 4243 4260 4242
f 5238 5228 5232
f 5642 5643 5644
f 3924 3928 3927
f 5412 5700 3888
f 3750 3751 3707
f 3746 3770 3769
f 3859 3861 3860
f 3972 3493 3494
f 5923 8861 5920
f 4945 4958 4959
f 3296 3286 3287
f 3824 3907 3823
f 3671 4154 4153
f 4137 5481 5482
f 3614 3802 3617
f 3283 3559 3290
f 4936 4934 4933
f 5511 5726 5514
f 4170 3926 3923
f 3572 3830 3826
f 3459 3858 3460
f 3496 4425 3495
f 3457 3436 3437
f 3984 3986 3985
f 3914 3386 4487
f 5512 5723 5511
f 4500 4483 4480
f 4501 4471 4472
f 4503 4505 4504
f 4143 4461 4490
f 3331 3222 3219
f 4016 4018 4017
f 3998 3776 3999
f 4114 5710 4113
f 4405 4406 4404
f 5602 5720 5719
f 4767 4804 4770
f 4929 4954 4928
f 4410 5665 5669
f 3888 5632 3887
f 4048 3977 3974
f 3947 3212 5652
f 5676 3472 3473
f 5782 5784 5783
f 4315 4311 4267
f 5699 5521 5493
f 5864 5825 5822
f 5826 5822 5823
f 5775 5805 5806
f 3236 3270 3271
f 5823 5859 5826
f 4957 4895 4917
f 8868 8865 8869
f 4281 3848 4280
f 4940 4971 4949
f 4013 4029 4043
f 3685 3701 3684
f 4339 4377 4391
f 8891 8872 8892
f 3753 3755 3754
f 4427 3220 3221
f 3809 3779 3780
f 3568 4418 3500
f 3880 3918 3805
f 3543 3842 3841
f 4646 4648 4647
f 4656 4597 4598
f 4781 4820 4784
f 4972 4974 4973
f 5101 5109 5120
f 5095 5115 5125
f 5090 5132 5093
f 5131 5134 5133
f 5134 5127 5135
f 5117 5140 5129
f 3539 3863 3595
f 4006 3792 4007
f 5128 5099 5124
f 5097 5089 5096
f 5274 5271 5259
f 4571 4569 4549
f 4225 4238 4224
f 5156 5170 5172
f 4538 4540 4537
f 4622 4665 4662
f 4981 5004 4980
f 5012 4975 5013
f 5148 5149 5157
f 5157 5133 5134
f 5161 5145 5160
f 4261 4242 4260
f 5294 5291 5268
f 4255 4532 4261
f 5274 5250 5251
f 4246 4207 4248
f 3314 3927 3912
f 4670 4672 4671
f 4995 4673 4986
f 4638 4603 4600
f 4341 4525 4340
f 5163 5165 5162
f 4834 4784 4819
f 4784 4682 4819
f 4844 4687 4688
f 5280 5275 5285
f 4217 4564 4188
f 4554 4556 4555
f 4551 4556 4594
f 4549 4544 4571
f 5141 5173 5175
f 4653 4683 4682
f 4973 4989 4988
f 4984 5015 4983
f 5177 5170 5178
f 5166 5181 5182
f 5141 5139 5138
f 5178 5151 5177
f 5244 5203 5245
f 5252 5245 5253
f 4479 4079 4493
f 4402 4404 4403
f 3500 4419 3499
f 5856 5909 5913
f 4488 3348 3349
f 8851 5885 5886
f 3607 5701 4098
f 3508 3503 3504
f 5847 5896 5894
f 4374 4309 4263
f 3380 4438 3379
f 9025 3553 3554
f 5718 4131 3973
f 3300 3283 3321
f 5551 3276 5552
f 5552 3369 5553
f 5555 5483 5557
f 5859 5896 5858
f 4133 3794 3915
f 3606 3652 3610
f 4900 4766 4691
f 4616 4789 4788
f 3738 4164 3757
f 4774 4642 4801
f 4399 3402 4175
f 5853 5795 5851
f 3936 4427 3935
f 3418 4064 4065
f 5510 3840 5514
f 3270 3279 3269
f 3274 4056 4055
f 4359 4305 4306
f 4135 3504 4111
f 3610 3609 3606
f 3837 3557 5425
f 5940 4401 5941
f 5853 5803 5847
f 5725 5515 5727
f 3246 4117 3245
f 5713 5672 5681
f 4918 4916 4915
f 4148 3771 5703
f 5106 5113 5111
f 4147 5709 4146
f 5152 5177 5151
f 9026 4111 4112
f 5104 5103 5112
f 3531 3485 3593
f 3713 3715 3714
f 3699 3815 3697
f 4467 4459 4478
f 4703 4736 4640
f 5405 3846 5406
f 3555 3963 3964
f 4120 5411 4119
f 4217 4185 4218
f 3279 5441 3269
f 4944 4959 4966
f 4353 4344 4357
f 3815 3716 4104
f 3374 4052 4051
f 4491 4516 4515
f 5865 5833 5866
f 5819 5856 5862
f 5807 5856 5808
f 3933 3281 3929
f 3208 3920 3919
f 8907 8902 8903
f 5288 5295 5287
f 3728 3747 3748
f 3309 4083 3336
f 5119 5101 5120
f 3811 3789 4002
f 3595 3992 3993
f 4106 4100 4107
f 5696 5576 3885
f 3708 3750 3707
f 3744 4165 4163
f 5905 5892 5906
f 3403 4175 3402
f 4133 3506 3507
f 4147 3544 3545
f 3561 3325 3324
f 3237 3239 3238
f 4877 4793 4794
f 3241 3243 3242
f 3597 3625 3596
f 3279 3281 3280
f 3371 3373 3372
f 3599 3567 3598
f 3975 4032 4031
f 3277 3250 3278
f 3774 3565 3773
f 3658 3780 3779
f 4961 4963 4960
f 3600 3616 4096
f 4228 4202 4199
f 4011 4318 4350
f 4307 4262 4308
f 4838 4841 4842
f 4782 4773 4743
f 4914 4946 4947
f 4839 4765 4836
f 4771 4645 4642
f 4962 4964 4963
f 4966 4963 4964
f 3601 3615 3600
f 5878 5879 5881
f 5890 5881 5889
f 3720 4158 3719
f 4755 4689 4663
f 3740 3718 3739
f 5695 5686 5714
f 5740 5742 5741
f 5733 5736 5749
f 5755 5750 5749
f 5745 5762 5740
f 5798 5800 5799
f 4706 4879 4705
f 5651 5619 5620
f 5850 5797 5772
f 5804 5806 5805
f 4087 5707 4086
f 5915 5914 5916
f 5703 4167 4148
f 5893 5896 5895
f 5892 5919 8858
f 5706 5664 4081
f 5786 5788 5787
f 3973 3841 3493
f 4831 4915 4916
f 5906 8858 8859
f 4965 4969 4964
f 4684 4846 4842
f 3589 3611 3604
f 3596 4150 4091
f 5877 5763 5745
f 4121 4123 4122
f 3469 3868 3502
f 3204 3208 3207
f 3716 3726 3727
f 5460 5426 3571
f 3465 3470 3464
f 5738 3764 3765
f 4887 4655 4888
f 4203 4205 4204
f 3959 4082 4089
f 5758 5886 5885
f 5781 5872 5780
f 4675 4723 4674
f 3757 5751 5732
f 3334 3272 3335
f 8880 5903 5911
f 5615 3473 5614
f 5759 5760 5743
f 8845 8848 8847
f 5778 5780 5779
f 8857 8849 8850
f 4132 3798 3859
f 5839 5841 5842
f 560 3187 559
f 5747 4007 3792
f 5928 8840 5927
f 5766 5768 5767
f 4848 4956 4847
f 4953 4967 4965
f 4832 4910 4915
f 5879 5888 5887
f 3598 3530 4095
f 5747 5730 5748
f 5754 5748 5730
f 5810 5812 5811
f 5758 5749 5736
f 4315 4387 4314
f 5917 5916 5918
f 5913 5910 5914
f 5930 8841 8840
f 4951 4968 4953
f 3209 3201 3202
f 4059 3246 3247
f 8731 8842 8841
f 3776 3585 3778
f 5770 5772 5771
f 5891 5893 5892
f 9028 5641 5439
f 5814 5816 5815
f 5662 5673 5661
f 3522 3524 3523
f 5630 5942 5496
f 5791 5795 5794
f 5746 3754 5876
f 5928 5931 5930
f 5743 5739 5742
f 5876 5875 5878
f 3678 9021 3686
f 4200 4207 4199
f 4114 3916 4149
f 3601 3605 3604
f 3818 3712 3817
f 3315 3317 3316
f 5899 5902 5901
f 8840 5883 8936
f 5562 5559 5560
f 4416 3448 4414
f 3189 3191 3190
f 4751 4747 4671
f 4181 4180 4177
f 3832 5454 5351
f 3362 3526 3361
f 5678 5699 5698
f 3497 3499 3498
f 448 807 447
f 647 122 270
f 5690 5677 5697
f 4183 4185 4184
f 1833 1780 1832
f 5920 5897 5923
f 510 508 507
f 4401 5944 5941
f 5656 5530 5936
f 3970 5940 4293
f 5653 5939 5946
f 5450 5946 5532
f 3384 5945 5487
f 4403 4299 5494
f 5944 3968 5949
f 3963 5951 3852
f 5614 3474 5935
f 5427 3857 5951
f 3210 1887 3201
f 1887 3200 3201
f 15 3197 3200
f 16 3195 3197
f 3195 3187 3194
f 3194 1899 3207
f 3207 375 3204
f 387 126 127
f 3189 1760 5650
f 9029 757 758
f 763 2172 2175
f 9035 9032 9033
f 9033 9031 9030
f 9046 9048 9047
f 8751 9054 8752
f 9078 9077 9079
f 9083 9051 9053
f 9088 9047 9048
f 9099 9040 9097
f 9102 9036 9099
f 9105 9032 9103
f 9105 9106 9031
f 1801 9108 9107
f 9103 9034 9102
f 9096 9047 9089
f 1767 9111 9112
f 1597 9113 1600
f 1708 9117 9116
f 9123 9119 9118
f 9118 9125 9124
f 1588 9116 1587
f 2080 9118 2082
f 2082 9124 2084
f 9126 9087 9083
f 9129 9088 9087
f 5512 5943 5947
f 5634 5488 5948
f 5724 5947 5616
f 9134 9097 9133
f 9144 9102 9138
f 9133 9096 9132
f 786 9144 785
f 9146 9103 9144
f 785 9138 497
f 497 9134 650
f 650 9133 564
f 9148 9133 9132
f 8756 9057 8753
f 9154 9130 9129
f 9151 9131 9130
f 9097 9090 9096
f 1799 9111 1768
f 5949 3964 3853
f 9160 8809 8811
f 8813 9160 8811
f 9166 564 9148
f 9067 9054 9052
f 9162 9148 9150
f 9087 9048 9051
f 9081 9079 9082
f 9049 9051 9048
f 9082 9167 9081
f 9079 9049 9046
f 9169 9175 9170
f 9167 9112 9081
f 9168 9177 9167
f 9120 9113 9177
f 9120 9169 9119
f 9119 9170 9125
f 9179 9125 9170
f 9180 9124 9125
f 9178 9170 9175
f 1576 2084 9124
f 9179 9183 9181
f 3203 1387 3190
f 3190 1791 3189
f 5618 1949 3210
f 317 259 391
f 2000 9105 9146
f 9053 9052 9054
f 9041 9036 9037
f 9029 756 2170
f 9037 9034 9035
f 9130 9089 9088
f 3204 376 3203
f 1801 9109 1799
f 9181 9180 9179
f 1575 9190 1088
f 9187 1576 9180
f 1776 1796 1775
f 1293 1290 1284
f 1326 1327 12
f 1294 1234 1290
f 878 1330 1337
f 5633 5490 5945
f 5933 3360 5502
f 5613 5948 5500
f 5604 3844 5720
f 3972 5950 5601
f 3494 4322 5950
f 4406 5615 4298
f 3492 4292 5943
f 5631 5495 5942
f 497 374 498
f 122 413 121
f 5624 3398 5416
f 9151 9156 9160
f 9058 8752 9054
f 9160 9150 9151
f 8815 9162 8813
f 9156 8794 8809
f 439 399 438
f 1512 1526 1511
f 1668 1738 1671
f 839 1362 838
f 1362 826 1012
f 3425 3418 4047
f 4905 5243 4808
f 4621 4662 4690
f 5582 5574 5577
f 4754 4756 4755
f 3902 4021 4022
f 9295 1896 9267
f 2053 2118 2117
f 9340 2120 2119
f 696 9268 9283
f 4922 4939 4924
f 4365 4186 4183
f 5105 4862 4670
f 5228 5226 5225
f 4781 4877 4794
f 5218 5238 5217
f 4990 4992 4991
f 4335 4336 4251
f 4993 4972 5002
f 4794 4792 4750
f 5886 8852 8851
f 5405 5417 5416
f 4669 4764 4668
f 4676 4698 4679
f 1826 639 640
f 9192 9181 9183
f 5232 5233 5204
f 5418 4122 5419
f 956 886 960
f 5720 3512 5717
f 4728 4730 4729
f 8879 8863 8862
f 1980 1922 807
f 4969 4966 4964
f 33 105 164
f 9028 3254 5437
f 3837 3839 3838
f 4382 4301 4383
f 3908 4122 4123
f 4290 4294 4291
f 4400 4055 4056
f 3219 3221 3220
f 8894 8877 8876
f 4640 4735 4630
f 4389 4216 4213
f 3267 4493 4451
f 3268 4463 4144
f 5097 5098 5088
f 5094 5096 5095
f 5654 5937 5938
f 4089 3960 3959
f 5159 5162 5160
f 5202 5249 5205
f 5412 5414 5413
f 5715 3516 5716
f 5723 4423 5726
f 4263 4323 4374
f 3994 3564 3774
f 1343 9308 9309
f 3470 5667 3464
f 5659 5671 5706
f 3319 4053 3299
f 9359 2128 9354
f 1766 1582 1594
f 14 2163 738
f 595 99 594
f 5703 3772 5702
f 5206 5229 5209
f 3437 3458 3457
f 5516 3487 5509
f 5122 5087 5123
f 3223 3934 3935
f 3979 5402 3978
f 3828 3320 3827
f 5663 4081 5664
f 4035 4490 4461
f 4426 5724 4425
f 3881 4447 4444
f 5407 4118 4119
f 5691 5689 5687
f 5661 5672 5671
f 5911 8901 8880
f 3902 3871 4046
f 5541 5539 5606
f 4069 5561 5562
f 3248 3292 3247
f 1346 1044 1352
f 748 1425 747
f 3297 3255 3934
f 5445 4056 5550
f 5783 5830 5831
f 4310 4376 4373
f 5857 5800 5802
f 3882 4452 3881
f 3193 3919 3951
f 3190 3206 3203
f 4266 4268 4267
f 4488 3420 4486
f 3331 3940 3330
f 4282 4284 4283
f 4606 4607 4605
f 4628 4708 4712
f 4659 4733 4658
f 4615 4829 4614
f 4718 4713 4717
f 5722 4421 5721
f 3307 3461 3433
f 4686 4634 4636
f 3966 3550 3978
f 4738 4875 4873
f 3416 3237 3341
f 4527 4208 4200
f 5093 5114 5092
f 5124 5086 5122
f 5117 5138 5139
f 4631 4640 4630
f 5166 5168 5167
f 5185 5187 5186
f 5194 5191 5171
f 3245 4118 9027
f 5214 5203 5200
f 3230 3318 3284
f 5237 5217 5238
f 5250 5258 5255
f 5113 5084 5085
f 5270 5269 5268
f 4906 5107 4768
f 5271 5267 5270
f 5276 5262 5263
f 5153 5174 5173
f 5290 5268 5291
f 5306 5303 5304
f 5147 5146 5143
f 4585 4856 4584
f 3226 5436 3225
f 4473 4504 4470
f 5765 8897 8895
f 4529 4247 4530
f 8923 8916 8917
f 5713 5682 5714
f 3315 3898 3322
f 5564 5537 5563
f 4468 4441 5466
f 3738 4163 4165
f 4577 4559 4560
f 5567 3366 3363
f 3587 4150 4151
f 5471 4504 4505
f 5860 5816 5817
f 3516 5558 5932
f 5436 5637 5437
f 5050 5083 5060
f 5547 3338 3339
f 9023 3295 4115
f 5708 4132 5711
f 4104 3814 3815
f 3718 4161 4162
f 5498 5679 5692
f 3884 4432 3883
f 3955 3877 3878
f 4049 4061 3977
f 8892 8875 8890
f 4572 4218 4569
f 4440 4442 4441
f 4497 3407 3408
f 4632 4633 4724
f 8906 8881 8902
f 5664 5670 5663
f 3751 3706 3707
f 3511 3736 3800
f 5129 5116 5117
f 5086 5098 5085
f 5135 5128 5136
f 5143 5145 5144
f 5168 5136 5137
f 5297 5246 5257
f 5164 5160 5162
f 5155 5171 5170
f 5137 5167 5168
f 5293 5307 5305
f 5513 4083 5515
f 4053 3825 4057
f 3228 3298 3227
f 3631 3635 3636
f 5689 5670 5693
f 5759 5883 5882
f 3793 3507 4134
f 4906 4891 4907
f 4719 4901 4720
f 3597 4095 4092
f 3352 4125 3262
f 9064 9058 9067
f 9076 9067 9077
f 9083 8794 9126
f 9131 9096 9089
f 9138 9099 9134
f 9154 9126 9156
f 9077 9052 9049
f 9053 8766 9083
f 9191 9187 9181
f 9082 9046 9193
f 9193 9168 9082
f 1284 1288 1285
f 9150 9132 9131
f 3841 3496 3493
f 3570 3336 4083
f 4027 4312 3258
f 4889 4781 4794
f 4041 4044 4043
f 4885 4813 4829
f 5419 3905 5430
f 4367 4227 4224
f 1778 1780 1779
f 1792 1584 1789
f 4308 3869 4307
f 4594 4762 4551
f 4767 4769 4768
f 5461 3366 3847
f 4763 4716 4720
f 4919 4915 4910
f 4300 4334 4333
f 5196 5198 5197
f 5158 5135 5136
f 5431 5433 5432
f 4545 4571 4544
f 4557 4594 4556
f 695 571 694
f 4156 3626 3694
f 4861 4670 4862
f 5681 5674 5682
f 5473 5580 5583
f 3622 4152 4151
f 5647 3574 3231
f 3674 3808 3649
f 4420 3498 3499
f 5675 5666 5674
f 3253 5439 3280
f 5870 5917 5912
f 8887 8919 8886
f 5862 5913 5915
f 3534 3485 3482
f 3313 4484 3312
f 9090 9046 9047
f 4871 4695 4855
f 3778 3822 3819
f 4889 4874 4875
f 4000 3784 4001
f 4897 4911 4910
f 3856 3838 3839
f 4772 4896 4771
f 4015 4376 4014
f 3433 3476 3435
f 4053 3302 3299
f 3367 3363 4434
f 3242 3831 3241
f 3441 4082 4081
f 4735 4855 4854
f 4756 4737 4689
f 3382 3384 3383
f 3698 3697 3682
f 4676 4678 4677
f 4948 4941 4944
f 4890 4805 4747
f 4757 4745 4737
f 4581 4380 4586
f 5716 5932 5597
f 4923 4926 4932
f 5077 5081 5076
f 5078 5058 5054
f 4009 5400 3952
f 5081 5078 5076
f 3930 4513 4514
f 4014 4028 4029
f 4025 4020 4021
f 3618 4096 3616
f 4581 4576 4580
f 4219 4188 4189
f 5440 3335 3272
f 5449 3323 3322
f 4229 4177 4202
f 4590 4214 4589
f 4227 4184 4226
f 4574 4858 4547
f 4565 5453 4563
f 4592 4588 4589
f 4590 4573 4579
f 3517 5521 3519
f 3845 3522 5423
f 4444 3884 3881
f 3982 5533 5535
f 4465 4497 4495
f 4520 4521 4496
f 4076 5591 5590
f 3635 3666 3634
f 3343 4498 5481
f 4022 3870 3871
f 3661 4098 3660
f 5691 5697 5692
f 3768 5742 5739
f 4514 3956 4518
f 3697 3814 3696
f 4394 5460 4395
f 4054 4057 4058
f 3284 3323 3559
f 4052 4169 4397
f 4447 4510 4446
f 4456 3346 4138
f 4483 3877 4482
f 4482 4512 4492
f 4492 4513 4516
f 5642 5439 5641
f 5448 5442 5440
f 5466 3882 3883
f 3340 4445 3339
f 8908 8910 8911
f 4397 3835 3980
f 5413 3521 5412
f 3234 3932 3233
f 5753 8895 8894
f 8896 5756 5755
f 8921 8889 8888
f 8915 8911 8916
f 3933 3935 3934
f 3620 3657 3623
f 3966 3968 3967
f 4905 4769 4770
f 3225 5437 3254
f 5433 3984 5435
f 5714 5693 5713
f 5435 3985 5436
f 3954 3955 3878
f 4713 4632 4724
f 4879 4632 4705
f 3983 3896 3897
f 9027 3248 3245
f 5871 5912 5904
f 5849 5891 5905
f 4702 4640 4641
f 4213 4579 4389
f 3644 3688 3689
f 9193 9040 9041
f 8920 8935 8919
f 5406 4130 4127
f 4140 5401 4139
f 5659 3904 5660
f 4772 4783 4834
f 4244 4246 4245
f 4061 4037 4038
f 3669 3803 3668
f 3459 3209 3202
f 4072 5484 4071
f 4835 4834 4819
f 5660 5661 5659
f 4262 4264 4263
f 3633 3627 3628
f 3685 3676 3686
f 4517 3235 3304
f 4145 4085 3544
f 5455 5459 3850
f 5638 5640 5641
f 3228 3254 3255
f 4044 3411 3412
f 3614 3612 3613
f 3273 3275 3274
f 4952 4961 4918
f 4959 4960 4963
f 4888 4761 4860
f 4254 4256 4255
f 4199 4201 4200
f 4499 4465 5480
f 5479 4496 4521
f 5952 5954 5955
f 5956 5958 5959
f 5959 5960 5961
f 5962 5964 5965
f 5966 5968 5969
f 5967 5971 5968
f 5963 5961 5960
f 5972 5964 5973
f 5974 5976 5977
f 5978 5980 5981
f 5982 5984 5985
f 5986 5985 5984
f 5988 5990 5991
f 5992 5994 5995
f 5996 5998 5999
f 6000 6002 6003
f 6004 6006 6007
f 6008 6010 6011
f 6012 6014 6015
f 6016 6018 6019
f 6020 6022 6023
f 6024 6026 6027
f 6028 6030 6031
f 6032 6034 6035
f 6036 6038 6039
f 6040 6013 6012
f 6042 6044 6045
f 5992 6047 5993
f 6048 6050 6051
f 6052 6054 6055
f 6056 6058 6059
f 6060 5987 5986
f 6062 6064 6065
f 6066 6068 6069
f 6070 6027 6026
f 6072 6057 6056
f 6075 6077 6074
f 6078 6080 6081
f 6082 6054 6084
f 6085 6081 6086
f 6087 5990 6088
f 6061 6089 5987
f 6089 6091 6092
f 6092 6093 6094
f 6095 5981 6096
f 6062 6084 6063
f 6097 6035 6034
f 6056 6099 6072
f 6100 6102 6103
f 6001 6104 6105
f 6107 6109 6106
f 6110 6112 6113
f 6114 6025 6115
f 6116 6118 6119
f 6120 6122 6123
f 6124 6126 6127
f 6128 6101 6100
f 6039 6131 6036
f 6132 6134 6135
f 6136 6138 6003
f 6139 6141 6142
f 6143 6145 6146
f 6148 6150 6147
f 6152 6154 6151
f 6155 6157 6158
f 6159 6161 6162
f 6163 6165 6166
f 6167 6169 6170
f 6171 6173 6174
f 6175 6104 6177
f 6178 6180 6181
f 6023 6183 6020
f 6184 6186 6187
f 6117 6188 6189
f 6190 6192 6193
f 6194 6026 6114
f 6195 6191 6190
f 6197 6199 6200
f 6201 6203 6204
f 6205 6207 6208
f 6209 6201 6204
f 6197 6211 6212
f 6212 6213 6214
f 5979 6214 6213
f 6203 6217 6204
f 6206 6198 6207
f 6218 5962 6219
f 5965 6219 5962
f 5972 3354 6221
f 6070 6222 6223
f 6224 6226 6227
f 6228 6230 6231
f 6232 6234 6235
f 6196 6236 6237
f 6071 6223 6238
f 6239 6241 6242
f 6243 6245 6246
f 6247 6248 6249
f 6250 6252 6253
f 6254 6256 6257
f 6258 6260 6261
f 6229 6263 6230
f 6264 6242 6241
f 6266 6268 6269
f 6270 6272 6273
f 6274 6276 6277
f 6195 6279 6236
f 6280 6281 6282
f 6283 6285 6286
f 6123 6287 6288
f 6289 6291 6292
f 6293 6243 6295
f 6240 6297 6241
f 6298 6267 6266
f 6300 6302 6303
f 6304 6306 6307
f 6251 6308 6309
f 6247 6311 6312
f 6313 6315 6316
f 6314 6317 6318
f 6319 6320 6321
f 6322 6088 6323
f 6216 6258 6217
f 6325 6327 6328
f 6217 6261 6329
f 6330 6238 6331
f 6071 6048 6027
f 6015 6333 6012
f 6079 6335 6080
f 6336 6240 6239
f 6294 6296 6240
f 6337 6339 6340
f 6341 6343 6344
f 6345 6347 6348
f 6266 6349 6298
f 6350 6352 6353
f 6295 6246 6354
f 6303 6356 6300
f 6357 6359 6360
f 6361 6363 6364
f 6365 6353 6366
f 6367 6369 6370
f 6371 6370 6372
f 6372 6374 6371
f 6375 6373 6376
f 6376 6378 6375
f 6379 6381 6382
f 6383 6385 6386
f 6387 6389 6390
f 6391 6393 6394
f 6395 6397 6398
f 6398 6400 6395
f 6399 6402 6400
f 6403 6401 6404
f 6405 6407 6408
f 6409 6411 6412
f 6367 6413 6414
f 6374 6415 6416
f 6417 6384 6383
f 6419 6348 6347
f 6421 6423 6424
f 6425 6400 6402
f 6426 6395 6400
f 6393 6428 6429
f 6429 6394 6393
f 6390 6431 6432
f 6433 6408 6407
f 6435 6437 6438
f 6439 6411 6438
f 6392 6441 6442
f 6397 6442 6443
f 6401 6444 6445
f 6446 6437 6404
f 6448 6450 6451
f 6452 6454 6455
f 6442 6456 6457
f 6443 6457 6458
f 6444 6460 6461
f 6445 6461 6462
f 6463 6462 6465
f 6446 6462 6464
f 6466 6468 6469
f 6448 6470 6471
f 6453 6472 6473
f 6474 6476 6477
f 6478 6480 6481
f 6482 6484 6485
f 6486 6488 6489
f 6490 6492 6493
f 6493 6494 6495
f 6496 6498 6499
f 6500 6502 6503
f 6504 6506 6507
f 6508 6509 6510
f 6511 6513 6508
f 6499 6515 6496
f 6516 6518 6519
f 6520 6522 6523
f 6524 6525 6526
f 6507 6527 6504
f 6504 6528 6510
f 6528 6508 6510
f 6529 6531 6532
f 6342 6534 6343
f 6535 6346 6536
f 6347 6537 6419
f 6434 6539 6408
f 6539 6405 6408
f 6541 6451 6450
f 6543 6470 6545
f 6546 6481 6547
f 6499 6548 6549
f 6549 6514 6499
f 6551 6553 6554
f 6555 6557 6558
f 6403 6423 6559
f 6426 6413 6416
f 6415 6428 6427
f 6430 6561 6562
f 6434 6420 6419
f 6563 6565 6566
f 6404 6445 6446
f 6459 6399 6398
f 6455 6388 6387
f 6405 6449 6406
f 6540 6450 6405
f 6567 6568 6569
f 6570 6463 6567
f 6475 6490 6465
f 6458 6571 6572
f 6573 6574 6575
f 6576 6578 6579
f 6193 6580 6581
f 6582 6584 6585
f 6583 6586 6587
f 6588 6587 6586
f 6590 6068 6591
f 6592 6594 6319
f 6251 6595 6252
f 6304 6597 6598
f 6272 6599 6273
f 3737 6558 6557
f 6600 6160 6601
f 6123 6603 6120
f 6604 6606 6607
f 6608 6208 6609
f 5972 6220 5965
f 6610 6612 6556
f 6613 6615 6616
f 6242 6618 6239
f 6226 6245 6227
f 6620 6622 6623
f 6624 6146 6625
f 6626 6211 6136
f 6627 6629 6630
f 6631 6633 6634
f 6235 6636 6232
f 6637 6639 6640
f 6641 6286 6642
f 6643 6645 6646
f 6647 6649 6650
f 6244 6294 6336
f 6336 6652 6244
f 6194 6237 6222
f 6196 6114 6191
f 6115 6191 6114
f 6653 6655 6656
f 6657 6189 6658
f 6117 6659 6118
f 6130 6156 6131
f 6133 6151 6134
f 6661 6662 6660
f 6663 6616 6552
f 6664 6273 6665
f 6418 6432 6431
f 6290 6328 6291
f 6666 6556 6612
f 6557 3805 3737
f 5971 6668 5968
f 6181 6670 6178
f 6671 6673 6674
f 6676 6672 6675
f 6675 6149 6676
f 6067 5999 5998
f 6677 6679 6680
f 6681 6683 6684
f 6087 6090 6089
f 5983 6685 6686
f 5982 6687 6685
f 6094 6688 6687
f 6211 6137 6136
f 6689 6691 6692
f 6690 3833 3832
f 6001 6686 6002
f 5978 6215 5979
f 6694 5978 6095
f 5974 6095 6695
f 6183 6696 6697
f 6698 5961 6218
f 5959 6699 5956
f 6697 6700 6701
f 6702 6703 6704
f 5968 6705 5969
f 6706 5955 5954
f 6707 6617 6708
f 6024 6709 6710
f 6402 6559 6425
f 3852 6712 3853
f 3856 6593 3857
f 5977 6694 5974
f 6713 5977 5976
f 6714 6716 6717
f 6718 6308 6250
f 6720 6254 6721
f 6722 6724 6725
f 6312 6726 6727
f 6069 6728 6729
f 6319 6730 6086
f 6731 6644 6732
f 6732 6734 6731
f 6046 6320 6047
f 3880 6666 6735
f 6736 6738 6739
f 6531 6741 6326
f 6300 6614 6613
f 6742 6325 6290
f 6743 3891 3890
f 6744 6301 6745
f 6746 6534 6533
f 6536 6579 6535
f 6535 6563 6537
f 6566 6537 6563
f 6538 6409 6539
f 6412 6539 6409
f 6412 6541 6540
f 6748 6542 6541
f 6749 6545 6542
f 6568 6547 6543
f 6751 6548 6546
f 6753 6550 6549
f 6755 6757 6758
f 6759 6761 6762
f 6763 6765 6762
f 6764 6623 6765
f 6766 6768 6769
f 6770 6772 6773
f 6774 6776 6777
f 6021 6777 6022
f 6723 6779 6724
f 6780 6782 6783
f 6784 6786 6787
f 6788 6790 6791
f 6185 6793 6186
f 6794 6725 6795
f 6729 6098 6097
f 6135 6798 6132
f 6799 6065 6800
f 6037 6802 6038
f 6005 6588 6586
f 6005 6804 6006
f 6052 6010 6805
f 6586 6803 6005
f 6092 5987 6089
f 6094 5985 6092
f 6096 6695 6095
f 6082 6799 6585
f 6657 6041 6659
f 6013 6658 6014
f 6795 6807 6808
f 6809 6811 6812
f 6813 6815 6816
f 6817 6819 6820
f 6821 6823 6824
f 6329 6204 6217
f 6202 6826 6203
f 6072 6827 6828
f 6598 6305 6304
f 6301 6613 6663
f 6830 6271 6270
f 6822 6778 6823
f 6326 6832 6327
f 6203 6833 6216
f 6027 6051 6024
f 6360 6835 6357
f 6836 6838 6839
f 6837 6841 6838
f 6362 6366 6363
f 6380 6384 6381
f 6421 6578 6842
f 6566 6410 6409
f 6394 6388 6391
f 6414 6368 6367
f 6371 6416 6413
f 6561 6378 6382
f 6382 6562 6561
f 6381 6418 6562
f 6389 6430 6431
f 6391 6454 6441
f 6441 6453 6456
f 6456 6473 6574
f 6495 6750 6568
f 6843 6485 6484
f 6844 6843 6846
f 6573 6847 6848
f 6849 6487 6486
f 6513 6752 6469
f 6517 6850 6503
f 6521 6851 6850
f 6844 6852 6853
f 6505 6510 6509
f 6753 6512 6754
f 6516 6521 6517
f 6614 6854 6615
f 6742 4003 3891
f 6708 6855 6856
f 6307 6857 6858
f 6307 6665 6304
f 6414 6425 6559
f 6416 6427 6426
f 6562 6431 6430
f 6419 6538 6434
f 6358 6839 6359
f 6059 6859 6860
f 6861 6863 6864
f 6865 6867 6868
f 6115 6869 6870
f 6871 6873 6874
f 6721 6596 6875
f 6876 6556 6555
f 6877 6552 6551
f 6551 6268 6877
f 6879 6265 6269
f 6239 6651 6336
f 6230 6619 6226
f 6171 6669 6880
f 6106 6882 6881
f 6883 6822 6821
f 6759 6187 6174
f 6725 6785 6807
f 6885 6808 6791
f 6886 6888 6031
f 6701 6756 6755
f 6884 6779 6822
f 6715 6309 6308
f 6889 6890 6891
f 6743 4042 6892
f 6270 6893 6830
f 6386 6895 6383
f 6895 6420 6896
f 6897 6417 6896
f 6897 6407 6898
f 6390 6899 6387
f 6900 6406 6449
f 6455 6901 6452
f 6902 6904 6471
f 6482 6905 6483
f 6501 6907 6502
f 6496 6908 6909
f 6532 6326 6325
f 6532 6743 6529
f 6612 6735 6666
f 6611 6910 6612
f 6626 5979 6213
f 6704 6105 6702
f 6913 6591 6914
f 6915 6795 6885
f 6229 4067 4066
f 6263 6289 6619
f 6745 6663 6877
f 6916 6757 6917
f 6885 6165 6915
f 6920 6783 6919
f 6921 6923 6924
f 6925 6924 6926
f 6927 6929 6930
f 6931 6933 6934
f 6935 6937 6938
f 6939 6941 6942
f 6943 6945 6946
f 6947 6949 6950
f 6944 6951 6952
f 6953 6955 6956
f 6957 6959 6960
f 6961 6929 6963
f 6964 6966 6967
f 6968 6970 6971
f 6969 6955 6970
f 6972 6946 6973
f 6974 6976 6977
f 6978 6980 6981
f 6940 6982 6983
f 6984 6986 6987
f 6988 6990 6991
f 6992 6989 6993
f 6994 6996 6997
f 6998 7000 7001
f 7002 7004 7005
f 7006 7008 7009
f 7010 7012 7013
f 7014 7016 7017
f 7018 6999 6998
f 7020 7022 7023
f 7024 7026 7027
f 7028 7030 7031
f 7032 7034 7035
f 7003 7036 7037
f 7038 7040 7027
f 6993 7030 7041
f 7042 7044 7045
f 7046 7007 7006
f 7011 7048 7049
f 7050 7052 7053
f 7054 7014 7055
f 7015 7056 7057
f 6621 7045 7044
f 7049 6775 6774
f 7051 6021 6020
f 7055 6701 7054
f 7054 6755 7056
f 6764 7047 7046
f 7020 7059 7013
f 7060 7062 7063
f 6958 7065 6959
f 6925 7067 6973
f 7068 6934 6926
f 7069 6991 7070
f 7071 7072 7073
f 7074 7076 7077
f 7078 7080 7081
f 7014 7082 7083
f 7084 7086 7087
f 7025 7031 7026
f 7085 7072 7088
f 7089 7087 7090
f 7055 7083 7091
f 7090 6770 6773
f 7092 7094 7095
f 7091 6697 7055
f 6770 7086 6758
f 7095 6767 6766
f 7096 6980 7097
f 7098 6940 7099
f 7058 7023 7100
f 7101 6930 7102
f 6974 7063 6967
f 7103 6971 7104
f 7105 6981 6977
f 7106 7036 7108
f 7109 7010 7110
f 7111 7018 7034
f 7098 7037 7100
f 7048 7112 6775
f 7113 7041 6997
f 6994 7115 7088
f 6965 6923 6966
f 6975 6945 6976
f 7061 7065 7062
f 6954 6933 6963
f 6763 7109 7047
f 7046 6620 6764
f 6947 7067 6956
f 6758 7056 6755
f 7118 7039 7038
f 7038 7070 7118
f 7106 7121 7122
f 7123 7053 7052
f 7123 7083 7082
f 7045 7006 7042
f 7107 7122 7009
f 7091 7052 7051
f 7091 6020 6183
f 6936 7097 6937
f 7125 6960 7102
f 6774 7050 7049
f 7119 6942 7039
f 7019 7005 6999
f 7011 7124 7012
f 7021 7040 7022
f 7114 7016 7115
f 7053 7049 7050
f 7086 7057 7056
f 6993 7127 6992
f 7075 7113 7076
f 4281 6603 7128
f 6012 7129 6040
f 7130 6584 7131
f 6797 7133 6798
f 6074 7135 6075
f 6789 6173 6790
f 6760 6776 6761
f 7136 6801 6589
f 6914 6674 6913
f 7007 7059 7008
f 7099 7003 7098
f 6984 7104 6938
f 7110 7047 7109
f 6333 6587 7129
f 5956 6667 5971
f 5957 5971 5970
f 7137 6308 6719
f 4292 6718 6250
f 6693 6668 6215
f 6215 6667 6214
f 6214 6699 6212
f 6698 6212 6699
f 6219 6198 6218
f 6207 6220 6208
f 6220 6609 6208
f 6262 4066 4003
f 7138 7140 7141
f 4298 7140 4299
f 7143 7145 7146
f 7147 7144 7149
f 7149 7151 7147
f 7150 7153 7151
f 6329 7154 7152
f 6261 7155 7154
f 7156 7157 7158
f 6598 7159 7160
f 6257 7161 7162
f 6256 4321 7161
f 6693 6706 6705
f 5954 6705 6706
f 5953 5969 5954
f 7163 5983 6912
f 7164 6138 7166
f 7167 7169 7170
f 6141 7172 6142
f 7166 7173 7164
f 6141 7174 7175
f 7176 7178 7179
f 7180 7182 7183
f 7184 7186 7187
f 6631 7183 7188
f 6218 6197 6698
f 6625 7189 6624
f 6814 7190 7191
f 6882 7193 7194
f 7195 6109 6108
f 6888 7198 7199
f 7200 7202 7203
f 7176 6630 7204
f 6029 7187 6030
f 7205 7207 7208
f 7209 7211 7212
f 7203 7213 7214
f 6886 6778 6723
f 6031 7215 6886
f 7216 7218 7219
f 7220 6880 6669
f 6076 7220 7222
f 6074 6672 6671
f 6147 6662 7223
f 7223 6111 6110
f 6810 6113 6112
f 6920 6914 6591
f 6077 6675 6672
f 6660 6076 6661
f 7222 6669 6181
f 7224 6181 6180
f 6660 6150 6675
f 7225 6794 6915
f 6783 7225 6164
f 6781 6068 6067
f 7217 7228 7218
f 6031 7199 6028
f 6887 6723 6722
f 6164 6915 6165
f 6780 6591 6068
f 7134 6671 6914
f 7229 6824 6823
f 7187 7230 7229
f 7226 6722 6794
f 7231 6169 7233
f 7201 7233 7202
f 6107 7235 7200
f 7215 6823 6778
f 6030 7229 7215
f 7236 7219 7179
f 7237 6820 6819
f 7237 7207 7238
f 7239 7241 7242
f 6739 7244 6736
f 7245 7242 7246
f 7233 6168 7247
f 7247 7202 7233
f 7195 7203 7214
f 7248 7250 6703
f 7227 7252 7228
f 7253 5998 7251
f 6067 7198 6781
f 6781 7197 6782
f 5984 6683 5986
f 7254 6678 6684
f 6679 7252 5997
f 6887 7197 6888
f 6782 7226 7225
f 7135 6163 7221
f 7221 6075 7135
f 6661 7222 7224
f 7224 6111 6661
f 6180 6112 7224
f 6179 6810 6180
f 6811 6793 6649
f 6650 6622 6769
f 6766 7044 7095
f 7095 7043 7092
f 7092 7121 7081
f 7078 7255 7033
f 7256 7257 7258
f 6768 7259 6647
f 6773 7094 7090
f 7090 7093 7089
f 7089 7080 7073
f 7071 7032 7260
f 7077 6998 7074
f 6995 7260 6996
f 7077 7261 7035
f 7035 7018 7077
f 7108 7111 7255
f 6978 7262 7001
f 7105 7264 7262
f 7263 6952 7264
f 6990 6951 7265
f 6972 7266 7265
f 7117 6950 7266
f 6948 7267 6949
f 6969 6982 7267
f 7103 6987 6983
f 7005 6986 7268
f 6999 7268 7000
f 7269 7271 7272
f 7274 7275 7273
f 7274 7276 7277
f 7278 7280 7281
f 7282 7284 7285
f 7286 7288 7289
f 7290 7292 7293
f 7294 7296 7293
f 7068 7298 7299
f 7300 7302 7303
f 7304 7305 7306
f 7307 7305 7308
f 7309 7283 7310
f 7311 7313 7314
f 7125 7306 7315
f 7285 7280 7282
f 7277 7303 7302
f 6965 7316 7317
f 7318 7316 7319
f 7320 7271 7314
f 7312 7296 7313
f 7270 7298 7322
f 7311 7322 7317
f 6961 7300 7308
f 7323 7325 7326
f 7327 7328 7329
f 7064 7325 7328
f 7287 7292 7288
f 6931 7299 7301
f 7331 7329 7319
f 7332 7334 7335
f 7336 7338 7339
f 7340 7333 7332
f 7342 7343 7344
f 7345 7347 7344
f 7348 7350 7351
f 7352 7354 7355
f 7356 7358 7359
f 7360 7362 7363
f 7365 7367 7364
f 7368 7370 7371
f 7372 7336 7374
f 7373 7337 7336
f 7367 7376 7377
f 7378 7380 7381
f 7382 7384 7385
f 7386 7385 7384
f 7388 7390 7391
f 7392 7333 7393
f 7394 7396 7397
f 7398 7400 7401
f 7402 7404 7405
f 7406 7408 7409
f 7410 7383 7382
f 7412 7414 7415
f 7385 7417 7382
f 7389 7419 7390
f 7373 7421 7375
f 7420 7372 7422
f 7369 7424 7370
f 7399 7397 7425
f 7393 7341 7342
f 7398 7357 7426
f 7358 7401 7427
f 7428 7430 7431
f 7433 7435 7432
f 7363 7436 7437
f 7383 7439 7384
f 7411 7438 7383
f 7441 7443 7444
f 7445 7339 7447
f 7374 7339 7446
f 7444 7364 7448
f 7448 7450 7449
f 7364 7451 7450
f 7451 7377 7452
f 7449 7454 7453
f 7455 7450 7451
f 7456 7451 7452
f 7410 7458 7459
f 7460 7462 7369
f 7423 7462 7463
f 7464 7466 7467
f 7468 7347 7470
f 7376 7471 7472
f 7425 7396 7473
f 7475 7477 7474
f 7478 7480 7481
f 7482 7407 7406
f 7484 7351 7486
f 7487 7488 7489
f 7490 7492 7493
f 7412 7434 7433
f 7494 7434 7415
f 7496 7391 7497
f 7440 7498 7499
f 7401 7488 7500
f 7485 7345 7501
f 7500 7427 7401
f 7395 7469 7468
f 7503 7505 7506
f 7507 7509 7510
f 7511 7513 7514
f 7511 7515 7516
f 7517 7519 7520
f 7521 7523 7355
f 7352 7525 7526
f 7415 7527 7494
f 7528 7530 7486
f 7404 7502 7500
f 7477 7496 7532
f 7512 7481 7513
f 7405 7500 7488
f 7533 7535 7536
f 7378 7510 7537
f 7532 7379 7538
f 7539 7541 7542
f 7524 7355 7523
f 7351 7501 7348
f 7414 7523 7527
f 7522 7527 7523
f 7544 7412 7545
f 7546 7547 7548
f 7526 7353 7352
f 7550 7355 7354
f 7521 7551 7548
f 7552 7548 7551
f 7546 7553 7554
f 7522 7548 7547
f 7418 7520 7555
f 7416 7554 7417
f 7457 7558 7458
f 7557 7560 7558
f 7535 7561 7562
f 7562 7563 7564
f 7564 7349 7348
f 7351 7565 7486
f 7567 7569 7566
f 7570 7520 7519
f 7419 7555 7571
f 7572 7348 7501
f 7389 7556 7418
f 7573 7493 7480
f 7552 7534 7553
f 7562 7536 7535
f 7572 7576 7574
f 7422 7578 7420
f 7423 7580 7424
f 7579 7463 7581
f 7578 7576 7582
f 7583 7381 7380
f 7586 7581 7585
f 7533 7579 7586
f 7447 7338 7587
f 7588 7531 7589
f 7590 7431 7591
f 7321 7592 7585
f 7275 7463 7273
f 7461 7276 7462
f 7279 7461 7453
f 7453 7593 7279
f 7594 7454 7455
f 7330 7498 7459
f 7459 7294 7330
f 7558 7595 7295
f 7560 7320 7595
f 7275 7585 7581
f 7462 7273 7463
f 7596 7380 7497
f 7597 7406 7409
f 7467 7599 7600
f 7601 7603 7604
f 7605 7444 7443
f 7365 7606 7366
f 7607 7494 7608
f 7513 7473 7396
f 7396 7514 7513
f 7514 7468 7515
f 7470 7515 7468
f 7610 7609 7470
f 7612 7476 7475
f 7613 7529 7614
f 7442 7615 7616
f 7343 7617 7618
f 7574 7577 7536
f 7619 7399 7491
f 7518 7509 7519
f 7491 7425 7492
f 7549 7621 7565
f 7491 7622 7619
f 7377 7440 7452
f 7379 7497 7380
f 7453 7460 7449
f 7411 7459 7498
f 7623 7391 7390
f 7625 7610 7484
f 7487 7483 7626
f 7619 7408 7489
f 7627 7620 7549
f 7538 7378 7537
f 7389 7477 7476
f 7629 7412 7433
f 7489 7407 7487
f 7628 7598 7597
f 7413 7524 7414
f 7592 7559 7630
f 7584 7632 7381
f 7569 7633 7571
f 7570 7566 7569
f 7631 7566 7632
f 7508 7519 7509
f 7614 7480 7613
f 7346 7470 7347
f 7572 7562 7564
f 7571 7634 7419
f 7346 7484 7610
f 7607 7431 7495
f 7585 7630 7586
f 7624 7497 7391
f 7635 7384 7439
f 7636 7502 7588
f 7323 7310 7289
f 7420 7582 7421
f 7637 7455 7456
f 7287 7499 7498
f 7458 7295 7294
f 7439 7472 7635
f 7599 7604 7600
f 7359 7427 7636
f 7436 7639 7437
f 7490 7640 7622
f 7481 7493 7473
f 7641 7505 7525
f 7642 7627 7644
f 7492 7473 7493
f 7517 7625 7530
f 7625 7486 7530
f 7634 7390 7419
f 7474 7532 7516
f 7448 7441 7444
f 7368 7449 7460
f 7615 7368 7371
f 7638 7602 7639
f 7575 7501 7345
f 7571 7570 7569
f 7400 7489 7488
f 7508 7632 7566
f 7503 7540 7539
f 6957 7315 7326
f 7376 7438 7377
f 7507 7381 7632
f 7499 7452 7440
f 7286 7456 7499
f 7504 7644 7505
f 7368 7460 7369
f 7645 7627 7643
f 7647 7633 7646
f 7647 7623 7634
f 7649 7623 7648
f 7650 7624 7649
f 7646 7568 7651
f 7651 7567 7652
f 7653 7567 7631
f 7651 7655 7646
f 7656 7658 7659
f 7660 7657 7661
f 7663 7656 7662
f 7664 7663 7666
f 7667 7663 7662
f 7667 7668 7655
f 7663 7661 7657
f 7670 7672 7669
f 7661 7671 7660
f 7659 7662 7656
f 7648 7668 7659
f 7648 7673 7649
f 7659 7674 7673
f 7658 7675 7674
f 7668 7646 7655
f 7660 7676 7675
f 7675 7678 7674
f 7677 7676 7679
f 7677 7681 7678
f 7682 7678 7681
f 7677 7684 7680
f 7673 7678 7683
f 7683 7649 7673
f 7685 7671 7670
f 7667 7686 7666
f 7666 7687 7664
f 7654 7686 7655
f 7689 7686 7688
f 7664 7691 7690
f 7650 7583 7596
f 7693 7631 7584
f 7584 7692 7693
f 7693 7682 7694
f 7694 7681 7695
f 7694 7653 7693
f 7650 7682 7692
f 7696 7652 7653
f 7654 7652 7697
f 7688 7697 7698
f 7699 7697 7696
f 7700 7698 7699
f 7695 7696 7694
f 7699 7702 7700
f 7689 7698 7701
f 7689 7703 7704
f 7705 7707 7703
f 7701 7705 7703
f 7704 7707 7685
f 7685 7691 7704
f 7687 7704 7691
f 7680 7695 7681
f 7684 7702 7680
f 7702 7705 7700
f 7684 7707 7706
f 7676 7707 7679
f 7665 7672 7661
f 7670 7690 7691
f 7665 7690 7669
f 7611 7474 7609
f 7510 7479 7478
f 7511 7537 7512
f 7516 7538 7511
f 7517 7613 7518
f 7537 7478 7512
f 7611 7612 7475
f 7613 7479 7518
f 7556 7517 7520
f 7516 7609 7474
f 7708 7710 7711
f 7712 7714 7715
f 7713 7717 7714
f 7719 7721 7718
f 7722 7597 7409
f 7724 7715 7725
f 7726 7728 7729
f 7731 7573 7730
f 7730 7614 7732
f 7733 7735 7736
f 7721 7724 7737
f 7731 7409 7640
f 7708 7729 7738
f 7737 7709 7739
f 7716 7736 7740
f 7742 7744 7745
f 7740 7735 7746
f 7717 7740 7747
f 7716 7720 7741
f 7748 7711 7710
f 7750 7710 7725
f 7720 7751 7741
f 7734 7728 7735
f 7709 7725 7710
f 7752 7715 7714
f 7739 7708 7738
f 7720 7712 7721
f 7749 7755 7711
f 7745 7756 7747
f 7746 7742 7745
f 7743 7755 7754
f 7727 7735 7728
f 7747 7757 7717
f 7753 7725 7715
f 7751 7620 7733
f 7757 7714 7717
f 7718 7737 7732
f 7747 7746 7745
f 7727 7755 7742
f 7726 7711 7755
f 7759 7756 7758
f 7759 7752 7757
f 7760 7753 7752
f 7761 7750 7753
f 7758 7744 7763
f 7763 7743 7764
f 7754 7764 7743
f 7763 7767 7758
f 7768 7770 7771
f 7772 7771 7773
f 7775 7772 7774
f 7776 7775 7778
f 7779 7775 7774
f 7775 7769 7768
f 7770 7781 7780
f 7782 7772 7773
f 7760 7782 7773
f 7760 7783 7761
f 7773 7784 7783
f 7770 7784 7771
f 7779 7782 7767
f 7782 7758 7767
f 7785 7780 7786
f 7785 7788 7784
f 7787 7786 7789
f 7787 7791 7788
f 7792 7788 7791
f 7787 7794 7790
f 7793 7784 7788
f 7762 7783 7793
f 7796 7780 7795
f 7795 7781 7797
f 7779 7798 7778
f 7799 7778 7798
f 7766 7798 7767
f 7800 7799 7798
f 7802 7799 7803
f 7795 7802 7803
f 7762 7748 7750
f 7805 7754 7749
f 7749 7804 7805
f 7805 7792 7806
f 7806 7791 7807
f 7806 7765 7805
f 7793 7804 7762
f 7808 7764 7765
f 7766 7764 7809
f 7766 7810 7800
f 7811 7809 7808
f 7812 7810 7811
f 7807 7808 7806
f 7811 7814 7812
f 7813 7800 7810
f 7801 7815 7816
f 7817 7819 7815
f 7813 7817 7815
f 7816 7819 7796
f 7796 7803 7816
f 7799 7816 7803
f 7790 7807 7791
f 7794 7814 7790
f 7814 7817 7812
f 7794 7819 7818
f 7786 7819 7789
f 7777 7781 7769
f 7777 7802 7797
f 7528 7718 7529
f 7729 7723 7722
f 7738 7730 7739
f 7732 7739 7730
f 7733 7628 7734
f 7722 7738 7729
f 7621 7719 7528
f 7628 7723 7734
f 7733 7741 7751
f 7732 7529 7718
f 7486 7621 7528
f 7549 7350 7353
f 7353 7349 7354
f 7354 7563 7550
f 7821 7823 7820
f 7824 7826 7827
f 7825 7829 7826
f 7830 7832 7833
f 7834 7827 7835
f 7836 7838 7839
f 7840 7406 7841
f 7841 7598 7842
f 7843 7845 7846
f 7833 7834 7847
f 7848 7836 7839
f 7847 7821 7849
f 7828 7846 7850
f 7853 7855 7852
f 7850 7845 7856
f 7829 7850 7857
f 7828 7832 7851
f 7858 7823 7822
f 7860 7822 7835
f 7831 7851 7832
f 7844 7838 7845
f 7834 7822 7821
f 7863 7827 7826
f 7849 7820 7848
f 7825 7833 7832
f 7859 7866 7823
f 7855 7867 7857
f 7837 7855 7856
f 7865 7852 7866
f 7837 7845 7838
f 7857 7868 7829
f 7864 7835 7827
f 7843 7642 7504
f 7868 7826 7829
f 7830 7847 7842
f 7857 7856 7855
f 7837 7866 7852
f 7836 7823 7866
f 7870 7867 7869
f 7870 7863 7868
f 7871 7864 7863
f 7872 7860 7864
f 7869 7854 7874
f 7874 7853 7875
f 7876 7853 7865
f 7874 7878 7869
f 7879 7881 7882
f 7883 7882 7884
f 7886 7883 7885
f 7887 7886 7889
f 7890 7886 7885
f 7886 7880 7879
f 7891 7880 7892
f 7884 7885 7883
f 7871 7893 7884
f 7871 7894 7872
f 7884 7895 7894
f 7882 7896 7895
f 7890 7893 7878
f 7893 7869 7878
f 7881 7897 7896
f 7898 7895 7896
f 7900 7896 7897
f 7901 7899 7898
f 7904 7902 7903
f 7898 7905 7901
f 7894 7899 7904
f 7904 7872 7894
f 7907 7891 7906
f 7906 7892 7908
f 7890 7909 7889
f 7910 7889 7909
f 7877 7909 7878
f 7912 7909 7911
f 7887 7914 7913
f 7906 7913 7914
f 7873 7858 7860
f 7916 7865 7859
f 7859 7915 7916
f 7916 7903 7917
f 7917 7902 7918
f 7917 7876 7916
f 7873 7903 7915
f 7919 7875 7876
f 7877 7875 7920
f 7911 7920 7921
f 7922 7920 7919
f 7923 7921 7922
f 7918 7919 7917
f 7922 7925 7923
f 7924 7911 7921
f 7912 7926 7927
f 7928 7930 7926
f 7924 7928 7926
f 7927 7930 7907
f 7907 7914 7927
f 7910 7927 7914
f 7901 7918 7902
f 7905 7925 7901
f 7925 7928 7923
f 7905 7930 7929
f 7897 7930 7900
f 7888 7892 7880
f 7888 7913 7908
f 7645 7831 7830
f 7839 7862 7931
f 7841 7848 7840
f 7842 7849 7841
f 7504 7844 7843
f 7839 7840 7848
f 7643 7861 7831
f 7503 7862 7844
f 7846 7861 7843
f 7842 7645 7830
f 7932 7934 7935
f 7936 7938 7939
f 7937 7941 7938
f 7942 7944 7945
f 7947 7949 7946
f 7950 7939 7951
f 7953 7955 7952
f 7956 7958 7959
f 7956 7540 7960
f 7962 7964 7961
f 7936 7965 7945
f 7946 7958 7957
f 7966 7952 7955
f 7965 7933 7967
f 7968 7969 7964
f 7970 7972 7973
f 7974 7964 7963
f 7941 7968 7975
f 7940 7944 7969
f 7976 7935 7934
f 7978 7934 7951
f 7943 7969 7944
f 7947 7963 7962
f 7933 7951 7934
f 7980 7939 7938
f 7967 7932 7966
f 7937 7945 7944
f 7977 7983 7935
f 7973 7984 7975
f 7953 7973 7974
f 7982 7970 7983
f 7974 7954 7953
f 7975 7985 7941
f 7981 7951 7939
f 7961 7544 7545
f 7985 7938 7941
f 7942 7965 7960
f 7975 7974 7973
f 7952 7970 7953
f 7952 7935 7983
f 7987 7984 7986
f 7987 7980 7985
f 7988 7981 7980
f 7989 7978 7981
f 7986 7972 7991
f 7991 7971 7992
f 7993 7971 7982
f 7986 7994 7995
f 7997 7999 7996
f 8000 7999 8001
f 8003 8000 8002
f 8005 8006 8004
f 8007 8003 8002
f 7996 8005 7997
f 7998 8009 8008
f 8010 8000 8001
f 7988 8010 8001
f 7988 8011 7989
f 8011 7999 8012
f 7998 8012 7999
f 8007 8010 7995
f 8010 7986 7995
f 8013 8008 8014
f 8015 8012 8013
f 8017 8013 8014
f 8018 8016 8015
f 8021 8019 8020
f 8015 8022 8018
f 8011 8016 8021
f 8021 7989 8011
f 8023 8014 8008
f 8023 8009 8025
f 8007 8026 8006
f 8026 8004 8006
f 8028 7995 7994
f 8029 8026 8028
f 8030 8027 8031
f 8023 8030 8031
f 7990 7976 7978
f 8033 7982 7977
f 7976 8033 7977
f 8034 8032 8020
f 8035 8020 8019
f 8034 7993 8033
f 7990 8020 8032
f 8036 7992 7993
f 7991 8037 7994
f 7994 8038 8028
f 8039 8037 8036
f 8040 8038 8039
f 8035 8036 8034
f 8039 8042 8040
f 8041 8028 8038
f 8029 8043 8044
f 8045 8047 8043
f 8041 8045 8043
f 8044 8047 8024
f 8024 8031 8044
f 8027 8044 8031
f 8042 8019 8018
f 8022 8042 8018
f 8042 8045 8040
f 8017 8046 8022
f 8014 8047 8017
f 8005 8009 7997
f 8005 8030 8025
f 7506 7943 7942
f 7954 7946 7955
f 7967 7957 7956
f 7960 7967 7956
f 7948 7962 8048
f 7955 7957 7966
f 7641 7979 7943
f 7969 7961 7964
f 7960 7506 7942
f 7362 8050 7436
f 8052 7464 8051
f 8051 7467 8053
f 8054 7600 7604
f 8056 7618 8052
f 7436 8057 7638
f 8049 7361 8056
f 8057 7603 7638
f 8055 7467 7600
f 8058 7604 7603
f 8059 8058 8057
f 8060 8054 8058
f 8061 8055 8054
f 8062 8053 8055
f 8059 8050 8064
f 8064 8049 8065
f 8056 8065 8049
f 8059 8067 8068
f 8069 8071 8072
f 8073 8072 8074
f 8075 8073 8076
f 8077 8075 8076
f 8075 8070 8069
f 8079 8081 8070
f 8082 8070 8081
f 8083 8073 8074
f 8061 8083 8074
f 8061 8084 8062
f 8074 8085 8084
f 8072 8086 8085
f 8077 8083 8068
f 8083 8059 8068
f 8071 8087 8086
f 8088 8085 8086
f 8090 8086 8087
f 8091 8089 8088
f 8094 8092 8093
f 8088 8095 8091
f 8084 8089 8094
f 8094 8062 8084
f 8097 8082 8096
f 8096 8081 8080
f 8077 8098 8078
f 8099 8078 8098
f 8101 8068 8067
f 8102 8098 8101
f 8100 8104 8103
f 8096 8103 8104
f 8075 8100 8079
f 8079 8103 8080
f 8105 8053 8063
f 8066 8052 8106
f 8051 8106 8052
f 8107 8105 8093
f 8108 8093 8092
f 8107 8066 8106
f 8063 8093 8105
f 8109 8065 8066
f 8064 8110 8067
f 8067 8111 8101
f 8112 8110 8109
f 8113 8111 8112
f 8108 8109 8107
f 8112 8115 8113
f 8114 8101 8111
f 8102 8116 8117
f 8118 8120 8116
f 8114 8118 8116
f 8117 8120 8097
f 8097 8104 8117
f 8099 8117 8104
f 8091 8108 8092
f 8095 8115 8091
f 8115 8118 8113
f 8095 8120 8119
f 8087 8120 8090
f 7550 7561 7551
f 7552 7561 7535
f 7931 7539 7542
f 7640 7408 7622
f 7549 7644 7627
f 7525 7544 7641
f 7931 7482 7840
f 7483 7542 7541
f 7626 7405 7487
f 7629 7432 8121
f 7629 7949 7948
f 8122 7949 8121
f 8123 8121 7432
f 8124 7432 7435
f 7434 8125 7435
f 8125 8124 7435
f 8124 7429 8126
f 8123 8126 8127
f 8122 8127 8128
f 7541 7959 8128
f 7404 8129 7531
f 8125 7431 7430
f 7526 7505 7644
f 7626 7541 8128
f 7959 8122 8128
f 7961 8048 7962
f 7629 8048 7545
f 8127 7626 8128
f 7402 8126 7403
f 8129 8126 7429
f 7428 8129 7429
f 7589 7428 7590
f 7471 7366 7606
f 7334 7426 7357
f 7335 7357 7356
f 7616 7446 7445
f 7392 7398 7426
f 7393 7397 7392
f 7342 7394 7393
f 7344 7469 7342
f 7343 7361 7360
f 7360 7344 7343
f 7363 7345 7360
f 7437 7575 7363
f 7582 7437 7639
f 7421 7639 7602
f 7375 7602 7601
f 7599 7375 7601
f 7465 7618 7617
f 7332 7587 7340
f 7447 7335 7445
f 7445 7356 7616
f 7359 7616 7356
f 7636 7442 7359
f 7588 7443 7636
f 7589 7605 7588
f 7590 7606 7589
f 7471 7591 7472
f 7446 7371 7374
f 7371 7372 7374
f 7422 7370 7424
f 7577 7424 7580
f 7536 7580 7533
f 7591 7635 7472
f 7607 7386 7635
f 7543 7494 7527
f 7547 7543 7522
f 7608 7387 7386
f 7387 7416 7385
f 7457 7382 7417
f 7557 7417 7554
f 7559 7554 7553
f 7630 7553 7534
f 7534 7586 7630
f 7466 7337 7599
f 7465 7338 7466
f 7617 7587 7465
f 7341 7617 7343
f 8130 6090 8131
f 6023 8132 8133
f 6182 8133 6784
f 6623 6792 6185
f 6787 6182 6784
f 8134 6696 6787
f 6917 6756 8135
f 6762 7112 6763
f 6762 6184 6759
f 6765 6185 6184
f 6650 6768 6647
f 6772 6916 7259
f 6777 6789 6788
f 6022 6788 8132
f 6756 8134 8135
f 6758 6771 6770
f 6761 6775 7112
f 6769 6621 6766
f 6772 6767 6773
f 6174 6760 6759
f 6187 6178 6670
f 6811 6648 6812
f 6786 6724 6779
f 6791 6918 6885
f 6186 6179 6178
f 6808 8133 8132
f 6884 8135 8134
f 6174 6670 6171
f 6807 6784 8133
f 6791 8132 6788
f 6786 8134 6787
f 6790 6172 6918
f 6649 6792 6650
f 6316 8136 6717
f 8137 6654 8138
f 8139 6601 6160
f 6656 6580 6870
f 6868 8142 6865
f 6316 6711 6313
f 6864 8144 6861
f 6864 8145 6860
f 6868 6869 6710
f 6656 6866 6653
f 8146 8148 8149
f 8139 8151 6640
f 8152 6866 6865
f 8154 8138 6654
f 6874 8156 8157
f 8158 8159 6805
f 8160 6865 8142
f 8161 6313 6711
f 6161 8162 8163
f 8164 6654 6653
f 8153 6653 6866
f 8165 8167 8168
f 8166 8169 8167
f 5989 8170 8169
f 5988 8171 8170
f 8172 6043 6042
f 8174 6032 6035
f 8174 6098 8176
f 8176 6796 8177
f 8177 8178 8179
f 7132 6728 7133
f 6589 8180 7136
f 8180 6004 8181
f 8181 6007 8182
f 6334 6731 6734
f 6079 6645 6731
f 6078 6646 6645
f 6085 8184 6646
f 6091 8185 6093
f 6086 8183 6085
f 6950 7118 7070
f 6952 6992 7127
f 6983 6968 7103
f 6987 7004 7099
f 7001 6979 6978
f 7001 7074 6998
f 7262 7075 7074
f 7264 7127 7075
f 7265 6943 6972
f 7265 6991 6990
f 7266 7070 6991
f 6949 7119 7118
f 7267 6939 7119
f 6983 7099 6940
f 7268 6985 8186
f 7000 8186 6979
f 6938 6985 6984
f 6946 6922 6921
f 6956 6948 6947
f 6971 6928 6927
f 6970 6954 6928
f 6973 6921 6925
f 6977 7263 7105
f 6981 7061 7060
f 6973 7117 6972
f 7097 6979 8186
f 7104 6927 7101
f 6977 7060 6974
f 6976 6944 7263
f 6956 7066 6953
f 6937 8186 6985
f 6938 7101 6935
f 6924 7116 7297
f 6926 7297 7068
f 6930 6962 7304
f 6934 6953 7066
f 6960 6936 6935
f 6963 6928 6954
f 6967 6975 6974
f 7063 7327 7331
f 6959 7096 6936
f 6926 7066 6925
f 7102 7304 7125
f 6967 7331 6964
f 6966 6922 6975
f 7062 7064 7327
f 6963 6932 6961
f 7102 6935 7101
f 7299 7269 8187
f 7301 6932 6931
f 7306 7285 7284
f 7308 6962 6961
f 7315 7284 7309
f 7317 7312 7311
f 7319 6964 7331
f 7322 7297 7116
f 7317 7116 6965
f 7308 7303 7307
f 7326 6958 6957
f 7329 7291 7290
f 7328 7324 7291
f 7301 8187 7302
f 7319 7290 7318
f 7326 7309 7323
f 7272 7321 7275
f 7272 8187 7269
f 7274 7302 8187
f 7281 7307 7303
f 7283 7593 7594
f 7289 7324 7323
f 7293 7330 7294
f 7293 7318 7290
f 7310 7594 7637
f 7314 7595 7320
f 7282 7279 7593
f 7278 7277 7276
f 7314 7270 7311
f 7313 7295 7595
f 7288 7291 7324
f 7289 7637 7286
f 6003 6626 6136
f 6003 7165 6000
f 6690 8189 6691
f 6686 5981 5980
f 6685 6096 5981
f 6687 6806 6096
f 6002 5980 6626
f 6606 5351 5350
f 7164 8190 8191
f 8192 7174 8193
f 6015 8153 8152
f 6189 8155 8154
f 8157 6284 6283
f 6332 8152 8160
f 6593 6317 8161
f 6658 8154 8164
f 6014 8164 8153
f 6332 7131 6333
f 6805 6321 6052
f 6146 8162 6625
f 6607 8195 6604
f 8196 6125 8197
f 8198 7168 8199
f 8199 6633 8200
f 7177 8201 7178
f 8202 8204 8205
f 7208 7185 7205
f 7237 7186 7208
f 6819 7230 7237
f 6818 6824 6819
f 8206 6821 6818
f 8207 8135 8208
f 6917 8209 6916
f 8209 7259 6916
f 8210 6647 7259
f 6812 8212 7258
f 6809 7258 7257
f 6809 8213 6113
f 6113 8214 6110
f 7235 6110 8214
f 7223 7234 6147
f 6147 8215 6148
f 6148 8216 6153
f 8218 6158 8217
f 8219 6116 6119
f 6284 6116 6285
f 6188 8156 8155
f 8155 6873 8138
f 8138 6872 8137
f 8137 8148 6581
f 6193 6281 6190
f 6190 6278 6195
f 8220 8222 8223
f 8224 7139 7138
f 6223 8226 8227
f 6237 8228 8229
f 6238 8227 8230
f 6249 8231 8232
f 6253 8233 8234
f 6236 8221 8228
f 6331 8230 8235
f 6252 8236 8233
f 6222 8229 8226
f 6828 8237 8238
f 6280 8240 8241
f 8208 6883 8206
f 6648 8211 8212
f 6143 8242 8243
f 6624 8244 8242
f 8245 8247 8248
f 8249 8251 8252
f 7195 8254 7196
f 7214 8253 7195
f 8256 7214 7213
f 7243 8257 7244
f 7210 8257 7211
f 8259 6102 8260
f 8261 6121 8262
f 8178 8263 8179
f 7132 8264 8263
f 6797 8265 8264
f 6135 8266 8265
f 6134 8267 8266
f 6151 8268 8267
f 6154 8270 8268
f 8269 8272 8270
f 7194 8273 8274
f 7193 8275 8273
f 8249 8260 8276
f 8248 8278 8245
f 6129 8279 8280
f 7169 8197 6125
f 8198 8192 8197
f 7171 7175 7173
f 6589 7129 6587
f 6801 6040 7129
f 6037 6041 6040
f 6036 6659 6041
f 6131 6118 6659
f 6156 6119 6118
f 8218 6119 6155
f 8219 6815 6642
f 7191 6641 6814
f 8246 7189 7191
f 8245 8281 8282
f 8280 6288 6287
f 6125 7170 7169
f 6288 6602 6123
f 6126 6604 8195
f 8196 6605 6604
f 7174 6691 8189
f 6691 6139 6692
f 7171 8283 7172
f 7172 8284 6142
f 6139 8284 6692
f 8285 8287 8288
f 8211 8289 8286
f 8290 8292 8289
f 8293 8291 8290
f 8293 8208 8295
f 8296 8298 8295
f 6818 8296 8206
f 8285 7258 8212
f 7243 7212 7211
f 7243 8300 8299
f 8301 6739 6738
f 8302 7213 7247
f 8303 7247 6168
f 8304 6168 6167
f 6738 8297 8301
f 8288 6167 6170
f 8304 8291 8305
f 8305 8294 6737
f 6737 8306 8305
f 6736 8307 8306
f 8243 8308 8309
f 8242 8282 8308
f 8247 7191 7190
f 7196 8251 7192
f 8253 8311 8254
f 8255 8310 8253
f 8313 8255 8256
f 7244 8313 8307
f 8313 8258 8312
f 8312 8314 8310
f 8315 8310 8314
f 8311 8316 8252
f 8282 8317 8308
f 8308 8261 8309
f 8309 8262 8318
f 8248 8275 8276
f 8282 8246 8245
f 8307 8256 8302
f 8306 8302 8303
f 8305 8303 8304
f 8298 6737 8294
f 8287 8304 6167
f 7253 7199 7198
f 8319 6028 7199
f 8320 6029 6028
f 8321 7184 6029
f 8322 7185 7184
f 8203 7205 7185
f 8202 7206 7205
f 7239 7210 7209
f 7251 8319 7253
f 7227 8320 8319
f 7217 8321 8320
f 7216 8322 8321
f 7236 8203 8322
f 6175 8200 7204
f 7165 8191 6177
f 6137 7166 6138
f 6200 8283 6137
f 6199 8284 8283
f 8284 6205 6692
f 6205 6689 6692
f 6689 5485 3833
f 7009 8323 7107
f 7013 7021 7020
f 7017 7029 7028
f 7013 7110 7010
f 7073 7084 7089
f 7081 7093 7092
f 7082 7028 7025
f 7088 6995 6994
f 7088 7057 7085
f 7122 7043 7042
f 7124 7024 7126
f 7082 7024 7123
f 7009 7042 7006
f 7012 7126 7021
f 7115 7015 7057
f 7008 7058 8323
f 7081 7120 7078
f 7073 7079 7071
f 6997 7076 7113
f 7023 6942 6941
f 7027 7069 7038
f 7031 6989 6988
f 7079 7033 7032
f 7037 7107 8323
f 7027 7126 7024
f 7041 7029 7114
f 7026 6988 7069
f 7100 6941 7098
f 7108 7002 7019
f 7100 8323 7058
f 6997 7114 6994
f 7022 7039 6942
f 7111 7033 7255
f 7035 7260 7032
f 7261 6996 7260
f 7108 7120 7106
f 7245 8258 7210
f 7246 8314 7245
f 7181 8316 7182
f 8277 6129 8278
f 8278 8280 8281
f 6287 8281 8280
f 6122 8317 6287
f 5487 6144 5488
f 5489 6162 5490
f 6637 8325 8326
f 8326 8225 8224
f 5494 8225 5495
f 6160 8150 8139
f 5496 8151 5497
f 8163 6162 6161
f 6146 8327 8163
f 8243 6144 6143
f 8328 8309 8318
f 8318 5501 5500
f 8262 5502 5501
f 8329 8331 8332
f 8333 8335 8336
f 8338 6007 8337
f 8329 8339 8340
f 8341 6734 8330
f 6006 8337 6007
f 8342 6804 6800
f 6065 8339 8343
f 5995 8341 8340
f 6918 6166 6165
f 7221 6166 6880
f 6172 6880 6166
f 8344 5955 6713
f 5519 5975 5520
f 6806 8346 6695
f 6646 8347 6643
f 8165 8349 6323
f 6322 8131 6090
f 8345 6688 8351
f 6695 5975 5974
f 5976 5528 6713
f 5529 8131 5530
f 6643 8352 8168
f 8183 5532 8184
f 5534 8130 5529
f 6730 5533 8183
f 8351 6093 8185
f 5535 6594 3856
f 8353 6652 6651
f 8354 8355 8356
f 8357 6825 6202
f 8359 6202 6201
f 6224 8356 8360
f 6275 8362 6276
f 6201 7143 8359
f 7146 8359 7143
f 8357 8363 8364
f 8355 8366 8367
f 8361 8368 8362
f 8356 8367 8369
f 8370 8372 7142
f 8220 7145 8374
f 6275 6228 6231
f 5558 6228 6274
f 8375 8367 8366
f 8362 8376 8377
f 8378 8380 8381
f 8363 8382 8383
f 8384 8381 8385
f 8382 8386 8385
f 8383 8364 8363
f 6226 6231 6230
f 6231 8361 6275
f 6636 8389 8379
f 6635 8388 6636
f 8390 5576 5575
f 8379 6232 6636
f 8378 6233 6232
f 8384 8371 6233
f 8372 8393 7141
f 7138 8239 8224
f 8224 8394 8326
f 8146 8394 6282
f 6638 8326 8394
f 6340 6299 6298
f 6747 6577 6576
f 6344 6346 6345
f 6342 6355 6303
f 6353 6349 6297
f 6337 6369 8395
f 6360 6328 6327
f 6358 6386 6385
f 6364 6293 6295
f 6362 6376 6373
f 6366 6297 6296
f 6350 6372 6370
f 6533 6303 6302
f 6534 6346 6343
f 6744 6533 6302
f 6536 6747 6576
f 6357 6894 6386
f 6341 6832 6355
f 6839 6292 6291
f 6837 6380 6379
f 6838 6354 6292
f 6361 6377 6376
f 6363 6296 6293
f 6365 6373 6372
f 6359 6291 6328
f 6836 6385 6380
f 6481 6902 6544
f 6484 6501 6500
f 6477 6487 6474
f 6849 6492 6491
f 6494 6467 6466
f 6547 6544 6543
f 6750 6546 6547
f 6494 6751 6750
f 6843 6500 6846
f 6845 6575 6843
f 6489 6847 6853
f 6474 6491 6490
f 6483 6906 6501
f 6493 6465 6490
f 6471 6544 6902
f 6472 6485 6473
f 6476 6461 6460
f 6470 6542 6545
f 6570 6569 6749
f 6495 6463 6493
f 6475 6462 6461
f 6572 6477 6476
f 6574 6457 6456
f 6569 6543 6545
f 6575 6473 6485
f 6471 6901 6448
f 6469 6508 6513
f 6498 6479 6478
f 6503 6518 6517
f 6489 6505 6486
f 6467 6509 6468
f 6546 6498 6478
f 6549 6752 6753
f 6752 6466 6469
f 6503 6846 6500
f 6850 6844 6846
f 6507 6852 6525
f 6486 6509 6849
f 6502 6909 6518
f 6858 6664 6307
f 8396 6611 6610
f 6833 6324 6216
f 8399 6825 8400
f 6831 8401 8402
f 6707 6826 8399
f 8398 6890 6324
f 6858 8404 6554
f 8405 6610 6876
f 6830 6553 8401
f 8397 6911 6611
f 8400 8358 8365
f 8358 8364 8406
f 8406 8387 8407
f 8389 8380 8379
f 8389 8409 8377
f 8388 8410 8409
f 5575 8410 8390
f 6665 8411 6875
f 8412 6720 6721
f 8413 5601 6720
f 8411 8413 8412
f 6262 6290 6263
f 5602 8414 5604
f 6599 3735 5605
f 7141 7142 8372
f 8393 8241 8240
f 8227 7147 7151
f 8229 8374 7148
f 8230 7151 7153
f 8232 8415 8416
f 8234 8417 8418
f 8221 8374 8228
f 8235 7153 8419
f 8233 8420 8417
f 8226 7148 7147
f 8238 8421 8422
f 7141 8240 7138
f 6581 6655 8137
f 6640 8140 8139
f 6710 8141 6868
f 6717 6712 6316
f 6860 8143 6864
f 6870 6867 6656
f 6717 6726 6714
f 6870 6192 6115
f 6860 6050 6059
f 6710 6025 6024
f 6639 6871 8140
f 6640 8324 6637
f 6581 8147 6193
f 5615 6234 8370
f 7144 8374 7145
f 7144 6210 7149
f 7150 6210 6209
f 7152 6209 6329
f 7152 8419 7153
f 7154 8421 8419
f 7158 8415 8422
f 7160 8420 8416
f 7162 8418 8417
f 7161 5616 8418
f 8370 6233 8371
f 8373 7146 7145
f 8392 8386 8223
f 8391 8372 8371
f 5617 6713 5528
f 5973 3355 5972
f 8345 5619 8346
f 3880 6910 5621
f 8351 5620 8345
f 8346 5520 5975
f 5621 6911 5623
f 5622 8185 5534
f 8150 5497 8151
f 8423 8425 8426
f 8427 6519 8428
f 8429 8431 8432
f 6523 8433 6526
f 8434 8436 8437
f 8438 8434 8439
f 8438 6511 6528
f 8441 8424 8423
f 8427 8430 8429
f 8444 8445 8446
f 8447 8424 8448
f 8449 8444 8450
f 8451 8430 8452
f 8453 8454 8455
f 8456 8437 8453
f 8439 8456 8457
f 8448 8442 8458
f 8452 8443 8449
f 8425 8459 8446
f 8460 8462 8463
f 8464 8466 8467
f 8468 8470 8471
f 8472 8474 8475
f 8476 8478 8479
f 8480 8482 8483
f 8484 8486 8487
f 8485 8489 8486
f 8490 8481 8480
f 8492 8494 8495
f 8495 8496 8497
f 8498 8500 8501
f 8502 8500 8503
f 8504 8506 8507
f 8508 8510 8511
f 8513 8511 8512
f 8507 8514 8515
f 8516 8518 8519
f 8520 8516 8521
f 8522 8524 8525
f 8526 8522 8525
f 8528 8530 8531
f 8532 8529 8533
f 8534 8536 8537
f 8538 8534 8537
f 8464 8481 8465
f 8483 8541 8480
f 8542 8484 8467
f 8487 8540 8483
f 8488 8542 8544
f 8545 8486 8489
f 8481 8466 8465
f 8547 8489 8490
f 8548 8493 8471
f 8549 8502 8492
f 8551 8494 8548
f 8497 8552 8495
f 8469 8499 8470
f 8547 8497 8498
f 8469 8503 8500
f 8501 8550 8545
f 8460 8507 8461
f 8552 8506 8505
f 8554 8510 8463
f 8549 8505 8509
f 8554 8512 8511
f 8513 8550 8508
f 8461 8515 8462
f 8557 8513 8514
f 8558 8519 8479
f 8559 8527 8518
f 8521 8558 8561
f 8553 8517 8520
f 8477 8524 8478
f 8520 8557 8553
f 8476 8525 8477
f 8527 8556 8522
f 8563 8528 8475
f 8564 8531 8565
f 8533 8563 8566
f 8562 8530 8532
f 8473 8536 8474
f 8559 8532 8535
f 8472 8537 8473
f 8560 8539 8564
f 8463 8555 8554
f 8544 8467 8466
f 8470 8548 8471
f 8475 8566 8563
f 8479 8561 8558
f 8484 8483 8482
f 8490 8488 8491
f 8503 8492 8502
f 8498 8496 8499
f 8504 8509 8505
f 8515 8513 8512
f 8519 8527 8526
f 8521 8523 8520
f 8528 8539 8538
f 8533 8535 8532
f 8467 8482 8464
f 8487 8546 8543
f 8544 8491 8488
f 8480 8547 8490
f 8493 8468 8471
f 8495 8549 8492
f 8551 8499 8496
f 8501 8547 8498
f 8460 8510 8504
f 8508 8549 8509
f 8555 8515 8512
f 8506 8557 8514
f 8519 8476 8479
f 8517 8559 8518
f 8561 8524 8521
f 8522 8557 8523
f 8475 8538 8472
f 8567 8531 8530
f 8566 8536 8533
f 8560 8535 8534
f 8442 8568 8569
f 6512 8568 6754
f 8570 8571 8572
f 8426 6514 8423
f 8428 8443 8427
f 6522 8432 6523
f 8437 8433 8454
f 6524 8435 6527
f 6528 8435 8438
f 8423 6550 8441
f 8429 6516 8427
f 6515 8445 6908
f 8441 6754 8568
f 8570 8569 8568
f 8440 6512 6511
f 8569 8458 8442
f 8574 8572 8571
f 8572 8573 8569
f 8453 8577 8456
f 8576 8455 8578
f 8452 8580 8451
f 8573 8582 8458
f 8575 8581 8573
f 8584 8575 8574
f 8571 8457 8574
f 8439 8440 8438
f 8585 8587 8588
f 8587 8590 8588
f 8589 8592 8590
f 8591 8594 8592
f 8593 8596 8594
f 8595 8598 8596
f 8599 8586 8585
f 8601 8600 8599
f 8603 8602 8601
f 8605 8598 8597
f 8607 8604 8603
f 8609 8608 8607
f 8611 8610 8609
f 8606 8612 8611
f 8613 8589 8587
f 8614 8591 8589
f 8615 8593 8591
f 8616 8595 8593
f 8617 8597 8595
f 8619 8617 8616
f 8620 8618 8617
f 8620 8623 8621
f 8624 8626 8627
f 8626 8622 8627
f 8620 8628 8622
f 8622 8629 8627
f 8627 8630 8624
f 8632 8634 8631
f 8636 8633 8635
f 8637 8636 8635
f 8639 8632 8640
f 8633 8641 8635
f 8635 8642 8637
f 8642 8644 8637
f 8645 8637 8644
f 8586 8613 8587
f 8600 8646 8586
f 8616 8648 8619
f 8615 8649 8648
f 8613 8649 8614
f 8651 8613 8646
f 8647 8651 8646
f 8652 8654 8651
f 8602 8647 8600
f 8655 8652 8647
f 8656 8653 8652
f 8653 8659 8654
f 8658 8661 8659
f 8644 8663 8645
f 8664 8662 8665
f 8661 8666 8659
f 8666 8654 8659
f 8667 8651 8654
f 8668 8597 8618
f 8669 8618 8621
f 8670 8621 8623
f 8671 8623 8626
f 8671 8625 8672
f 8625 8673 8672
f 8636 8675 8634
f 8638 8674 8636
f 8645 8676 8638
f 8645 8678 8677
f 8679 8660 8658
f 8657 8658 8653
f 8583 8648 8649
f 8650 8583 8649
f 8667 8581 8650
f 8666 8582 8667
f 8664 8681 8666
f 8682 8665 8683
f 8684 8643 8642
f 8684 8641 8579
f 8639 8579 8641
f 8580 8640 8578
f 8629 8576 8630
f 8604 8655 8602
f 8608 8686 8604
f 8610 8687 8608
f 8612 8688 8610
f 8605 8689 8612
f 8690 8668 8669
f 8691 8689 8690
f 8692 8688 8691
f 8693 8687 8692
f 8656 8686 8693
f 8694 8669 8670
f 8695 8690 8694
f 8696 8691 8695
f 8697 8692 8696
f 8657 8693 8697
f 8697 8679 8657
f 8696 8698 8697
f 8696 8700 8699
f 8694 8700 8695
f 8670 8701 8694
f 8702 8671 8672
f 8701 8703 8700
f 8703 8699 8700
f 8699 8705 8698
f 8698 8680 8679
f 8672 8706 8702
f 8675 8707 8708
f 8674 8709 8707
f 8709 8677 8710
f 8677 8711 8710
f 8712 8710 8711
f 8702 8714 8703
f 8713 8714 8715
f 8707 8716 8717
f 8717 8713 8715
f 8710 8716 8709
f 8708 8717 8715
f 8546 8599 8543
f 8546 8603 8601
f 8550 8603 8545
f 8556 8607 8550
f 8560 8609 8556
f 8564 8611 8560
f 8565 8606 8564
f 8565 8596 8598
f 8567 8594 8596
f 8562 8592 8594
f 8553 8590 8592
f 8590 8541 8588
f 8540 8588 8541
f 8543 8585 8540
f 8684 8450 8685
f 8579 8449 8684
f 8682 8448 8681
f 8447 8683 8459
f 8681 8458 8582
f 8628 8619 8718
f 8584 8619 8648
f 8628 8577 8629
f 8457 8577 8718
f 8574 8718 8584
f 7134 6919 7135
f 6164 6919 6783
f 5485 6609 5921
f 3832 8188 6690
f 5921 6221 3354
f 5922 7128 6607
f 6439 8720 6440
f 8720 6570 6749
f 6570 8721 6464
f 6439 8721 8719
f 6727 6057 6312
f 6312 6073 6247
f 6828 6073 6072
f 6877 6267 6745
f 6745 6299 6744
f 6891 6305 6889
f 6338 6746 6339
f 6438 6410 6435
f 6412 6440 6748
f 6564 6424 6565
f 6842 6577 8395
f 6889 6829 7156
f 6579 6564 6563
f 6435 6565 6424
f 8722 6306 6891
f 8723 6058 6727
f 6269 6878 6879
f 7160 6829 6598
f 8724 8143 8725
f 8238 6248 6828
f 6339 6744 6299
f 8395 6338 6337
f 6879 8404 8726
f 8422 8231 8238
f 8725 6859 8723
f 8416 7157 7160
f 6059 6049 6056
f 6330 6049 6048
f 7156 6259 6889
f 6269 6264 6266
f 6297 6264 6241
f 6340 6351 6337
f 6368 8395 6369
f 6422 6559 6423
f 6436 6404 6437
f 6447 6438 6437
f 6424 6436 6435
f 6331 6099 6330
f 6422 6842 6368
f 8722 6856 8726
f 8141 6862 8142
f 6265 6617 6242
f 6324 6259 6258
f 7158 6260 7156
f 6709 6863 8141
f 8235 6827 6331
f 6298 6352 6340
f 6370 6351 6350
f 6891 8403 8722
f 8419 8237 8235
f 6051 8145 6709
f 8422 7155 7158
f 8721 6446 6464
f 6748 8720 6749
f 8727 6011 8194
f 8158 8144 8724
f 6009 6861 8144
f 6008 6862 6861
f 8142 8727 8160
f 6554 6893 6858
f 6833 6708 8398
f 6708 8403 8398
f 5623 6892 4042
f 8406 8365 8358
f 8407 8366 8406
f 8377 8408 8389
f 8397 6530 6529
f 6651 8400 8353
f 8402 6616 6615
f 6618 8399 6651
f 6554 6878 6551
f 8396 6854 6530
f 8401 6552 6616
f 6892 6529 6743
f 8353 8365 8355
f 8377 6276 8362
f 8409 6277 6276
f 8410 5932 6277
f 8726 6857 8722
f 8726 6855 6879
f 7234 6106 8215
f 8279 6127 6288
f 8354 6227 6652
f 6246 6619 6289
f 8239 6282 8394
f 8162 6286 6625
f 6292 6246 6289
f 6382 6377 6379
f 6392 6396 6393
f 6396 6427 6428
f 6398 6443 6459
f 6459 6458 6460
f 6525 6523 6526
f 6558 6271 6555
f 6429 6560 6561
f 6460 6572 6476
f 6272 3736 3735
f 7128 6602 8195
f 6227 6244 6652
f 7180 6634 6103
f 6642 6285 8219
f 6356 6740 6614
f 6816 8218 8217
f 6820 8301 6817
f 6355 6741 6356
f 6344 6834 6341
f 6364 6840 6361
f 6375 6560 6415
f 6848 6488 6477
f 6853 6506 6489
f 6530 6740 6531
f 8140 6874 6601
f 6555 6831 6876
f 8215 6881 8216
f 6348 6894 6345
f 6383 6896 6417
f 6433 6896 6420
f 6432 6898 6390
f 6406 6898 6407
f 6900 6387 6899
f 6900 6448 6901
f 6472 6903 6482
f 6480 6903 6902
f 6497 6906 6479
f 6908 6518 6909
f 4280 6120 6603
f 6100 7170 6128
f 6632 7188 8201
f 7235 7201 7200
f 7206 7212 7207
f 8213 7232 7231
f 8214 7231 7201
f 6108 7200 7203
f 7238 8300 6820
f 7207 8299 7238
f 8205 7240 8202
f 6170 7232 7256
f 6638 8149 6639
f 6601 8157 6600
f 6600 6283 8162
f 8392 8222 8393
f 6278 8241 6279
f 6816 8274 6813
f 6642 6814 6641
f 6128 6124 8279
f 8195 6127 6126
f 8212 8286 8285
f 8292 8286 8289
f 8290 8210 8209
f 8207 8290 8209
f 8294 8295 8298
f 8206 8295 8208
f 6817 8297 8296
f 8288 7256 8285
f 7209 7240 7239
f 6225 8360 8361
f 8369 8360 8356
f 8375 8368 8369
f 8381 8387 8383
f 8385 8383 8382
f 8385 8391 8384
f 8147 6282 6281
f 6345 6835 6344
f 6327 6834 6360
f 6295 6841 6364
f 6379 6840 6837
f 6853 6845 6844
f 6479 6905 6480
f 6848 6571 6573
f 6452 6904 6472
f 6525 6851 6520
f 6496 6907 6497
f 8402 6876 6831
f 8408 8387 8380
f 6279 8222 8221
f 6872 8149 8148
f 8223 8373 8220
f 6526 8436 6524
f 8446 8426 8425
f 8455 8431 8451
f 8446 8450 8444
f 8454 8432 8431
f 6908 8428 6519
f 8578 8451 8580
f 8632 8625 8624
f 8640 8624 8630
f 8660 8662 8661
f 8662 8643 8665
f 8675 8631 8634
f 8680 8663 8660
f 8683 8643 8685
f 8578 8630 8576
f 8673 8708 8706
f 8678 8705 8711
f 8711 8704 8712
f 8706 8715 8714
f 8703 8712 8704
f 8459 8685 8450
f 8407 8376 8375
f 6615 8405 8402
f 5993 6335 5994
f 6060 6018 5991
f 5993 6081 6080
f 6105 6176 6702
f 6177 6000 7165
f 6309 6310 6251
f 8725 6314 8724
f 8724 6318 8158
f 6321 6053 6052
f 6249 6310 6247
f 6596 6257 6597
f 8188 6605 8189
f 5986 6682 6060
f 6714 6311 6309
f 6047 6086 6081
f 6875 6304 6665
f 6001 6912 5983
f 7162 6597 6257
f 7254 6912 6704
f 6684 7163 7254
f 8723 6315 8725
f 6592 6318 6317
f 8332 8171 8728
f 6607 5350 5922
f 8191 8198 8199
f 8197 8193 8196
f 8159 6319 6321
f 8232 6595 6249
f 8192 7173 7175
f 8189 8193 7174
f 6177 8199 6175
f 6733 8330 6734
f 8340 8330 8329
f 8341 6335 6334
f 8412 6875 8411
f 8414 6273 6599
f 8416 8236 8232
f 6727 8136 8723
f 8417 7159 7162
f 6277 5558 6274
f 5935 6635 6235
f 5991 6061 6060
f 6019 6682 6681
f 5999 6033 5996
f 6045 6677 6680
f 6055 6083 7130
f 5995 6063 5992
f 6084 6053 6046
f 6088 5989 8166
f 6063 6046 5992
f 6066 6034 5999
f 6103 7181 7180
f 6673 6133 6132
f 6149 6153 6152
f 6323 8166 8165
f 6585 6083 6082
f 6630 6702 6176
f 6634 7168 7167
f 6676 6152 6133
f 6703 6628 7248
f 6796 6728 8178
f 6069 6097 6066
f 6132 6674 6673
f 6803 6800 6804
f 6011 6055 7130
f 6799 6582 6585
f 7194 6881 6882
f 7131 6583 6333
f 6798 6913 6674
f 7179 8204 7236
f 7183 7246 7242
f 7188 7242 7241
f 6109 7192 6882
f 7204 6176 6175
f 7219 6628 6627
f 7218 7248 6628
f 7179 6627 7176
f 7250 6704 6703
f 7228 7249 7248
f 6678 7249 6679
f 5997 7251 5998
f 8168 6644 6643
f 8167 6732 6644
f 8169 6733 6732
f 8170 8331 6733
f 8336 8173 8172
f 8182 8175 8174
f 8182 8176 8181
f 8181 8177 8180
f 8180 8179 7136
f 7133 6590 6913
f 7130 8194 6011
f 8200 6632 7177
f 7178 8205 8204
f 8269 6153 8216
f 8254 8252 8251
f 8260 6101 8277
f 8179 6802 7136
f 8263 6038 6802
f 8264 6039 6038
f 8265 6130 6039
f 8266 6157 6130
f 8267 6158 6157
f 8268 8217 6158
f 8270 6816 8217
f 6813 8273 7190
f 8273 8247 7190
f 8276 8277 8248
f 7192 8250 7193
f 8252 8259 8249
f 8276 8250 8249
f 7204 7177 7176
f 7182 8315 7246
f 8343 8334 8333
f 8333 8342 8343
f 8343 6800 6065
f 8340 6064 5995
f 6323 8350 6322
f 8168 8348 8165
f 8349 5936 8350
f 8352 5938 8348
f 6103 7167 6100
f 8271 8216 6881
f 8201 7241 8205
f 8274 8271 7194
f 5991 6017 5988
f 8728 6017 6016
f 5997 6680 6679
f 5996 6045 6680
f 6033 6042 6045
f 6042 8175 8172
f 8172 8338 8336
f 8336 8337 8333
f 6684 6677 6681
f 6681 6044 6019
f 6019 6043 6016
f 6016 8173 8728
f 8728 8335 8332
f 8332 8334 8329
f 8194 8160 8727
f 6805 6009 8158
f 5940 7137 6719
f 8324 5942 8325
f 8325 5495 8225
f 6253 4292 6250
f 7137 5944 6715
f 8348 5937 8349
f 8350 5530 8131
f 5624 6159 5489
f 6718 5940 6719
f 8327 5490 6162
f 8347 5939 8352
f 5933 6121 6120
f 8184 5946 8347
f 7142 5615 8370
f 6145 5945 8327
f 8234 5943 6253
f 8328 5488 6144
f 8318 5948 8328
f 7139 4299 7140
f 8418 5947 8234
f 5604 6599 5605
f 5949 6712 6716
f 5944 6716 6715
f 6720 5950 6255
f 6255 4322 6256
f 5614 6235 6234
f 6711 5951 8161
f 8161 3857 6593
f 5973 2965 3013
f 2965 5963 222
f 222 5960 223
f 223 5958 3186
f 5958 3185 3186
f 5957 2977 3185
f 5970 1213 2977
f 5967 1214 1213
f 2532 5966 5953
f 2894 5953 5952
f 2871 5952 8344
f 5510 5721 5509
f 5822 5824 5823
f 3511 3844 3735
f 3887 3889 3888
f 3876 3878 3877
f 3356 3911 3909
f 3372 3390 3391
f 3849 3851 3850
f 3481 3867 3866
f 3873 3385 3382
f 3875 3450 3452
f 3915 3865 3862
f 3657 3671 3656
f 5618 3013 2152
f 1997 1889 1892
f 1237 744 855
f 1535 120 121
f 1531 201 214
f 1119 1032 984
f 946 824 947
f 163 5 162
f 9041 9175 9193
f 1155 1162 1164
f 427 327 424
f 553 796 498
f 8732 2231 2237
f 8732 2230 2232
f 2237 3180 8732
f 8734 8736 8733
f 8735 8738 8736
f 8737 8740 8738
f 8739 8742 8740
f 8743 8745 8746
f 8746 8747 8748
f 8749 8748 8747
f 8751 8750 8749
f 8754 8756 8753
f 8757 8755 8754
f 8759 8758 8757
f 8761 8760 8759
f 8763 8762 8761
f 8766 8749 8765
f 8765 8747 8767
f 8767 8745 8768
f 8768 8744 8769
f 8744 8771 8769
f 8770 8772 8771
f 8741 8773 8772
f 8739 8774 8773
f 8737 8775 8774
f 8735 8776 8775
f 8776 8777 3184
f 2904 8779 2947
f 8780 2904 2902
f 8781 2902 2876
f 2875 8781 2876
f 8783 2733 2736
f 2825 8786 2824
f 8788 8790 8787
f 8792 8787 8791
f 2724 8785 2825
f 8787 3115 3117
f 8791 3117 3119
f 8794 8765 8793
f 8793 8767 8795
f 8795 8768 8796
f 8796 8769 8797
f 8797 8771 8798
f 8771 8799 8798
f 8772 8800 8799
f 8773 8801 8800
f 8774 8802 8801
f 8775 8803 8802
f 8776 3056 8803
f 8802 2253 2252
f 8801 2252 1727
f 8800 1727 2150
f 8799 2150 1941
f 8804 8799 1941
f 8805 8798 8804
f 8806 8797 8805
f 8807 8796 8806
f 8793 8807 8808
f 8794 8808 8809
f 8810 8809 8808
f 8808 8806 8810
f 8810 8805 8812
f 8813 8810 8812
f 8812 8804 8814
f 8815 8812 8814
f 8814 1941 1360
f 8755 8752 8756
f 8758 8750 8755
f 8760 8748 8758
f 8762 8746 8760
f 8816 8764 8763
f 8818 8820 8817
f 8816 8782 8784
f 8821 8817 8816
f 8789 8783 8786
f 8818 8789 8788
f 8819 8788 8792
f 8822 8819 8823
f 8823 8792 8824
f 8824 8791 2712
f 2712 3119 3128
f 8826 8823 8825
f 8825 8824 8827
f 8827 2712 2711
f 8828 2711 2400
f 8829 8827 8828
f 8830 8825 8829
f 8743 8764 8831
f 8817 8831 8764
f 8770 8743 8831
f 8741 8831 8742
f 8820 8742 8831
f 8740 8822 8826
f 8738 8826 8830
f 8736 8830 8832
f 8833 2400 2402
f 8834 8828 8833
f 8832 8829 8834
f 8835 2402 2707
f 3058 2707 2708
f 3061 8835 3058
f 8836 8833 8835
f 8733 8832 8837
f 8837 8834 8836
f 8777 8733 8838
f 8838 8837 1962
f 8837 3061 1962
f 1961 8838 1962
f 3057 8777 8838
f 8779 8753 8839
f 8778 8754 8779
f 8780 8757 8778
f 8781 8759 8780
f 8782 8761 8781
f 8821 8784 8783
f 8785 8789 8786
f 2723 8790 8785
f 2875 8784 8782
f 2736 8786 8783
f 2947 8839 8944
f 8815 1360 8941
f 1900 1924 1901
f 1736 1718 1750
f 1955 1943 1956
f 1671 1735 1751
f 1696 1698 1692
f 1800 1864 1801
f 2063 2056 2060
f 1737 1717 1736
f 1751 1697 1695
f 943 9351 684
f 9108 8753 9057
f 1577 1764 1703
f 9369 1599 9375
f 1945 82 1944
f 68 7 248
f 147 1543 148
f 1109 1133 1102
f 1503 1907 1908
f 1499 1909 1498
f 452 735 215
f 1824 9287 9297
f 1825 2068 1824
f 1463 1022 1194
f 841 1009 1011
f 1568 1955 1534
f 1926 1927 1923
f 1910 1502 1939
f 1939 422 442
f 309 1940 308
f 1804 1866 1803
f 269 1954 56
f 2065 2060 2056
f 9264 1758 9287
f 280 552 1940
f 1875 1869 1874
f 1739 1734 1737
f 5923 5899 5924
f 1778 1790 1788
f 310 1915 279
f 1909 1906 1954
f 1789 1778 1788
f 978 980 979
f 1584 1731 1583
f 425 311 312
f 148 115 116
f 2044 9346 2046
f 277 1939 551
f 1943 1945 1944
f 1461 1463 1464
f 2253 3056 3055
f 2981 8927 958
f 2209 8927 3055
f 2254 3055 8927
f 2998 958 8927
f 2826 2721 2724
f 8928 2721 2817
f 2816 8928 2817
f 2334 2296 2335
f 2298 2334 2336
f 2301 2336 2338
f 2311 2338 2354
f 2312 2354 2355
f 2359 2361 2360
f 2335 2359 2360
f 2414 2365 2364
f 2413 2361 2365
f 2355 2540 2541
f 2541 2539 2542
f 2722 2739 2738
f 3114 2738 3113
f 3110 3121 3120
f 3108 3120 3113
f 3122 3127 3126
f 3112 3126 3121
f 3127 1753 3135
f 3139 2529 2542
f 9196 3133 3139
f 8928 2740 2739
f 8929 2789 8928
f 228 91 88
f 245 243 242
f 248 247 191
f 2 296 295
f 145 300 267
f 327 210 328
f 329 331 330
f 250 228 236
f 239 240 230
f 373 375 374
f 178 176 175
f 1218 1228 1321
f 9314 1295 9306
f 808 824 823
f 9310 1013 1014
f 9265 1411 1413
f 2154 2159 2160
f 9297 1758 1757
f 306 1922 452
f 2157 1976 1977
f 708 2031 1474
f 1450 1227 1428
f 1672 1605 1624
f 1813 1821 1816
f 1717 1715 1718
f 176 402 347
f 1710 9368 9367
f 1712 1577 1711
f 1705 1711 1704
f 3435 3475 3434
f 971 979 970
f 822 1094 1102
f 2909 2793 2792
f 2810 2795 2793
f 2799 2249 2800
f 9114 2910 2799
f 2769 2801 2795
f 3177 3178 3179
f 3178 3180 3179
f 3181 1393 2800
f 3181 1632 3182
f 3182 2244 3183
f 3183 2243 3180
f 8932 2790 8929
f 2808 8929 2816
f 2239 9016 2240
f 1149 9015 9014
f 1150 9011 9015
f 2202 9010 2015
f 2921 9009 2923
f 9012 2133 2928
f 1777 1759 1792
f 1201 1183 1184
f 9005 2195 2194
f 8997 2770 2768
f 9379 1687 1692
f 1516 154 503
f 8993 2974 2803
f 8994 2779 2778
f 2771 9019 8990
f 3070 8990 9002
f 8991 2775 2867
f 1376 1370 1372
f 2767 9000 2206
f 2195 8987 2767
f 2775 8986 2776
f 8344 8989 2871
f 9256 8983 2806
f 2776 8982 2805
f 2240 8979 2920
f 2920 9121 9071
f 8992 2786 2779
f 1805 1851 1804
f 8978 2787 2786
f 2951 8984 8975
f 2772 8975 9019
f 2973 8974 8980
f 2224 8981 8974
f 1957 320 510
f 306 304 303
f 2770 8972 2913
f 2913 9018 2239
f 2923 8971 2922
f 308 431 47
f 207 132 543
f 1879 1881 1880
f 9185 8969 2089
f 2475 9002 8968
f 2476 8968 8967
f 2223 8967 8981
f 8966 2803 2802
f 2037 11 1950
f 1959 450 505
f 2003 8964 2129
f 9 334 540
f 2009 8962 9011
f 2008 8980 8962
f 9329 673 9331
f 8959 2778 2784
f 2935 8957 2936
f 111 9014 8955
f 3238 3341 3237
f 8954 2935 2938
f 683 9337 943
f 8952 2810 2909
f 736 732 729
f 1795 1803 1796
f 8949 2938 2939
f 8951 2939 2940
f 2950 8948 2949
f 2940 8948 8951
f 9253 8956 2950
f 2868 8946 2869
f 2869 8966 2802
f 1024 1023 1020
f 8944 2948 2947
f 551 442 443
f 2972 9012 2928
f 2032 8943 2972
f 216 1924 1923
f 3532 3482 3533
f 203 201 200
f 3539 3541 3540
f 1828 1847 1837
f 1958 449 450
f 272 178 175
f 2871 8939 1361
f 9071 9008 2921
f 2801 9095 9114
f 2005 9106 2176
f 960 899 962
f 9109 9064 9076
f 9232 9098 3151
f 3151 9045 2555
f 2193 9075 2194
f 9059 3145 3144
f 9055 2761 3145
f 9044 3144 3104
f 2926 9086 3103
f 9086 3104 3103
f 9207 9198 9205
f 566 9210 2005
f 8839 1864 8944
f 1602 2079 2078
f 2868 9063 2922
f 2922 9062 2923
f 2923 9070 2921
f 9122 2918 9066
f 9071 9066 2920
f 2921 9122 9071
f 2920 9038 2240
f 9065 2915 2918
f 2917 9074 9093
f 2916 9093 9094
f 2239 9104 2913
f 2911 9104 2757
f 9095 2911 2910
f 2797 9114 9043
f 2797 9050 2750
f 9074 2763 2765
f 9060 2764 2745
f 2194 9100 2221
f 2221 9101 2222
f 2756 9061 2755
f 2750 9061 2747
f 9121 1817 9279
f 9215 1691 1699
f 2515 9042 2548
f 2548 9045 2550
f 2513 9084 9068
f 2513 9073 2515
f 2509 9072 2289
f 2510 9085 2509
f 2289 9091 2283
f 2283 9069 2286
f 2240 9039 2239
f 9111 9076 9078
f 716 9339 9340
f 727 9213 1923
f 2165 2170 2164
f 9112 9078 9081
f 9195 9030 9209
f 2175 769 770
f 2100 2095 2099
f 9210 9209 9030
f 640 9012 1826
f 1653 8997 1651
f 1895 8974 746
f 746 8981 741
f 1653 8972 9020
f 9214 1604 1672
f 2093 2073 2078
f 959 995 884
f 962 919 986
f 1400 1398 1399
f 1000 1127 1004
f 956 884 885
f 1662 8994 1661
f 2034 8990 1654
f 9378 8983 9254
f 8979 766 1817
f 9016 765 766
f 334 9015 335
f 1868 8984 1656
f 1684 1652 1678
f 1682 775 1807
f 1585 9214 1700
f 9215 1672 1673
f 2173 490 491
f 1658 8991 1752
f 9000 1650 724
f 1571 2010 1572
f 1587 9123 2080
f 2099 2077 2094
f 787 1999 786
f 2000 786 1999
f 3155 9149 9135
f 9165 9135 9241
f 2180 9137 9136
f 8940 9136 9157
f 1684 9292 1651
f 1760 8939 8989
f 2607 9145 2590
f 2581 9141 2607
f 2371 9152 9147
f 2371 9145 2372
f 2587 9127 2586
f 2586 9149 339
f 2497 9139 2503
f 2502 9139 9152
f 2494 9142 2495
f 9142 2472 2495
f 9140 2468 2472
f 9153 2469 2468
f 726 9344 630
f 581 8962 580
f 10 9014 334
f 1837 8954 1849
f 741 8967 1300
f 1299 9002 2034
f 1851 8948 1866
f 8971 1820 1819
f 580 8980 1895
f 1758 8966 8946
f 1693 8952 1806
f 8948 1867 1866
f 1894 9012 8943
f 2126 9265 9293
f 9358 9293 9364
f 2113 9319 2110
f 2179 9241 9137
f 624 9356 623
f 2192 9240 9232
f 2177 9239 9185
f 1364 9285 1338
f 9310 1470 1453
f 3135 9227 9196
f 2069 9287 2068
f 1351 9305 1352
f 2108 9353 499
f 2089 9188 9185
f 9280 1358 866
f 2001 9235 2187
f 2187 9171 2091
f 2130 9204 2004
f 2004 9201 2001
f 2014 9231 2201
f 2201 9208 2130
f 3167 9211 2969
f 3168 9172 3167
f 3159 9216 3160
f 3160 9217 3081
f 9182 3158 337
f 3158 9161 3159
f 2200 9182 9174
f 9137 9194 2204
f 9174 2197 2200
f 9242 2092 9173
f 9226 9173 2197
f 3154 9242 9226
f 3155 9158 3154
f 2091 9173 2092
f 2196 9202 9228
f 2193 9228 9233
f 9056 9233 9240
f 2086 9232 9230
f 2087 9230 9229
f 2204 9203 2205
f 2205 9202 3148
f 9361 574 692
f 2124 9229 9212
f 2208 9212 9234
f 9163 3140 3137
f 9237 3138 3140
f 9197 3139 3138
f 9223 3136 2322
f 9164 3137 3136
f 9227 3131 3133
f 9219 3132 3131
f 1813 9290 1814
f 1293 9308 1344
f 2184 9200 9184
f 2181 9184 9186
f 9217 3079 3081
f 9220 3080 3079
f 709 9327 2031
f 2774 9189 9221
f 9238 2134 9003
f 9261 766 765
f 2968 9218 2959
f 2969 9236 2968
f 2958 9189 2961
f 2132 9218 2960
f 2321 9223 9200
f 9312 1449 28
f 9357 582 710
f 9338 577 574
f 9299 1818 9279
f 705 9339 2121
f 9268 9359 698
f 2111 9363 2113
f 9262 1366 1411
f 1812 9274 1815
f 675 9304 674
f 8940 9303 675
f 2110 9320 2109
f 2104 9353 2106
f 2109 9351 944
f 9294 703 739
f 1680 9298 1684
f 1639 9271 9270
f 623 9358 697
f 2139 9318 9317
f 1808 9296 9289
f 9272 1819 1820
f 9324 9352 706
f 1646 9282 1648
f 9341 633 577
f 2139 9327 18
f 2156 9323 9326
f 674 9365 9321
f 2117 9264 2069
f 1815 9299 9275
f 9307 1444 1470
f 697 9364 9268
f 866 9288 9280
f 9316 2136 2135
f 9037 9178 9041
f 9035 9183 9037
f 9205 9190 9191
f 9192 9033 9195
f 1088 9198 1093
f 9191 9195 9205
f 2791 8933 2792
f 8932 2807 8933
f 2792 8934 2909
f 8933 2806 8934
f 8952 8934 8960
f 8960 2806 8983
f 2948 9243 9253
f 2105 9348 2104
f 8982 9256 2805
f 680 9328 683
f 1891 9362 9343
f 2905 9253 2950
f 2900 9251 2905
f 2901 9259 2877
f 2734 9258 9246
f 2877 9258 2878
f 2820 9246 2872
f 2818 9244 2827
f 2823 9244 2826
f 2822 9250 2821
f 2819 9252 9250
f 2817 9247 2816
f 2809 9247 2815
f 2808 9255 2807
f 2805 9255 2804
f 1702 9375 1599
f 9374 1797 1802
f 9367 1706 1709
f 9370 1692 1698
f 1657 9332 1879
f 1890 9347 9362
f 9224 1674 1675
f 1689 9224 9225
f 9378 8982 1688
f 8960 1689 9225
f 9369 1703 1764
f 1598 9380 1770
f 9332 1876 1879
f 1691 9377 9379
f 9377 1688 1687
f 1117 1118 9382
f 1066 1322 9382
f 1243 847 9382
f 9277 848 9382
f 1128 1117 9382
f 1129 1130 9382
f 841 1011 9382
f 1230 9315 9382
f 1242 1243 9382
f 1322 1229 9382
f 1064 1065 9382
f 1003 1128 9382
f 1229 1230 9382
f 9315 1285 9382
f 1285 1288 9382
f 848 839 9382
f 847 9277 9382
f 1118 1129 9382
f 1065 1066 9382
f 1087 1086 9382
f 1008 1002 9382
f 1011 1008 9382
f 1002 1003 9382
f 1076 1069 9382
f 838 841 9382
f 839 838 9382
f 1288 1242 9382
f 1130 1087 9382
f 1086 1076 9382
f 1069 1064 9382
f 2410 2414 9383
f 2411 2410 9383
f 9069 2285 9383
f 2394 2393 9383
f 2393 2396 9383
f 2281 2286 9383
f 2282 2280 9383
f 2398 2399 9383
f 2465 2464 9383
f 2396 2397 9383
f 2470 2469 9383
f 2399 2416 9383
f 2480 2395 9383
f 2459 2480 9383
f 2369 2282 9383
f 2460 2459 9383
f 2415 2411 9383
f 2416 2415 9383
f 2364 2363 9383
f 2286 9069 9383
f 2464 2470 9383
f 2469 9155 9383
f 2285 2465 9383
f 2414 2364 9383
f 2395 2394 9383
f 2363 2367 9383
f 2397 2398 9383
f 2280 2281 9383
f 9155 2460 9383
f 2367 2369 9383
f 9386 9389 9390
f 9386 9391 9387
f 9384 9389 9385
f 9390 9395 9391
f 9389 9392 9393
f 9389 9394 9390
f 9394 9399 9395
f 9393 9396 9397
f 9394 9397 9398
f 9399 9402 9403
f 9396 9401 9397
f 9397 9402 9398
f 9402 9407 9403
f 9401 9404 9405
f 9402 9405 9406
f 9407 9410 9411
f 9405 9408 9409
f 9405 9410 9406
f 9411 9414 9415
f 9409 9412 9413
f 9410 9413 9414
f 9414 9419 9415
f 9412 9417 9413
f 9413 9418 9414
f 9418 9423 9419
f 9417 9420 9421
f 9418 9421 9422
f 9422 9427 9423
f 9420 9425 9421
f 9421 9426 9422
f 9426 9431 9427
f 9425 9428 9429
f 9426 9429 9430
f 9431 9434 9435
f 9428 9433 9429
f 9429 9434 9430
f 9434 9439 9435
f 9433 9436 9437
f 9434 9437 9438
f 9439 9442 9443
f 9436 9441 9437
f 9437 9442 9438
f 9443 9446 9447
f 9441 9444 9445
f 9442 9445 9446
f 9447 9450 9451
f 9444 9449 9445
f 9445 9450 9446
f 9450 9455 9451
f 9449 9452 9453
f 9450 9453 9454
f 9454 9459 9455
f 9452 9457 9453
f 9453 9458 9454
f 9458 9463 9459
f 9457 9460 9461
f 9458 9461 9462
f 9463 9466 9467
f 9460 9465 9461
f 9461 9466 9462
f 9466 9471 9467
f 9465 9468 9469
f 9466 9469 9470
f 9471 9474 9475
f 9468 9473 9469
f 9469 9474 9470
f 9475 9478 9479
f 9473 9476 9477
f 9474 9477 9478
f 9479 9482 9483
f 9476 9481 9477
f 9477 9482 9478
f 9483 9486 9487
f 9481 9484 9485
f 9482 9485 9486
f 9486 9491 9487
f 9484 9489 9485
f 9485 9490 9486
f 9490 9495 9491
f 9489 9492 9493
f 9490 9493 9494
f 9495 9498 9499
f 9492 9497 9493
f 9493 9498 9494
f 9498 9503 9499
f 9497 9500 9501
f 9498 9501 9502
f 9503 9507 9508
f 9500 9506 9501
f 9501 9507 9502
f 9508 9511 9512
f 9505 9510 9506
f 9507 9510 9511
f 9384 9504 9388
f 9388 9504 9392
f 9392 9504 9396
f 9396 9504 9400
f 9400 9504 9404
f 9404 9504 9408
f 9408 9504 9412
f 9412 9504 9416
f 9416 9504 9420
f 9420 9504 9424
f 9424 9504 9428
f 9428 9504 9432
f 9432 9504 9436
f 9436 9504 9440
f 9440 9504 9444
f 9444 9504 9448
f 9448 9504 9452
f 9452 9504 9456
f 9456 9504 9460
f 9460 9504 9464
f 9464 9504 9468
f 9468 9504 9472
f 9472 9504 9476
f 9476 9504 9480
f 9480 9504 9484
f 9484 9504 9488
f 9488 9504 9492
f 9492 9504 9496
f 9496 9504 9500
f 9500 9504 9505
f 9505 9504 9509
f 9512 9386 9387
f 9510 9384 9385
f 9510 9386 9511
f 9509 9504 9384
f 9521 9533 9534
f 9518 9532 9519
f 9517 9529 9530
f 9515 9527 9528
f 9523 9537 9524
f 9521 9535 9522
f 9519 9533 9520
f 9518 9530 9531
f 9515 9529 9516
f 9513 9527 9514
f 9524 9538 9525
f 9523 9535 9536
f 9528 9542 9529
f 9526 9540 9527
f 9538 9550 9551
f 9535 9549 9536
f 9534 9546 9547
f 9531 9545 9532
f 9530 9542 9543
f 9528 9540 9541
f 9537 9549 9550
f 9534 9548 9535
f 9532 9546 9533
f 9531 9543 9544
f 9541 9555 9542
f 9540 9552 9553
f 9550 9564 9551
f 9548 9562 9549
f 9547 9559 9560
f 9544 9558 9545
f 9542 9556 9543
f 9541 9553 9554
f 9549 9563 9550
f 9547 9561 9548
f 9546 9558 9559
f 9544 9556 9557
f 9555 9567 9568
f 9552 9566 9553
f 9564 9576 9577
f 9562 9574 9575
f 9559 9573 9560
f 9557 9571 9558
f 9555 9569 9556
f 9553 9567 9554
f 9562 9576 9563
f 9561 9573 9574
f 9559 9571 9572
f 9557 9569 9570
f 9567 9581 9568
f 9566 9578 9579
f 9576 9590 9577
f 9575 9587 9588
f 9572 9586 9573
f 9571 9583 9584
f 9569 9581 9582
f 9566 9580 9567
f 9576 9588 9589
f 9574 9586 9587
f 9571 9585 9572
f 9569 9583 9570
f 9581 9593 9594
f 9578 9592 9579
f 9590 9602 9603
f 9588 9600 9601
f 9585 9599 9586
f 9583 9597 9584
f 9582 9594 9595
f 9579 9593 9580
f 9589 9601 9602
f 9587 9599 9600
f 9584 9598 9585
f 9583 9595 9596
f 9594 9606 9607
f 9592 9604 9605
f 9602 9616 9603
f 9601 9613 9614
f 9598 9612 9599
f 9596 9610 9597
f 9594 9608 9595
f 9592 9606 9593
f 9601 9615 9602
f 9600 9612 9613
f 9598 9610 9611
f 9596 9608 9609
f 9607 9619 9620
f 9605 9617 9618
f 9615 9629 9616
f 9613 9627 9614
f 9611 9625 9612
f 9610 9622 9623
f 9607 9621 9608
f 9605 9619 9606
f 9615 9627 9628
f 9613 9625 9626
f 9611 9623 9624
f 9608 9622 9609
f 9619 9633 9620
f 9617 9631 9618
f 9628 9642 9629
f 9627 9639 9640
f 9625 9637 9638
f 9622 9636 9623
f 9621 9633 9634
f 9619 9631 9632
f 9627 9641 9628
f 9625 9639 9626
f 9623 9637 9624
f 9622 9634 9635
f 9632 9646 9633
f 9630 9644 9631
f 9642 9654 9655
f 9639 9653 9640
f 9638 9650 9651
f 9635 9649 9636
f 9634 9646 9647
f 9632 9644 9645
f 9641 9653 9654
f 9638 9652 9639
f 9636 9650 9637
f 9635 9647 9648
f 9645 9659 9646
f 9644 9656 9657
f 9654 9668 9655
f 9652 9666 9653
f 9651 9663 9664
f 9648 9662 9649
f 9646 9660 9647
f 9645 9657 9658
f 9653 9667 9654
f 9651 9665 9652
f 9650 9662 9663
f 9648 9660 9661
f 9659 9671 9672
f 9656 9670 9657
f 9668 9680 9681
f 9665 9679 9666
f 9663 9677 9664
f 9661 9675 9662
f 9659 9673 9660
f 9657 9671 9658
f 9666 9680 9667
f 9665 9677 9678
f 9663 9675 9676
f 9661 9673 9674
f 9671 9685 9672
f 9670 9682 9683
f 9680 9694 9681
f 9678 9692 9679
f 9677 9689 9690
f 9675 9687 9688
f 9673 9685 9686
f 9670 9684 9671
f 9680 9692 9693
f 9678 9690 9691
f 9675 9689 9676
f 9673 9687 9674
f 9685 9697 9698
f 9682 9696 9683
f 9694 9706 9707
f 9692 9704 9705
f 9689 9703 9690
f 9687 9701 9688
f 9686 9698 9699
f 9683 9697 9684
f 9693 9705 9706
f 9691 9703 9704
f 9688 9702 9689
f 9687 9699 9700
f 9698 9710 9711
f 9696 9708 9709
f 9706 9720 9707
f 9705 9717 9718
f 9702 9716 9703
f 9700 9714 9701
f 9698 9712 9699
f 9696 9710 9697
f 9705 9719 9706
f 9704 9716 9717
f 9702 9714 9715
f 9700 9712 9713
f 9711 9723 9724
f 9709 9721 9722
f 9719 9733 9720
f 9717 9731 9718
f 9715 9729 9716
f 9714 9726 9727
f 9711 9725 9712
f 9709 9723 9710
f 9718 9732 9719
f 9717 9729 9730
f 9715 9727 9728
f 9712 9726 9713
f 9723 9737 9724
f 9721 9735 9722
f 9733 9745 9746
f 9731 9743 9744
f 9729 9741 9742
f 9726 9740 9727
f 9725 9737 9738
f 9723 9735 9736
f 9732 9744 9745
f 9729 9743 9730
f 9727 9741 9728
f 9726 9738 9739
f 9736 9750 9737
f 9734 9748 9735
f 9746 9758 9759
f 9743 9757 9744
f 9742 9754 9755
f 9739 9753 9740
f 9738 9750 9751
f 9736 9748 9749
f 9745 9757 9758
f 9742 9756 9743
f 9740 9754 9741
f 9739 9751 9752
f 9749 9763 9750
f 9748 9760 9761
f 9758 9772 9759
f 9756 9770 9757
f 9755 9767 9768
f 9752 9766 9753
f 9750 9764 9751
f 9749 9761 9762
f 9757 9771 9758
f 9756 9768 9769
f 9754 9766 9767
f 9752 9764 9765
f 9762 9776 9763
f 9760 9774 9761
f 9772 9784 9785
f 9770 9782 9783
f 9768 9780 9781
f 9765 9779 9766
f 9763 9777 9764
f 9762 9774 9775
f 9770 9784 9771
f 9768 9782 9769
f 9767 9779 9780
f 9764 9778 9765
f 9775 9789 9776
f 9774 9786 9787
f 9784 9798 9785
f 9782 9796 9783
f 9781 9793 9794
f 9779 9791 9792
f 9777 9789 9790
f 9774 9788 9775
f 9784 9796 9797
f 9782 9794 9795
f 9779 9793 9780
f 9777 9791 9778
f 9789 9802 9803
f 9786 9801 9787
f 9798 9811 9812
f 9796 9809 9810
f 9793 9808 9794
f 9792 9805 9806
f 9790 9803 9804
f 9787 9802 9788
f 9797 9810 9811
f 9795 9808 9809
f 9792 9807 9793
f 9790 9805 9791
f 9803 9815 9816
f 9801 9813 9814
f 9811 9825 9812
f 9810 9822 9823
f 9807 9821 9808
f 9806 9818 9819
f 9803 9817 9804
f 9801 9815 9802
f 9810 9824 9811
f 9809 9821 9822
f 9807 9819 9820
f 9804 9818 9805
f 9816 9828 9829
f 9814 9826 9827
f 9825 9837 9838
f 9822 9836 9823
f 9820 9834 9821
f 9819 9831 9832
f 9816 9830 9817
f 9814 9828 9815
f 9824 9836 9837
f 9822 9834 9835
f 9820 9832 9833
f 9817 9831 9818
f 9828 9842 9829
f 9826 9840 9827
f 9837 9851 9838
f 9836 9848 9849
f 9834 9846 9847
f 9831 9845 9832
f 9830 9842 9843
f 9828 9840 9841
f 9836 9850 9837
f 9834 9848 9835
f 9832 9846 9833
f 9831 9843 9844
f 9841 9855 9842
f 9839 9853 9840
f 9851 9863 9864
f 9848 9862 9849
f 9847 9859 9860
f 9845 9857 9858
f 9843 9855 9856
f 9841 9853 9854
f 9850 9862 9863
f 9847 9861 9848
f 9845 9859 9846
f 9843 9857 9844
f 9854 9868 9855
f 9853 9865 9866
f 9863 9877 9864
f 9861 9875 9862
f 9860 9872 9873
f 9858 9870 9871
f 9855 9869 9856
f 9854 9866 9867
f 9862 9876 9863
f 9860 9874 9861
f 9859 9871 9872
f 9856 9870 9857
f 9868 9880 9881
f 9865 9879 9866
f 9877 9889 9890
f 9875 9887 9888
f 9873 9885 9886
f 9870 9884 9871
f 9868 9882 9869
f 9867 9879 9880
f 9875 9889 9876
f 9873 9887 9874
f 9872 9884 9885
f 9870 9882 9883
f 9880 9894 9881
f 9878 9892 9879
f 9889 9903 9890
f 9887 9901 9888
f 9886 9898 9899
f 9884 9896 9897
f 9882 9894 9895
f 9879 9893 9880
f 9889 9901 9902
f 9887 9899 9900
f 9884 9898 9885
f 9882 9896 9883
f 9894 9906 9907
f 9891 9905 9892
f 9903 9915 9916
f 9901 9913 9914
f 9898 9912 9899
f 9896 9910 9897
f 9895 9907 9908
f 9892 9906 9893
f 9902 9914 9915
f 9899 9913 9900
f 9897 9911 9898
f 9896 9908 9909
f 9907 9919 9920
f 9905 9917 9918
f 9915 9929 9916
f 9914 9926 9927
f 9911 9925 9912
f 9909 9923 9910
f 9907 9921 9908
f 9905 9919 9906
f 9914 9928 9915
f 9913 9925 9926
f 9911 9923 9924
f 9909 9921 9922
f 9799 9525 9538
f 9799 9538 9551
f 9799 9551 9564
f 9799 9564 9577
f 9799 9577 9590
f 9799 9590 9603
f 9799 9603 9616
f 9799 9616 9629
f 9799 9629 9642
f 9799 9642 9655
f 9799 9655 9668
f 9799 9668 9681
f 9799 9681 9694
f 9799 9694 9707
f 9799 9707 9720
f 9799 9720 9733
f 9799 9733 9746
f 9799 9746 9759
f 9799 9759 9772
f 9799 9772 9785
f 9799 9785 9798
f 9799 9798 9812
f 9799 9812 9825
f 9799 9825 9838
f 9799 9838 9851
f 9799 9851 9864
f 9799 9864 9877
f 9799 9877 9890
f 9799 9890 9903
f 9799 9903 9916
f 9799 9916 9929
f 9920 9515 9516
f 9918 9513 9514
f 9929 9524 9525
f 9926 9523 9927
f 9924 9521 9925
f 9923 9518 9519
f 9920 9517 9921
f 9918 9515 9919
f 9799 9929 9525
f 9928 9523 9524
f 9926 9521 9522
f 9924 9519 9520
f 9921 9518 9922
f 9387 9917 9512
f 9917 9508 9512
f 9904 9503 9508
f 9891 9499 9503
f 9499 9865 9495
f 9495 9852 9491
f 9491 9839 9487
f 9839 9483 9487
f 9483 9813 9479
f 9813 9475 9479
f 9800 9471 9475
f 9786 9467 9471
f 9467 9760 9463
f 9463 9747 9459
f 9459 9734 9455
f 9734 9451 9455
f 9451 9708 9447
f 9708 9443 9447
f 9695 9439 9443
f 9682 9435 9439
f 9435 9656 9431
f 9431 9643 9427
f 9427 9630 9423
f 9630 9419 9423
f 9419 9604 9415
f 9604 9411 9415
f 9591 9407 9411
f 9578 9403 9407
f 9403 9552 9399
f 9399 9539 9395
f 9395 9526 9391
f 9526 9387 9391
f 9932 9935 9936
f 9932 9937 9933
f 9931 9934 9935
f 9936 9941 9937
f 9934 9939 9935
f 9935 9940 9936
f 9940 9945 9941
f 9939 9942 9943
f 9940 9943 9944
f 9945 9948 9949
f 9942 9947 9943
f 9943 9948 9944
f 9948 9953 9949
f 9947 9950 9951
f 9948 9951 9952
f 9953 9956 9957
f 9950 9955 9951
f 9951 9956 9952
f 9957 9960 9961
f 9955 9958 9959
f 9956 9959 9960
f 9961 9964 9965
f 9958 9963 9959
f 9959 9964 9960
f 9965 9968 9969
f 9963 9966 9967
f 9964 9967 9968
f 9968 9973 9969
f 9966 9971 9967
f 9967 9972 9968
f 9972 9977 9973
f 9970 9975 9971
f 9972 9975 9976
f 9977 9980 9981
f 9974 9979 9975
f 9975 9980 9976
f 9980 9985 9981
f 9979 9982 9983
f 9980 9983 9984
f 9985 9988 9989
f 9982 9987 9983
f 9983 9988 9984
f 9989 9992 9993
f 9986 9991 9987
f 9988 9991 9992
f 9993 9996 9997
f 9991 9994 9995
f 9991 9996 9992
f 9996 10001 9997
f 9994 9999 9995
f 9996 9999 10000
f 10000 10005 10001
f 9999 10002 10003
f 9999 10004 10000
f 10004 10009 10005
f 10003 10006 10007
f 10004 10007 10008
f 10009 10012 10013
f 10006 10011 10007
f 10007 10012 10008
f 10012 10017 10013
f 10011 10014 10015
f 10012 10015 10016
f 10017 10020 10021
f 10014 10019 10015
f 10015 10020 10016
f 10021 10024 10025
f 10019 10022 10023
f 10020 10023 10024
f 10024 10029 10025
f 10022 10027 10023
f 10023 10028 10024
f 10028 10033 10029
f 10027 10030 10031
f 10028 10031 10032
f 10032 10037 10033
f 10030 10035 10031
f 10031 10036 10032
f 10036 10041 10037
f 10035 10038 10039
f 10036 10039 10040
f 10041 10044 10045
f 10038 10043 10039
f 10039 10044 10040
f 10044 10049 10045
f 10043 10046 10047
f 10044 10047 10048
f 10049 10053 10054
f 10046 10052 10047
f 10047 10053 10048
f 10054 10057 10058
f 10052 10055 10056
f 10053 10056 10057
f 9930 10050 9934
f 9934 10050 9938
f 9938 10050 9942
f 9942 10050 9946
f 9946 10050 9950
f 9950 10050 9954
f 9954 10050 9958
f 9958 10050 9962
f 9962 10050 9966
f 9966 10050 9970
f 9970 10050 9974
f 9974 10050 9978
f 9978 10050 9982
f 9982 10050 9986
f 9986 10050 9990
f 9990 10050 9994
f 9994 10050 9998
f 9998 10050 10002
f 10002 10050 10006
f 10006 10050 10010
f 10010 10050 10014
f 10014 10050 10018
f 10018 10050 10022
f 10022 10050 10026
f 10026 10050 10030
f 10030 10050 10034
f 10034 10050 10038
f 10038 10050 10042
f 10042 10050 10046
f 10046 10050 10051
f 10051 10050 10055
f 10058 9932 9933
f 10055 9931 10056
f 10056 9932 10057
f 10055 10050 9930
f 10067 10079 10080
f 10064 10078 10065
f 10063 10075 10076
f 10061 10073 10074
f 10070 10082 10083
f 10067 10081 10068
f 10065 10079 10066
f 10064 10076 10077
f 10061 10075 10062
f 10059 10073 10060
f 10071 10083 10084
f 10069 10081 10082
f 10074 10088 10075
f 10072 10086 10073
f 10084 10096 10097
f 10081 10095 10082
f 10080 10092 10093
f 10078 10090 10091
f 10076 10088 10089
f 10074 10086 10087
f 10083 10095 10096
f 10080 10094 10081
f 10078 10092 10079
f 10076 10090 10077
f 10087 10101 10088
f 10086 10098 10099
f 10096 10110 10097
f 10094 10108 10095
f 10093 10105 10106
f 10091 10103 10104
f 10088 10102 10089
f 10087 10099 10100
f 10095 10109 10096
f 10094 10106 10107
f 10092 10104 10105
f 10089 10103 10090
f 10100 10114 10101
f 10098 10112 10099
f 10110 10122 10123
f 10108 10120 10121
f 10105 10119 10106
f 10103 10117 10104
f 10101 10115 10102
f 10100 10112 10113
f 10108 10122 10109
f 10106 10120 10107
f 10105 10117 10118
f 10103 10115 10116
f 10113 10127 10114
f 10112 10124 10125
f 10122 10136 10123
f 10120 10134 10121
f 10119 10131 10132
f 10117 10129 10130
f 10115 10127 10128
f 10113 10125 10126
f 10122 10134 10135
f 10119 10133 10120
f 10117 10131 10118
f 10115 10129 10116
f 10127 10139 10140
f 10124 10138 10125
f 10136 10148 10149
f 10134 10146 10147
f 10131 10145 10132
f 10130 10142 10143
f 10128 10140 10141
f 10125 10139 10126
f 10135 10147 10148
f 10133 10145 10146
f 10130 10144 10131
f 10128 10142 10129
f 10140 10152 10153
f 10138 10150 10151
f 10148 10162 10149
f 10147 10159 10160
f 10144 10158 10145
f 10143 10155 10156
f 10140 10154 10141
f 10138 10152 10139
f 10147 10161 10148
f 10146 10158 10159
f 10144 10156 10157
f 10141 10155 10142
f 10153 10165 10166
f 10151 10163 10164
f 10162 10174 10175
f 10159 10173 10160
f 10157 10171 10158
f 10156 10168 10169
f 10153 10167 10154
f 10151 10165 10152
f 10161 10173 10174
f 10159 10171 10172
f 10157 10169 10170
f 10154 10168 10155
f 10165 10179 10166
f 10163 10177 10164
f 10175 10187 10188
f 10173 10185 10186
f 10171 10183 10184
f 10168 10182 10169
f 10167 10179 10180
f 10165 10177 10178
f 10173 10187 10174
f 10171 10185 10172
f 10169 10183 10170
f 10168 10180 10181
f 10178 10192 10179
f 10176 10190 10177
f 10188 10200 10201
f 10185 10199 10186
f 10184 10196 10197
f 10182 10194 10195
f 10180 10192 10193
f 10178 10190 10191
f 10187 10199 10200
f 10184 10198 10185
f 10182 10196 10183
f 10180 10194 10181
f 10191 10205 10192
f 10190 10202 10203
f 10200 10214 10201
f 10198 10212 10199
f 10197 10209 10210
f 10195 10207 10208
f 10192 10206 10193
f 10191 10203 10204
f 10199 10213 10200
f 10197 10211 10198
f 10196 10208 10209
f 10193 10207 10194
f 10205 10217 10218
f 10202 10216 10203
f 10214 10226 10227
f 10211 10225 10212
f 10210 10222 10223
f 10207 10221 10208
f 10205 10219 10206
f 10204 10216 10217
f 10212 10226 10213
f 10210 10224 10211
f 10209 10221 10222
f 10207 10219 10220
f 10217 10231 10218
f 10216 10228 10229
f 10226 10240 10227
f 10224 10238 10225
f 10223 10235 10236
f 10221 10233 10234
f 10219 10231 10232
f 10217 10229 10230
f 10226 10238 10239
f 10223 10237 10224
f 10221 10235 10222
f 10219 10233 10220
f 10231 10243 10244
f 10228 10242 10229
f 10240 10252 10253
f 10238 10250 10251
f 10235 10249 10236
f 10234 10246 10247
f 10232 10244 10245
f 10229 10243 10230
f 10239 10251 10252
f 10237 10249 10250
f 10234 10248 10235
f 10232 10246 10233
f 10244 10256 10257
f 10242 10254 10255
f 10252 10266 10253
f 10251 10263 10264
f 10248 10262 10249
f 10247 10259 10260
f 10244 10258 10245
f 10242 10256 10243
f 10251 10265 10252
f 10250 10262 10263
f 10248 10260 10261
f 10245 10259 10246
f 10257 10269 10270
f 10255 10267 10268
f 10266 10278 10279
f 10263 10277 10264
f 10261 10275 10262
f 10260 10272 10273
f 10257 10271 10258
f 10255 10269 10256
f 10265 10277 10278
f 10263 10275 10276
f 10261 10273 10274
f 10258 10272 10259
f 10269 10283 10270
f 10267 10281 10268
f 10278 10292 10279
f 10277 10289 10290
f 10275 10287 10288
f 10272 10286 10273
f 10271 10283 10284
f 10269 10281 10282
f 10277 10291 10278
f 10275 10289 10276
f 10273 10287 10274
f 10272 10284 10285
f 10282 10296 10283
f 10280 10294 10281
f 10292 10304 10305
f 10289 10303 10290
f 10288 10300 10301
f 10286 10298 10299
f 10284 10296 10297
f 10282 10294 10295
f 10291 10303 10304
f 10288 10302 10289
f 10286 10300 10287
f 10284 10298 10285
f 10295 10309 10296
f 10294 10306 10307
f 10304 10318 10305
f 10302 10316 10303
f 10301 10313 10314
f 10299 10311 10312
f 10296 10310 10297
f 10295 10307 10308
f 10303 10317 10304
f 10301 10315 10302
f 10300 10312 10313
f 10297 10311 10298
f 10309 10321 10322
f 10307 10319 10320
f 10318 10330 10331
f 10316 10328 10329
f 10314 10326 10327
f 10311 10325 10312
f 10309 10323 10310
f 10308 10320 10321
f 10316 10330 10317
f 10314 10328 10315
f 10313 10325 10326
f 10311 10323 10324
f 10321 10335 10322
f 10320 10332 10333
f 10330 10344 10331
f 10329 10341 10342
f 10326 10340 10327
f 10325 10337 10338
f 10323 10335 10336
f 10320 10334 10321
f 10330 10342 10343
f 10328 10340 10341
f 10325 10339 10326
f 10323 10337 10324
f 10335 10348 10349
f 10332 10347 10333
f 10344 10357 10358
f 10342 10355 10356
f 10339 10354 10340
f 10337 10352 10338
f 10336 10349 10350
f 10333 10348 10334
f 10343 10356 10357
f 10341 10354 10355
f 10338 10353 10339
f 10337 10350 10351
f 10349 10361 10362
f 10347 10359 10360
f 10357 10371 10358
f 10356 10368 10369
f 10353 10367 10354
f 10351 10365 10352
f 10349 10363 10350
f 10347 10361 10348
f 10356 10370 10357
f 10355 10367 10368
f 10353 10365 10366
f 10351 10363 10364
f 10362 10374 10375
f 10360 10372 10373
f 10371 10383 10384
f 10368 10382 10369
f 10366 10380 10367
f 10365 10377 10378
f 10362 10376 10363
f 10360 10374 10361
f 10370 10382 10383
f 10368 10380 10381
f 10366 10378 10379
f 10363 10377 10364
f 10374 10388 10375
f 10372 10386 10373
f 10383 10397 10384
f 10382 10394 10395
f 10380 10392 10393
f 10377 10391 10378
f 10376 10388 10389
f 10374 10386 10387
f 10382 10396 10383
f 10380 10394 10381
f 10378 10392 10379
f 10377 10389 10390
f 10387 10401 10388
f 10385 10399 10386
f 10397 10409 10410
f 10394 10408 10395
f 10393 10405 10406
f 10390 10404 10391
f 10389 10401 10402
f 10387 10399 10400
f 10396 10408 10409
f 10393 10407 10394
f 10391 10405 10392
f 10390 10402 10403
f 10400 10414 10401
f 10399 10411 10412
f 10409 10423 10410
f 10407 10421 10408
f 10406 10418 10419
f 10403 10417 10404
f 10401 10415 10402
f 10400 10412 10413
f 10408 10422 10409
f 10406 10420 10407
f 10405 10417 10418
f 10403 10415 10416
f 10414 10426 10427
f 10411 10425 10412
f 10423 10435 10436
f 10420 10434 10421
f 10418 10432 10419
f 10416 10430 10417
f 10414 10428 10415
f 10412 10426 10413
f 10421 10435 10422
f 10419 10433 10420
f 10418 10430 10431
f 10416 10428 10429
f 10427 10439 10440
f 10425 10437 10438
f 10435 10449 10436
f 10433 10447 10434
f 10431 10445 10432
f 10430 10442 10443
f 10428 10440 10441
f 10425 10439 10426
f 10435 10447 10448
f 10433 10445 10446
f 10430 10444 10431
f 10428 10442 10429
f 10440 10452 10453
f 10437 10451 10438
f 10449 10461 10462
f 10447 10459 10460
f 10444 10458 10445
f 10443 10455 10456
f 10441 10453 10454
f 10438 10452 10439
f 10448 10460 10461
f 10446 10458 10459
f 10443 10457 10444
f 10441 10455 10442
f 10453 10465 10466
f 10451 10463 10464
f 10461 10475 10462
f 10460 10472 10473
f 10457 10471 10458
f 10456 10468 10469
f 10453 10467 10454
f 10451 10465 10452
f 10460 10474 10461
f 10459 10471 10472
f 10457 10469 10470
f 10454 10468 10455
f 10345 10071 10084
f 10345 10084 10097
f 10345 10097 10110
f 10345 10110 10123
f 10345 10123 10136
f 10345 10136 10149
f 10345 10149 10162
f 10345 10162 10175
f 10345 10175 10188
f 10345 10188 10201
f 10345 10201 10214
f 10345 10214 10227
f 10345 10227 10240
f 10345 10240 10253
f 10345 10253 10266
f 10345 10266 10279
f 10345 10279 10292
f 10345 10292 10305
f 10345 10305 10318
f 10345 10318 10331
f 10345 10331 10344
f 10345 10344 10358
f 10345 10358 10371
f 10345 10371 10384
f 10345 10384 10397
f 10345 10397 10410
f 10345 10410 10423
f 10345 10423 10436
f 10345 10436 10449
f 10345 10449 10462
f 10345 10462 10475
f 10466 10061 10062
f 10464 10059 10060
f 10474 10071 10475
f 10472 10069 10473
f 10470 10067 10471
f 10469 10064 10065
f 10466 10063 10467
f 10464 10061 10465
f 10345 10475 10071
f 10473 10070 10474
f 10472 10067 10068
f 10470 10065 10066
f 10467 10064 10468
f 9933 10463 10058
f 10463 10054 10058
f 10450 10049 10054
f 10437 10045 10049
f 10045 10411 10041
f 10041 10398 10037
f 10037 10385 10033
f 10385 10029 10033
f 10029 10359 10025
f 10359 10021 10025
f 10346 10017 10021
f 10332 10013 10017
f 10013 10306 10009
f 10009 10293 10005
f 10005 10280 10001
f 10280 9997 10001
f 9997 10254 9993
f 10254 9989 9993
f 10241 9985 9989
f 10228 9981 9985
f 9981 10202 9977
f 9977 10189 9973
f 9973 10176 9969
f 10176 9965 9969
f 9965 10150 9961
f 10150 9957 9961
f 10137 9953 9957
f 10124 9949 9953
f 9949 10098 9945
f 9945 10085 9941
f 9941 10072 9937
f 10072 9933 9937
f 4 3 2
f 8 7 6
f 13 16 15
f 17 28 19
f 32 31 30
f 36 35 34
f 37 40 39
f 21 22 23
f 25 26 27
f 41 44 43
f 48 47 46
f 52 51 50
f 53 56 55
f 60 59 58
f 29 30 62
f 66 65 64
f 67 5 6
f 72 71 70
f 76 75 74
f 77 80 79
f 81 84 83
f 59 87 86
f 88 91 90
f 96 95 94
f 100 99 98
f 101 104 103
f 106 105 34
f 108 116 115
f 117 119 36
f 124 127 126
f 131 130 129
f 132 102 134
f 142 141 140
f 148 106 60
f 144 143 127
f 149 152 151
f 156 155 154
f 159 150 158
f 116 108 164
f 171 170 169
f 174 126 173
f 179 182 181
f 186 189 188
f 194 197 196
f 199 142 139
f 206 209 208
f 213 212 211
f 202 215 214
f 96 93 216
f 92 238 43
f 97 184 246
f 250 249 229
f 252 254 58
f 258 257 256
f 260 91 229
f 110 111 112
f 114 264 263
f 265 268 267
f 56 53 270
f 274 273 249
f 185 183 63
f 280 279 278
f 285 284 283
f 288 219 211
f 141 142 92
f 289 290 175
f 148 116 105
f 312 311 170
f 238 262 42
f 318 163 160
f 310 309 308
f 241 239 325
f 160 230 240
f 47 48 307
f 108 109 315
f 345 85 86
f 348 351 350
f 356 359 358
f 355 354 353
f 363 31 32
f 364 252 253
f 366 125 368
f 183 372 371
f 163 162 161
f 209 226 101
f 378 377 165
f 379 295 381
f 383 382 3
f 284 285 386
f 387 127 389
f 391 259 229
f 73 281 397
f 405 408 407
f 203 218 411
f 414 121 413
f 1 356 357
f 277 276 131
f 254 344 57
f 358 384 415
f 417 416 386
f 401 400 192
f 419 389 127
f 421 181 182
f 103 301 302
f 428 367 368
f 380 390 359
f 62 204 266
f 140 141 431
f 357 358 351
f 356 1 379
f 415 392 403
f 437 428 436
f 438 441 440
f 188 451 450
f 265 455 181
f 224 185 64
f 237 212 213
f 275 131 128
f 281 282 460
f 50 462 79
f 73 74 282
f 468 467 466
f 390 355 352
f 482 485 484
f 489 488 487
f 493 496 495
f 472 471 470
f 502 501 500
f 220 221 222
f 512 419 143
f 518 517 511
f 513 239 230
f 205 30 31
f 189 370 451
f 163 318 532
f 533 224 225
f 446 448 447
f 335 541 540
f 544 512 546
f 329 519 291
f 199 534 262
f 385 386 416
f 532 190 191
f 363 117 118
f 578 581 580
f 573 572 571
f 561 563 562
f 241 260 259
f 590 593 592
f 545 546 595
f 503 154 155
f 606 625 624
f 478 481 480
f 646 649 648
f 590 591 689
f 564 565 651
f 728 246 184
f 714 724 716
f 692 574 575
f 541 335 581
f 346 68 248
f 161 231 230
f 128 129 94
f 698 705 704
f 574 577 576
f 290 289 401
f 630 631 725
f 733 736 735
f 755 466 496
f 759 480 481
f 757 763 762
f 764 496 466
f 768 767 9260
f 759 760 488
f 492 474 475
f 474 770 769
f 773 468 465
f 771 774 486
f 484 485 775
f 774 776 489
f 495 496 764
f 495 757 761
f 137 397 784
f 325 239 797
f 165 519 51
f 369 32 29
f 730 731 568
f 90 302 301
f 243 118 516
f 800 734 806
f 817 815 808
f 816 808 823
f 306 303 447
f 815 810 809
f 829 830 828
f 726 725 501
f 274 427 424
f 879 882 881
f 884 883 879
f 219 218 217
f 906 905 904
f 455 204 205
f 898 882 830
f 903 900 880
f 377 291 519
f 923 949 948
f 946 947 951
f 8963 740 739
f 900 899 886
f 225 64 65
f 182 445 442
f 809 952 947
f 954 960 962
f 927 950 965
f 885 879 880
f 925 927 966
f 343 342 341
f 965 964 971
f 968 971 970
f 972 968 969
f 963 961 981
f 336 337 338
f 992 993 827
f 810 815 996
f 1007 1001 1002
f 1012 826 827
f 1011 1009 1007
f 294 293 292
f 907 908 920
f 1017 579 1019
f 1020 1023 1022
f 1035 1024 1020
f 1061 1060 1047
f 1063 1061 1046
f 1044 1020 1021
f 1102 1094 1097
f 1116 1126 1118
f 1016 1015 1014
f 881 897 904
f 816 1116 1127
f 1094 948 949
f 514 342 167
f 146 145 81
f 1133 1135 1130
f 1102 1133 1126
f 822 1126 1116
f 1145 1143 1148
f 1076 1144 1151
f 1148 1143 1086
f 1109 1097 1114
f 1154 1153 1156
f 1153 925 967
f 8815 8941 463
f 1144 1147 1152
f 1156 967 1163
f 1164 1162 1169
f 1145 1171 1176
f 1114 1115 1154
f 1183 1155 1164
f 1184 1183 1177
f 1069 1151 1062
f 1023 1191 1194
f 1162 1163 1170
f 1195 1184 1185
f 1183 1196 1176
f 1201 1063 1152
f 1061 1063 1201
f 9277 847 843
f 1203 1202 1195
f 1202 1201 1184
f 1218 1060 1203
f 1060 1061 1202
f 1225 1218 1217
f 671 695 694
f 1219 1217 1024
f 1217 1203 1034
f 1226 1014 1015
f 1243 1242 1234
f 1231 1230 1229
f 847 1243 1233
f 843 1233 1244
f 1233 1234 1245
f 1923 9213 233
f 2100 2108 499
f 9366 9316 2135
f 61 62 323
f 210 211 217
f 1299 1310 1309
f 9315 1230 1231
f 1066 1047 1321
f 1322 1321 1228
f 1060 1218 1321
f 1325 1324 1323
f 1244 1245 1332
f 1290 1234 1242
f 1337 1330 1339
f 1330 1332 1340
f 1341 1332 1245
f 1342 1340 1332
f 1343 1342 1341
f 1344 1341 1294
f 9309 9308 1345
f 1347 1348 1342
f 9308 9306 1295
f 1349 1350 1348
f 9313 1349 1347
f 9305 1347 1343
f 906 898 829
f 905 906 1353
f 865 1356 1355
f 1355 1353 829
f 1357 1355 825
f 1356 1354 1353
f 9286 1337 1338
f 866 1358 1356
f 1358 1359 1354
f 9280 878 1337
f 838 1362 1012
f 1363 1364 1338
f 1368 1363 1339
f 1348 1368 1340
f 1371 1369 9276
f 524 525 526
f 528 529 530
f 1372 1370 1369
f 535 536 537
f 1367 1368 1348
f 1370 1354 1359
f 1369 1359 9285
f 1373 910 903
f 555 556 557
f 1374 909 910
f 1373 904 905
f 1374 1373 1375
f 1375 905 1354
f 1378 920 908
f 376 373 651
f 1388 928 973
f 586 587 588
f 1390 1389 1388
f 1391 1388 969
f 597 598 599
f 600 601 602
f 1392 1391 970
f 608 609 610
f 612 524 523
f 614 615 616
f 617 618 25
f 620 621 622
f 1397 1390 1391
f 1398 1397 1392
f 1400 987 920
f 1402 1403 1165
f 636 637 638
f 930 1404 1402
f 641 642 643
f 929 1402 1169
f 1404 1405 1403
f 1411 1366 1365
f 1412 1406 1415
f 652 653 654
f 609 656 657
f 659 660 661
f 558 663 586
f 665 666 667
f 1413 1411 1406
f 1418 1416 9262
f 1417 1372 1371
f 1416 1371 9281
f 1419 1417 1416
f 1386 909 1374
f 677 678 679
f 1385 1386 1420
f 1420 1374 1376
f 685 686 687
f 1421 1420 1422
f 528 690 691
f 1422 1376 1372
f 1018 1019 747
f 699 700 701
f 1424 578 579
f 9115 1597 1767
f 700 699 711
f 1093 9198 9206
f 717 718 530
f 721 722 723
f 704 1650 8987
f 19 1429 1426
f 1429 1428 1427
f 1658 1659 8986
f 1439 1437 1434
f 1437 1436 1435
f 1426 1427 1433
f 1442 1431 1432
f 742 743 744
f 1432 1433 1441
f 751 752 753
f 1438 1434 1403
f 1446 1445 1444
f 1447 1448 1446
f 9312 1447 1443
f 1415 1367 1445
f 1414 1415 1446
f 2173 1683 469
f 777 778 779
f 780 781 782
f 1676 1693 1806
f 9311 1451 1349
f 789 790 791
f 745 792 793
f 652 794 795
f 1455 1458 1457
f 1454 1367 1350
f 610 691 802
f 9283 9268 698
f 1352 1044 1045
f 1015 1016 1459
f 811 812 813
f 2118 9267 9269
f 819 820 821
f 1466 1463 1194
f 1467 1468 1465
f 1182 1165 1468
f 832 812 833
f 835 836 837
f 1467 1466 1190
f 1469 1470 1444
f 840 700 712
f 1453 1470 1469
f 599 844 845
f 1226 1450 9301
f 851 852 853
f 855 744 856
f 858 859 860
f 861 862 863
f 1014 1226 9307
f 867 676 868
f 870 871 872
f 874 875 876
f 1310 1323 1471
f 1476 1433 1427
f 1461 1476 1475
f 887 888 889
f 788 791 892
f 894 895 896
f 1460 1475 1227
f 901 902 524
f 1465 1478 1477
f 1865 8947 8944
f 911 912 913
f 916 917 918
f 1850 8949 8951
f 921 922 895
f 1479 1435 1436
f 926 664 667
f 1481 562 563
f 269 1483 84
f 931 932 933
f 934 935 614
f 936 685 688
f 938 659 662
f 1484 270 122
f 941 942 835
f 320 321 509
f 1849 8954 8949
f 84 1483 1484
f 1487 1490 1488
f 1757 1758 8946
f 365 1492 1491
f 461 79 80
f 117 363 362
f 1494 540 541
f 926 601 957
f 1477 1441 1433
f 1709 1588 1585
f 119 117 1496
f 271 1497 504
f 511 517 189
f 345 1496 1492
f 57 344 299
f 1501 1499 268
f 267 268 1499
f 974 975 976
f 1678 1652 1693
f 9298 1682 1807
f 557 982 663
f 983 941 984
f 1443 1444 9301
f 421 1500 268
f 989 990 991
f 1490 1487 418
f 279 280 309
f 997 868 676
f 998 26 999
f 1504 418 38
f 1506 1508 1507
f 360 361 1508
f 1506 1486 207
f 939 1005 1006
f 270 1484 1483
f 66 63 546
f 1010 742 793
f 367 428 437
f 244 31 363
f 1670 8976 8978
f 209 206 1510
f 388 389 426
f 427 274 250
f 161 520 521
f 100 246 45
f 1025 1026 608
f 1029 1030 1031
f 939 662 1033
f 41 42 594
f 1036 780 783
f 702 701 1038
f 1040 1041 1042
f 362 32 369
f 187 1520 477
f 70 1487 539
f 1049 600 603
f 613 867 869
f 860 1050 1051
f 1005 1052 1053
f 753 1055 1056
f 1057 1058 1059
f 293 288 1522
f 288 212 1521
f 292 1522 1523
f 331 1507 1508
f 306 452 453
f 100 44 41
f 462 1524 78
f 330 331 1524
f 635 1067 1068
f 1485 1527 1526
f 206 1485 1528
f 1070 1071 1072
f 942 941 1073
f 916 933 1075
f 440 1529 1530
f 157 158 1514
f 1529 162 5
f 371 595 546
f 790 586 663
f 1077 858 857
f 1403 1434 1435
f 1080 1081 1082
f 531 520 1529
f 21 1083 1084
f 272 1532 1531
f 690 712 802
f 335 9015 9011
f 1090 1030 1029
f 1092 795 794
f 1533 396 137
f 661 660 1095
f 69 444 445
f 1099 1100 1101
f 38 39 1536
f 1104 1105 1106
f 852 1107 1108
f 1377 908 909
f 291 377 411
f 316 1536 516
f 539 1488 1533
f 1505 1536 316
f 1110 1111 1112
f 1539 1537 460
f 522 441 1537
f 834 837 1120
f 1122 1123 1124
f 612 1125 1041
f 935 793 615
f 276 278 130
f 1686 8993 8966
f 193 190 1541
f 231 521 1540
f 556 1037 982
f 365 253 85
f 190 532 318
f 1810 765 9018
f 9376 1867 8956
f 1132 983 985
f 208 101 102
f 1134 1033 662
f 1491 518 80
f 429 133 1542
f 1137 1138 915
f 172 436 428
f 1139 1140 1141
f 549 96 54
f 1517 1519 1518
f 834 1119 984
f 1543 513 286
f 1544 797 239
f 133 134 1544
f 506 361 257
f 420 327 328
f 1158 1159 1160
f 587 1104 1103
f 607 1161 1027
f 304 1546 1545
f 364 1491 77
f 69 70 198
f 700 840 1112
f 9329 626 8969
f 1166 719 657
f 1167 1168 858
f 1300 8967 8968
f 1172 1173 1174
f 218 203 200
f 1179 1180 1181
f 372 183 97
f 89 104 227
f 1186 1187 1188
f 172 173 1517
f 1482 84 81
f 1090 1192 1193
f 394 395 353
f 526 525 1198
f 1199 1200 1026
f 606 623 697
f 1204 1205 1206
f 1207 1208 523
f 1209 1210 867
f 914 913 685
f 1478 1436 1441
f 1029 1028 1161
f 1211 1212 1213
f 9310 1453 1451
f 844 1215 1216
f 423 193 273
f 1220 1221 1222
f 22 1223 1224
f 882 898 897
f 1519 1517 173
f 1189 1188 1232
f 349 350 550
f 1071 1235 1236
f 1237 1238 1239
f 1221 1186 1189
f 1510 1528 1512
f 939 1032 1241
f 1556 1530 5
f 1553 1554 394
f 404 1556 67
f 1247 1248 1249
f 142 199 238
f 1251 1067 635
f 850 1252 1253
f 1254 1167 1077
f 57 132 133
f 443 430 552
f 1187 1172 1175
f 1256 1070 831
f 432 405 382
f 741 748 747
f 434 350 351
f 349 432 383
f 251 124 1481
f 395 384 352
f 1518 1519 1550
f 1558 410 378
f 109 263 314
f 285 1514 1513
f 395 394 393
f 202 203 410
f 417 408 405
f 1246 1257 1258
f 3 1559 297
f 1259 1260 1261
f 403 404 347
f 955 954 953
f 462 50 51
f 1096 1095 687
f 429 147 60
f 896 1264 1265
f 1267 721 1268
f 423 424 327
f 37 179 180
f 20 23 1187
f 1256 1168 1071
f 1188 1175 1269
f 1236 1270 1271
f 1272 536 535
f 565 564 463
f 1273 792 745
f 876 1254 1255
f 316 33 164
f 437 1516 503
f 194 1494 1495
f 1275 1276 864
f 624 625 631
f 1277 1274 1137
f 569 568 567
f 1481 124 125
f 324 325 547
f 1279 1108 1107
f 1525 332 329
f 1281 1278 1137
f 171 168 1553
f 1488 73 396
f 1557 1561 1562
f 1282 856 1206
f 1053 1277 1278
f 778 777 607
f 713 583 9010
f 251 225 144
f 4 357 348
f 709 708 707
f 728 48 45
f 261 135 1563
f 789 1286 1287
f 74 314 263
f 403 284 385
f 1178 1181 1240
f 1223 1259 1289
f 1220 20 1186
f 296 1518 354
f 784 459 1538
f 1181 1180 1291
f 1269 1292 1257
f 1566 1538 438
f 136 784 1566
f 1563 1564 169
f 107 114 109
f 1297 1282 1298
f 1464 1477 1476
f 1520 187 507
f 1301 1302 1303
f 1306 1307 1308
f 175 456 1532
f 1532 456 200
f 1311 1266 1312
f 872 1314 1315
f 9288 843 878
f 1305 1308 864
f 1040 1275 863
f 1564 1566 399
f 592 1576 1575
f 591 1575 1088
f 1581 1584 1583
f 1196 1152 1147
f 710 582 583
f 285 407 408
f 953 954 961
f 1594 1592 1589
f 1585 1588 1587
f 1592 1591 1590
f 9337 945 944
f 1600 1599 1598
f 1604 1603 1602
f 1399 1392 979
f 1589 1590 1596
f 1610 1609 1608
f 298 257 361
f 551 552 276
f 1627 1626 9266
f 859 811 818
f 1078 857 1328
f 1555 439 1530
f 572 573 680
f 772 465 776
f 977 1281 918
f 404 403 392
f 1054 1331 750
f 1644 1645 1643
f 932 1265 1082
f 1067 1333 1334
f 1540 1539 264
f 597 1335 643
f 471 761 762
f 1642 696 9283
f 1644 1642 9294
f 923 946 950
f 96 549 548
f 520 531 522
f 445 444 443
f 849 839 848
f 480 759 755
f 1646 760 481
f 311 426 1567
f 464 463 8941
f 8941 1360 1361
f 234 237 236
f 190 193 192
f 153 154 152
f 231 287 286
f 1552 1553 1551
f 760 1646 1648
f 9284 1647 1649
f 828 827 826
f 52 167 166
f 1663 1662 1661
f 287 107 115
f 668 671 670
f 634 645 640
f 553 560 559
f 118 36 33
f 492 484 491
f 8996 1652 1651
f 582 589 584
f 384 395 392
f 1381 1382 1383
f 1562 1561 435
f 952 953 951
f 8973 9010 583
f 1660 1661 1667
f 1394 1395 1396
f 1660 1665 1664
f 1671 1670 1669
f 1624 1625 1673
f 1407 1408 1409
f 1677 1676 1675
f 1613 1679 1677
f 1679 1678 1676
f 1626 1681 9263
f 534 199 198
f 803 733 734
f 400 248 191
f 65 66 143
f 8970 1657 1656
f 402 159 157
f 629 628 627
f 461 477 49
f 758 757 495
f 796 787 786
f 406 407 1513
f 342 343 166
f 1694 1659 1658
f 1692 1687 1694
f 9001 1693 1652
f 9373 1704 1703
f 326 547 302
f 9368 9373 1702
f 9371 9370 1698
f 1699 1691 9379
f 1557 406 1560
f 1127 1116 1117
f 400 401 289
f 1706 1702 1707
f 1707 1702 1599
f 1709 1706 1708
f 1714 1712 1711
f 9371 9367 1709
f 1704 1711 1577
f 1716 1714 1713
f 1559 1562 1549
f 1722 1721 1720
f 1335 597 596
f 410 411 377
f 973 1170 1163
f 168 169 399
f 1571 682 1089
f 1572 681 682
f 749 646 647
f 1730 1724 1723
f 1594 1582 1729
f 1729 1723 1591
f 1384 1378 1377
f 1732 1731 1712
f 1724 1730 1731
f 1722 1724 1732
f 1721 1722 1733
f 1734 1733 1716
f 1735 1737 1736
f 1733 1732 1714
f 1663 1664 1741
f 1742 1665 1740
f 1738 1739 1737
f 1665 1660 1666
f 1665 1742 1744
f 1725 1726 1746
f 1591 1725 1745
f 1590 1745 1747
f 1745 1746 1748
f 1659 1688 8982
f 5650 1760 8989
f 1185 1177 1182
f 1664 1744 1749
f 1741 1749 1739
f 1746 1742 1743
f 1726 1744 1742
f 1115 924 1153
f 1654 8990 9019
f 1896 9006 8993
f 1720 1749 1744
f 1721 1739 1749
f 1750 1718 1701
f 1697 1736 1750
f 1151 1152 1063
f 1751 1752 1670
f 1695 1658 1752
f 961 962 986
f 1770 1769 1768
f 1766 1594 1593
f 1731 1759 1579
f 1579 1777 1774
f 9380 1772 1771
f 1764 1772 9380
f 1777 1776 1775
f 9214 9215 1699
f 1004 1127 1128
f 1774 1775 1771
f 987 1400 1399
f 1578 1774 1772
f 1783 1782 1781
f 1597 1598 1770
f 639 1878 9347
f 9380 9381 1769
f 1793 1792 1789
f 9381 9372 1798
f 8952 8960 9225
f 1802 1867 9376
f 1788 1790 1794
f 1793 1794 1795
f 9225 9224 1675
f 1584 1581 1783
f 1771 1797 9372
f 1801 1799 1798
f 1768 1769 1798
f 1775 1796 1797
f 508 514 515
f 1796 1803 1802
f 1800 1798 9372
f 1794 1805 1804
f 8976 1670 1752
f 485 1808 1807
f 9261 9296 1640
f 9289 9296 1810
f 485 482 1640
f 1690 1691 9222
f 487 488 1648
f 9291 1813 1816
f 9290 1811 1648
f 9291 1812 1811
f 1812 1809 487
f 1641 1809 767
f 465 466 755
f 767 1815 9275
f 9274 1816 9278
f 1809 1812 1815
f 9289 1653 1651
f 675 672 8985
f 1814 1649 1822
f 1821 1822 9273
f 1824 1822 1649
f 1827 1849 1850
f 1668 1669 1662
f 1779 1780 1848
f 1790 1827 1805
f 1833 1836 1853
f 8965 8950 693
f 1614 1615 1616
f 1852 1853 8942
f 1620 1621 1622
f 1855 1765 1574
f 1847 1852 8945
f 1766 1765 1855
f 1629 1630 1631
f 1633 1622 1634
f 1635 1636 1637
f 1848 1833 1852
f 1855 1861 1863
f 1803 1866 1867
f 1862 1863 1831
f 1782 1855 1862
f 9374 9376 1865
f 1873 1872 1870
f 1874 1869 799
f 2045 9330 9349
f 1219 1345 1295
f 1615 1614 1396
f 9336 9347 1877
f 645 9350 9238
f 1345 1219 1035
f 634 639 9336
f 15 1887 1327
f 9362 9347 1878
f 1894 604 605
f 8950 8995 627
f 9004 640 645
f 340 341 454
f 1897 194 195
f 1889 1882 1877
f 1901 94 129
f 196 749 754
f 1705 1704 9373
f 340 378 166
f 1570 1480 563
f 1904 1494 194
f 1781 1862 1832
f 1905 549 55
f 1000 994 995
f 986 919 920
f 1191 1185 1190
f 2094 2077 2075
f 1920 1921 1919
f 453 454 1912
f 1915 1919 1918
f 9334 2112 2106
f 1655 9019 8975
f 1916 1918 1926
f 704 8998 9005
f 278 1916 1925
f 9009 9008 1818
f 1097 949 1115
f 1927 1928 727
f 9030 9031 9106
f 1920 310 307
f 1929 307 48
f 503 504 1497
f 1902 1903 787
f 1816 1821 9272
f 1925 1926 1923
f 1535 1569 1568
f 254 252 258
f 1509 1497 366
f 119 86 35
f 219 288 293
f 141 46 47
f 542 205 244
f 1940 552 430
f 1779 1828 1827
f 1701 1710 9367
f 1661 8994 8959
f 270 53 754
f 197 1947 749
f 1727 1728 1212
f 53 54 232
f 1465 1468 1479
f 1284 9314 9306
f 1951 446 412
f 168 398 1554
f 1486 1485 206
f 506 77 78
f 994 1001 1007
f 951 953 963
f 1013 9311 9313
f 9278 9272 1820
f 1498 1909 1954
f 299 298 543
f 1754 1755 1756
f 1681 469 1683
f 1696 1694 1695
f 13 14 738
f 473 476 475
f 482 1641 768
f 204 62 30
f 1761 1762 820
f 611 1763 1125
f 1501 1503 1908
f 1074 1073 711
f 1960 1944 82
f 120 1956 1960
f 35 86 87
f 1773 1199 1025
f 1965 1545 1569
f 494 761 471
f 1966 1967 1969
f 446 1951 1971
f 174 368 125
f 1580 1579 1578
f 1785 1786 1787
f 1972 1546 304
f 1254 876 875
f 1973 341 342
f 321 1912 1973
f 1910 277 275
f 509 1973 514
f 1486 1507 1527
f 1974 1874 804
f 1977 1976 1974
f 1980 448 1966
f 379 1 2
f 1718 1715 1710
f 884 995 992
f 1680 1684 1678
f 902 990 525
f 344 255 256
f 135 138 137
f 448 446 1967
f 589 605 604
f 910 909 908
f 1981 1966 1968
f 1982 1981 1987
f 1988 1979 1987
f 1990 1988 1989
f 1991 1989 1993
f 322 321 320
f 992 828 830
f 1144 1076 1086
f 1995 1977 1978
f 1133 1129 1118
f 1997 1995 1994
f 870 1823 1335
f 805 806 1982
f 727 184 2000
f 1996 1994 1988
f 1994 1978 1979
f 1829 616 792
f 1830 1073 941
f 798 803 800
f 729 732 731
f 2011 2012 2023
f 1834 1835 846
f 402 283 284
f 2022 2023 2024
f 1838 718 989
f 810 955 952
f 1823 1839 1840
f 1430 1426 1432
f 1215 844 1841
f 1316 1208 873
f 2112 1401 1384
f 1842 1843 1844
f 1159 846 845
f 837 27 1846
f 1971 1951 2030
f 517 369 370
f 1471 2026 2027
f 8995 8969 626
f 2174 2175 770
f 935 934 1854
f 1613 1619 1611
f 1231 1228 1225
f 1856 1857 891
f 1300 1309 748
f 1150 1149 1858
f 1643 606 696
f 1215 1265 1264
f 1320 1860 902
f 1956 1943 1944
f 2031 668 669
f 2034 1325 1310
f 1879 1880 1656
f 40 245 242
f 1992 1993 2039
f 888 958 957
f 1882 1889 1996
f 1078 1138 1255
f 1871 912 1192
f 294 411 218
f 1323 2041 2026
f 123 1960 83
f 1324 2036 2041
f 384 358 359
f 1324 1325 2038
f 1883 1884 1885
f 287 1540 114
f 1096 1886 1134
f 915 1329 931
f 806 1980 1981
f 8977 8973 584
f 1425 2030 2042
f 1018 2042 1948
f 9006 1896 740
f 1948 2042 649
f 1881 1882 1990
f 1900 129 130
f 992 995 994
f 923 927 925
f 9330 2045 2047
f 1643 2048 625
f 2050 2052 2051
f 2045 1405 1404
f 9328 2047 945
f 1139 1080 1079
f 1037 1856 892
f 2055 2053 2057
f 1198 989 718
f 1619 2058 1612
f 2058 1605 1606
f 2059 2060 1607
f 2058 1619 1624
f 71 72 179
f 405 406 1557
f 322 1548 1972
f 2061 2052 2063
f 2066 2065 2067
f 2052 2061 2064
f 1609 1610 2066
f 1515 151 152
f 1009 827 993
f 1644 9295 9267
f 279 1915 1916
f 1285 9315 9314
f 1647 2066 1825
f 2056 2057 2067
f 319 320 1953
f 667 666 1913
f 2070 631 625
f 2052 2050 2055
f 2038 1654 1655
f 1606 1601 2073
f 1235 1917 1270
f 2072 2073 2075
f 2059 1606 2072
f 2074 2075 2077
f 1601 1602 2078
f 2049 2048 1643
f 1000 1004 1001
f 1089 943 684
f 1931 1286 1306
f 1462 1459 1021
f 1932 1933 1934
f 875 874 1846
f 1936 1051 1937
f 44 45 46
f 1534 1955 1956
f 1541 318 317
f 2081 2082 2084
f 146 1945 1959
f 1360 1941 1942
f 985 984 1032
f 1995 1997 1892
f 2079 2080 2082
f 2095 2096 2076
f 2081 2093 2078
f 2055 2050 2054
f 501 2096 2095
f 2097 2100 2099
f 2098 2099 2094
f 2140 2141 9345
f 2141 2046 9346
f 2051 2070 2048
f 592 2102 2101
f 2071 2064 2076
f 2102 2097 2098
f 593 2103 2102
f 1019 1895 746
f 1950 11 12
f 725 2071 2096
f 1385 2105 2104
f 1379 2104 2106
f 2107 2108 2100
f 9360 726 502
f 9348 502 499
f 940 1389 2109
f 928 929 1170
f 9320 590 684
f 1962 1963 1964
f 9330 680 573
f 2039 1993 1968
f 1389 1390 2110
f 1398 2111 2113
f 9209 9207 9205
f 9363 9335 2107
f 949 923 924
f 260 241 324
f 1390 1397 2113
f 2070 2051 2064
f 9319 9363 2103
f 2105 1385 1421
f 2114 1421 1423
f 9344 2114 2115
f 9360 2105 2114
f 554 2116 1902
f 972 1163 967
f 1765 1593 1573
f 1984 1985 1986
f 2053 2117 2069
f 9017 9000 724
f 1625 1677 1674
f 9333 9340 2119
f 9355 2115 2123
f 56 1954 1906
f 626 9329 9331
f 2001 2002 2003
f 9364 9293 2127
f 2006 2007 2008
f 2127 1413 1412
f 2014 2015 2016
f 2018 2019 2020
f 1495 1424 1947
f 1379 1377 1386
f 9266 9263 1680
f 2029 1885 1884
f 9354 2128 2120
f 629 9331 9366
f 682 683 943
f 724 1650 2121
f 1757 1819 9273
f 765 1810 9296
f 9303 714 715
f 706 707 9322
f 981 986 987
f 1457 1868 1656
f 2017 2016 2032
f 1458 1655 1868
f 1776 1777 1792
f 1959 1945 1946
f 9115 9167 9177
f 9365 9333 2122
f 1093 1089 689
f 966 965 968
f 9304 715 9333
f 2172 9029 2170
f 670 2138 2137
f 9213 787 1903
f 1429 19 28
f 964 963 978
f 9293 9265 1413
f 1473 1474 669
f 9286 9285 1359
f 2138 798 1870
f 1872 1473 2137
f 715 716 9340
f 1881 1991 1992
f 9295 9294 739
f 1837 1847 8957
f 253 58 59
f 1808 9289 9292
f 1647 9284 9270
f 9317 9318 671
f 2112 9334 9335
f 1405 2045 2044
f 9281 9276 1364
f 273 1541 391
f 576 632 8964
f 9327 9317 668
f 1430 1431 2140
f 2136 9302 9312
f 1430 2139 18
f 9345 9346 570
f 1442 1439 2046
f 1431 1442 2141
f 9321 9365 9302
f 9260 9275 1817
f 9318 9345 695
f 2142 2025 798
f 571 2143 2142
f 9271 9266 1618
f 2143 2022 2025
f 694 2142 2138
f 681 1572 2144
f 2144 2011 2022
f 328 210 457
f 1572 2010 2011
f 630 9344 9355
f 2085 2086 2087
f 2090 2091 2092
f 572 2144 2143
f 1875 1976 2153
f 1873 1875 2149
f 2103 2107 2097
f 2157 2043 2155
f 2128 1412 1414
f 9326 9323 589
f 9324 9322 628
f 2149 2153 2158
f 2159 2158 9357
f 698 9359 9354
f 9275 9299 9279
f 2158 2156 9326
f 1438 2044 2046
f 2035 2154 2160
f 2161 2160 9341
f 9323 9343 605
f 9325 17 18
f 370 29 61
f 649 1951 413
f 2153 2157 2156
f 1428 1429 1449
f 1490 76 73
f 9342 9357 710
f 2155 1891 9343
f 1456 1457 1880
f 2125 2088 2087
f 2160 2159 9342
f 300 1959 505
f 1064 1062 1046
f 2043 1892 1891
f 2129 2130 2004
f 2131 2132 2133
f 9300 9301 1450
f 1998 1975 804
f 9331 673 9316
f 474 492 490
f 1164 1165 1182
f 707 2162 9361
f 708 1472 2162
f 2162 2161 9338
f 548 549 1905
f 1145 1136 1114
f 705 2121 1650
f 2043 2157 1977
f 737 738 554
f 1034 1195 1191
f 458 1905 1907
f 195 196 232
f 2040 2039 1969
f 2145 2146 2147
f 2054 2050 2049
f 9284 1646 1639
f 9 12 11
f 252 364 506
f 472 478 479
f 1865 9376 9243
f 900 903 910
f 1941 2150 2151
f 1921 1928 1927
f 2163 1897 1898
f 271 156 153
f 1904 1326 12
f 282 263 264
f 1872 1873 2154
f 1326 1904 1897
f 628 692 693
f 1724 1722 1719
f 1549 1562 436
f 1582 1583 1730
f 1921 1920 1929
f 9007 8955 10
f 2152 2037 1950
f 475 772 774
f 769 2172 2171
f 2171 2165 476
f 476 773 772
f 1791 565 464
f 2166 2167 2168
f 595 371 372
f 483 1809 1641
f 762 2174 2173
f 771 483 484
f 486 487 1809
f 297 1549 1517
f 763 2175 2174
f 776 755 759
f 184 185 2176
f 412 447 303
f 2005 2176 185
f 9263 1681 1682
f 2164 2170 756
f 1472 2035 2161
f 950 951 964
f 2177 2178 2179
f 227 226 1510
f 2182 2183 2184
f 2186 2019 2018
f 1985 2182 2181
f 214 736 729
f 865 849 842
f 849 865 1357
f 559 3187 3188
f 16 13 737
f 560 553 498
f 3193 3196 3195
f 3200 3197 3198
f 3211 3214 3213
f 3215 3218 3217
f 2187 2188 2002
f 3233 3236 3235
f 3223 3221 3222
f 3229 3232 3231
f 3245 3248 3247
f 2169 2168 2189
f 2192 2086 2085
f 2193 2194 2195
f 2198 2199 2200
f 1998 1982 1979
f 9116 9117 9120
f 3253 3256 3255
f 2116 1898 1903
f 1859 2006 2009
f 9356 2123 2126
f 1135 1148 1087
f 2201 2202 2015
f 1149 111 110
f 3261 3264 3263
f 3269 3272 3271
f 3265 3268 3267
f 3229 3230 3284
f 3289 3292 3291
f 3299 3302 3301
f 3307 3263 3264
f 3293 3296 3295
f 3297 3223 3224
f 3319 3321 3291
f 3322 3323 3318
f 3314 3313 3312
f 3285 3288 3287
f 3332 3333 3218
f 3329 3331 3330
f 3324 3325 3227
f 3298 3224 3326
f 2203 2204 2205
f 579 580 1895
f 1755 2207 2208
f 3337 3340 3339
f 9343 9362 1893
f 1211 2151 2150
f 868 997 2210
f 3347 3350 3349
f 944 945 930
f 2130 2129 2202
f 233 1903 1898
f 665 751 750
f 1167 1254 999
f 2211 2212 2213
f 2215 2216 2217
f 9319 593 590
f 2220 221 220
f 823 824 948
f 3375 3240 3377
f 3393 3392 3391
f 3353 3358 3357
f 3363 3366 3365
f 3402 3405 3404
f 266 204 455
f 9334 2108 2107
f 2221 2222 8963
f 2223 2224 2225
f 2207 2125 2124
f 3293 3309 3336
f 673 674 9321
f 817 1000 996
f 2227 2228 2146
f 1947 1948 646
f 9352 2135 17
f 2229 1635 1638
f 1679 1613 1618
f 1637 2231 2232
f 2233 2234 1617
f 2231 2235 2236
f 3406 3409 3408
f 1381 1638 2238
f 9038 2241 2242
f 3414 3416 3341
f 1630 2234 2233
f 1681 1626 472
f 1408 1407 2243
f 3423 3426 3425
f 3433 3351 3263
f 3434 3429 3430
f 3440 3443 3442
f 3444 3447 3446
f 3436 3451 3450
f 3442 3443 3456
f 1637 2230 2238
f 3445 3446 3437
f 3448 3443 3440
f 1409 1408 1634
f 1380 1383 2247
f 1628 2248 2245
f 3463 3466 3465
f 3308 3477 3462
f 2249 1623 1622
f 1632 1634 1408
f 2248 1628 1631
f 3478 3481 3480
f 3509 3512 3511
f 2235 2231 1637
f 3505 3508 3507
f 3457 3458 3199
f 631 2070 2071
f 515 167 52
f 782 781 2251
f 2253 2254 2255
f 397 281 459
f 1456 2039 2040
f 2040 2041 2036
f 3434 3475 3518
f 1401 2112 2111
f 2041 2040 1970
f 3367 3337 3338
f 1535 121 414
f 1586 1587 2080
f 2256 983 1132
f 3528 3531 3530
f 3519 3521 3520
f 3537 3505 3506
f 3543 3546 3545
f 1700 1699 9370
f 3486 3551 3550
f 3455 3456 3497
f 3558 3560 3559
f 3456 3568 3500
f 3572 3571 3252
f 3308 3264 3285
f 3316 3317 3574
f 3575 3478 3479
f 3576 3579 3578
f 3580 3583 3582
f 3584 3587 3586
f 3505 3537 3588
f 3589 3592 3591
f 3600 3603 3602
f 3542 3539 3595
f 3604 3605 3592
f 3611 3610 3613
f 3622 3625 3624
f 3618 3621 3620
f 3626 3629 3628
f 3644 3647 3646
f 3634 3637 3636
f 3638 3639 3641
f 9267 1896 1686
f 1263 2256 1886
f 3613 3655 3654
f 598 1841 844
f 2257 2258 2259
f 2258 2261 2262
f 2259 2262 2263
f 2260 2259 2216
f 1967 1971 1970
f 2212 1964 1963
f 922 921 2218
f 1312 1098 1101
f 1307 1306 1286
f 1548 1569 1546
f 2266 2267 2268
f 2265 2268 2270
f 2272 2265 2269
f 2273 2266 2265
f 2275 2276 2277
f 2278 2274 2277
f 2284 2285 9069
f 2287 2283 2286
f 2288 2289 2283
f 2290 2284 9091
f 2291 2292 2293
f 2295 2291 2294
f 2296 2297 2291
f 2297 2298 2292
f 2294 2293 2299
f 2279 2294 2300
f 2298 2301 2302
f 2292 2302 2303
f 2293 2303 2304
f 2304 2305 2306
f 2308 2309 2310
f 2302 2307 2310
f 2301 2311 2307
f 2312 2308 2307
f 2313 2314 2315
f 2318 2319 2320
f 9200 9223 2322
f 2324 2325 2273
f 2313 2324 2326
f 2328 2324 2313
f 2329 2325 2324
f 2331 2332 2333
f 2330 2333 2267
f 2325 2330 2266
f 2329 2331 2330
f 2333 2334 2335
f 2336 2334 2333
f 2338 2336 2332
f 2331 2339 2337
f 2329 2340 2339
f 2328 2341 2340
f 2316 2342 2341
f 2342 2316 2315
f 2344 2345 2346
f 2341 2344 2347
f 2342 2348 2344
f 2348 2349 2345
f 2350 2351 2352
f 2339 2350 2353
f 2340 2347 2350
f 2347 2346 2351
f 2337 2353 2354
f 2353 2352 2355
f 2356 2277 2276
f 2356 2357 2358
f 2356 2359 2296
f 2279 2277 2356
f 2360 2361 2270
f 2267 2335 2360
f 2362 2363 2364
f 2362 2365 2361
f 2366 2362 2358
f 2366 2367 2363
f 2357 2276 2368
f 2366 2368 2369
f 2276 2275 2370
f 2368 2370 2282
f 2372 2373 2374
f 2375 2376 2377
f 2378 2379 2380
f 2382 2378 2381
f 2384 2385 2378
f 2385 2386 2379
f 2388 2389 2390
f 2387 2390 2392
f 2393 2394 2387
f 2394 2395 2388
f 2186 2401 2402
f 2403 2404 2327
f 2272 2403 2326
f 2271 2405 2403
f 2405 2406 2404
f 2404 2407 2408
f 2409 2410 2411
f 2409 2412 2271
f 2413 2409 2269
f 2413 2414 2410
f 2417 2415 2416
f 2417 2418 2406
f 2412 2417 2405
f 2411 2415 2417
f 2406 2419 2407
f 9013 8964 632
f 2420 2398 2397
f 2420 2421 2423
f 2424 2420 2422
f 2424 2399 2398
f 2425 2391 2392
f 2421 2425 2426
f 2397 2396 2425
f 2396 2393 2391
f 2427 2314 2408
f 2430 2427 2428
f 2343 2315 2427
f 2432 2343 2430
f 2431 2430 2429
f 2435 2431 2433
f 2436 2432 2431
f 2428 2408 2407
f 2422 2437 2407
f 2438 2437 2422
f 2429 2428 2437
f 2440 2434 2433
f 2441 2439 2433
f 2442 2443 2439
f 2443 2444 2440
f 2445 2446 2444
f 2447 2445 2443
f 2383 2381 2445
f 2381 2380 2446
f 2448 2438 2423
f 2449 2448 2426
f 2441 2448 2449
f 2441 2429 2438
f 2449 2392 2390
f 2450 2390 2389
f 2447 2450 2451
f 2442 2449 2450
f 2451 2389 2453
f 2452 2453 2455
f 2382 2452 2454
f 2383 2451 2452
f 2456 2457 2373
f 2459 2460 2461
f 2463 2464 2465
f 2462 2465 2285
f 2466 2462 2284
f 2467 2463 2462
f 2461 2460 9155
f 2468 2469 2470
f 2472 2468 2471
f 2474 2461 9153
f 2475 2476 2477
f 2458 2455 2453
f 2479 2453 2389
f 2395 2480 2479
f 2480 2459 2458
f 2481 2482 2483
f 2484 113 2485
f 2471 2470 2464
f 2473 2471 2463
f 2487 2467 2466
f 2486 2466 2290
f 2490 2486 2488
f 2491 2487 2486
f 2492 2473 2467
f 2493 2492 2487
f 2494 2495 2492
f 2495 2472 2473
f 9142 2496 2474
f 9143 2497 2496
f 2498 2494 2493
f 2500 2498 2499
f 9152 9139 2498
f 9139 9143 2494
f 2306 2504 2278
f 2305 2505 2504
f 2504 2505 2507
f 2506 2507 2288
f 2274 2506 2508
f 2278 2504 2506
f 9085 9084 2489
f 9072 9085 2488
f 2507 2509 2289
f 2505 2510 2509
f 2508 2288 2287
f 2511 2287 2281
f 2370 2511 2280
f 2275 2508 2511
f 2512 2490 2489
f 2514 2512 2513
f 2517 2512 2514
f 2517 2491 2490
f 2499 2493 2491
f 2499 2517 2516
f 2510 2505 2519
f 2518 2519 2521
f 9068 2518 2520
f 9084 2510 2518
f 2522 2304 2303
f 2523 2522 2310
f 2305 2304 2522
f 2524 2522 2523
f 2519 2524 2525
f 2505 2305 2524
f 2308 2312 2527
f 2526 2527 2529
f 2531 2526 2528
f 2309 2308 2526
f 1214 2532 2151
f 2419 2406 2418
f 2533 2345 2349
f 2534 2533 2317
f 2535 2536 2533
f 2536 2346 2345
f 2537 2351 2346
f 2538 2537 2536
f 2539 2540 2537
f 2540 2352 2351
f 2312 2355 2541
f 2527 2541 2542
f 2543 2435 2434
f 2545 2543 2544
f 2319 2318 2543
f 2318 2436 2435
f 2514 2515 2548
f 2547 2548 2550
f 2552 2547 2549
f 2552 2516 2514
f 2520 2521 2554
f 2553 2554 2556
f 9042 2553 2555
f 9073 2520 2553
f 2523 2309 2531
f 2557 2531 2530
f 2525 2523 2557
f 2559 2557 2558
f 2554 2559 2560
f 2521 2525 2559
f 2561 2375 2007
f 2376 2562 2225
f 2564 2565 2566
f 2563 2566 338
f 2569 2563 2567
f 2570 2564 2563
f 2572 2573 2574
f 2571 2574 2576
f 2544 2571 2575
f 2544 2434 2572
f 2578 2570 2569
f 2579 2577 2569
f 2574 2577 2579
f 2573 2578 2577
f 2581 2582 2583
f 2584 2580 2583
f 9149 9127 2580
f 9128 2581 2580
f 2582 2516 2552
f 2583 2552 2551
f 2500 2501 2589
f 2590 2588 2589
f 9145 9147 2588
f 9147 9152 2500
f 2501 2516 2591
f 2592 2593 2594
f 2386 2385 2503
f 2596 2379 2386
f 2596 2374 2373
f 2599 2596 2597
f 2599 2380 2379
f 2600 2446 2380
f 2600 2599 2598
f 2603 2600 2601
f 2603 2444 2446
f 2604 2603 2602
f 2440 2604 2605
f 2444 2603 2604
f 2606 2582 2581
f 2606 2607 2590
f 2591 2516 2582
f 9128 2587 2456
f 9141 2456 2372
f 2478 2477 2608
f 2609 2610 2611
f 2564 2570 2613
f 2612 2613 2598
f 2457 2612 2597
f 2565 2564 2612
f 2614 2613 2570
f 2615 2614 2578
f 2602 2601 2614
f 2601 2598 2613
f 2572 2434 2605
f 2616 2605 2602
f 2573 2572 2616
f 1459 1016 1045
f 1265 1215 1079
f 1612 1608 1609
f 2067 2057 2069
f 1135 1109 1136
f 1938 1937 2618
f 95 548 458
f 2058 1607 1608
f 1454 1469 1445
f 655 2620 1048
f 722 1049 2621
f 3665 3639 3634
f 1131 985 1033
f 562 1481 366
f 1723 1719 1725
f 1786 1123 1122
f 267 300 323
f 1325 2034 1654
f 1468 1165 1435
f 658 657 529
f 8 532 247
f 382 1557 1559
f 3631 3681 3680
f 788 619 1307
f 940 930 929
f 911 2622 2623
f 2621 2620 655
f 2624 1857 2625
f 998 1846 27
f 635 638 2626
f 2627 641 644
f 2628 2627 1840
f 1200 1199 2627
f 1199 1773 641
f 1520 515 49
f 1452 1350 1349
f 2630 2631 1859
f 644 643 1335
f 3683 3700 3699
f 1197 1198 717
f 2632 717 719
f 2628 2632 1166
f 2629 1197 2632
f 1762 2633 1050
f 1823 870 873
f 2634 2635 794
f 1042 794 2635
f 93 94 1901
f 2036 2038 1458
f 1527 332 1525
f 877 876 1274
f 134 409 797
f 1328 893 931
f 607 777 1091
f 1043 2635 2637
f 2636 2637 2639
f 1275 2636 2638
f 1275 1040 1043
f 1272 2624 2626
f 2640 2626 638
f 1110 2641 2640
f 536 1272 2640
f 1472 708 1474
f 2042 2030 1951
f 3668 3632 3633
f 1058 1106 1105
f 2642 2623 2643
f 1192 2642 2644
f 912 2623 2642
f 9350 1657 8970
f 1049 1048 2620
f 616 1829 1885
f 1331 1913 666
f 990 989 1198
f 1911 1912 321
f 1298 1282 1205
f 76 1490 1504
f 1502 1500 421
f 610 609 658
f 1146 937 659
f 2646 911 914
f 1280 1239 1238
f 1453 1454 1452
f 835 942 1843
f 1271 1270 1173
f 1893 1878 1826
f 1050 2633 1937
f 2651 2652 814
f 1006 1053 1281
f 2653 1084 2654
f 1001 1004 1003
f 585 997 679
f 2624 1272 621
f 555 678 2028
f 1207 526 1197
f 1626 1627 478
f 3729 3732 3731
f 3746 3749 3748
f 3770 3752 3750
f 426 389 419
f 1030 1193 1773
f 9350 645 634
f 534 1533 138
f 1125 1092 1042
f 333 228 88
f 569 1570 561
f 3691 3694 3693
f 1489 2656 871
f 1857 2624 620
f 1673 1674 9222
f 622 861 864
f 619 788 891
f 261 544 545
f 393 1555 1556
f 2658 2659 2647
f 1075 2658 2657
f 1081 1080 2658
f 1080 1139 2659
f 2644 2643 1141
f 2660 1141 1140
f 642 2660 1336
f 1193 2644 2660
f 679 678 555
f 3762 3765 3764
f 1503 1501 1500
f 1318 1317 1101
f 2661 2659 1139
f 2661 1142 2663
f 2662 2647 2659
f 2662 2663 2622
f 2664 2622 911
f 2648 2664 2646
f 2648 2647 2662
f 3586 3658 3779
f 2083 2094 2093
f 1442 1440 1437
f 3732 3734 3733
f 519 329 330
f 1885 2029 1209
f 799 800 805
f 1946 1943 1952
f 1302 1301 1253
f 3741 3738 3757
f 3660 3663 3662
f 566 2005 224
f 1389 940 928
f 683 682 681
f 836 835 1842
f 2665 1842 1845
f 2666 2665 1303
f 24 836 2665
f 831 1072 2650
f 1845 1844 1304
f 2010 2013 2012
f 1051 1936 2667
f 1522 1521 1511
f 531 440 441
f 1250 635 2625
f 2669 2625 1857
f 783 2669 1856
f 782 1250 2669
f 720 2670 2671
f 1055 1931 1930
f 1333 1067 1251
f 619 622 1308
f 652 655 2619
f 521 522 1539
f 1838 988 537
f 2672 537 536
f 1113 2672 2641
f 1113 527 1838
f 1016 1013 1351
f 9349 573 570
f 226 227 104
f 9008 9121 9279
f 1036 1037 1884
f 2674 1301 1304
f 2673 1304 1844
f 1334 2673 2675
f 1333 2674 2673
f 2676 702 1039
f 1843 2676 2675
f 942 1074 2676
f 1074 699 702
f 752 1057 1055
f 1200 1166 656
f 1120 1846 874
f 2677 874 877
f 1241 2677 1052
f 1119 1120 2677
f 1560 1513 151
f 1208 1316 611
f 215 735 736
f 1460 1459 1462
f 3717 3720 3719
f 1208 1207 1839
f 854 856 1282
f 3682 3697 3696
f 72 445 182
f 544 1563 1565
f 217 200 456
f 3673 3647 3781
f 2047 1404 930
f 1204 2618 1937
f 913 777 686
f 3705 3708 3707
f 840 527 1113
f 1531 729 730
f 2678 778 1283
f 601 667 1914
f 1537 1538 459
f 1819 1757 8953
f 991 1860 862
f 2679 711 1073
f 3776 3775 3581
f 2680 1830 983
f 779 2680 2256
f 778 2678 2680
f 2678 2679 1830
f 180 542 245
f 1886 1132 1131
f 3766 3768 3767
f 1138 1137 1274
f 3777 3778 3585
f 1841 598 1140
f 75 313 314
f 193 423 420
f 2681 2682 1099
f 3658 3586 3587
f 170 1567 1565
f 349 416 417
f 1121 1124 2684
f 547 797 409
f 123 122 121
f 2643 2663 1142
f 1542 1544 513
f 899 900 907
f 1210 677 676
f 791 663 982
f 24 27 837
f 893 896 932
f 1860 1320 863
f 535 538 862
f 3640 3684 3683
f 1569 1548 1547
f 181 455 542
f 660 659 937
f 2013 567 568
f 3781 3647 3644
f 887 890 2631
f 1524 1508 361
f 520 161 162
f 2653 855 854
f 1238 1237 2655
f 718 1838 527
f 1492 1493 518
f 792 616 615
f 599 846 1835
f 290 457 456
f 312 171 1552
f 1248 2687 1179
f 153 149 177
f 1240 1181 1222
f 1257 1292 1235
f 1291 1084 1083
f 1052 877 1277
f 743 742 2618
f 444 140 430
f 23 1224 1172
f 2687 2654 1180
f 102 103 409
f 1283 607 610
f 373 497 650
f 1180 2654 1084
f 855 2653 2655
f 1173 1270 1917
f 2689 850 853
f 2688 853 1108
f 2686 2688 1279
f 2687 2689 2688
f 2691 1302 1252
f 2690 1252 850
f 1248 2690 2689
f 1248 1247 2691
f 2692 617 24
f 2691 2692 2666
f 1247 1258 2692
f 1258 1168 617
f 394 1554 1555
f 2693 1260 1259
f 1072 1236 1262
f 1257 1071 1168
f 398 439 1555
f 871 1784 1314
f 1178 1232 1249
f 1224 1289 1173
f 1010 2617 2618
f 1175 1174 1292
f 2654 2687 2686
f 2694 1157 1216
f 71 418 1487
f 701 1112 1111
f 1072 1261 2649
f 1085 2695 22
f 895 2694 1264
f 1601 1606 1605
f 1259 1262 1271
f 21 20 1220
f 988 991 538
f 3533 3479 3535
f 598 597 1336
f 1050 860 818
f 1298 2645 1761
f 1168 1167 618
f 3629 3671 3670
f 858 1168 1256
f 39 242 516
f 2652 1761 819
f 313 316 315
f 2026 1970 1971
f 2656 1489 596
f 814 819 818
f 2696 2651 813
f 1260 2696 2649
f 2693 2697 2696
f 2697 1296 2651
f 381 355 390
f 9270 9271 1611
f 1475 1427 1428
f 1292 1174 1917
f 1551 353 354
f 1526 1525 1523
f 1593 1589 1595
f 1232 1269 1246
f 2695 2693 1223
f 2698 1297 1296
f 2698 2697 2693
f 2685 2698 2695
f 2685 854 1297
f 562 1497 271
f 2652 2651 1296
f 1365 1366 1364
f 1958 1946 1953
f 585 588 2210
f 1561 1560 1515
f 975 2648 1146
f 347 67 68
f 1038 1111 636
f 2700 781 780
f 2699 780 1036
f 2701 2699 1883
f 851 2700 2699
f 2674 1333 2251
f 2702 2251 781
f 1253 2702 2700
f 1301 2674 2702
f 1519 387 388
f 1273 1239 1280
f 2703 1280 1107
f 2701 2703 852
f 1829 1273 2703
f 91 260 326
f 1784 871 2656
f 2683 2684 2705
f 604 1894 8943
f 1669 8978 8992
f 2062 2063 2060
f 621 535 861
f 2023 731 732
f 686 779 1263
f 857 1051 2668
f 883 830 882
f 3648 3651 3650
f 637 636 1111
f 2668 894 893
f 3692 3712 3711
f 2667 921 894
f 1039 1038 1068
f 313 75 1504
f 1911 1972 305
f 1936 2706 1964
f 2707 2402 2401
f 2708 2707 2183
f 738 2163 2116
f 3785 3787 3709
f 2349 2348 2432
f 2711 2712 2020
f 2400 2711 2019
f 2714 2715 2716
f 2717 2718 2719
f 2721 2722 2723
f 2726 2727 2728
f 2725 2728 2730
f 2731 2725 2729
f 2732 2726 2725
f 2734 2735 2736
f 2738 2739 2740
f 2737 2740 2741
f 2744 2745 2746
f 2745 2744 2748
f 2749 2750 2747
f 2753 2749 2751
f 2250 1380 2246
f 3417 3420 3419
f 2754 1396 1614
f 9050 2754 2755
f 9060 2745 2747
f 1617 2756 2755
f 2242 2758 1620
f 3429 3432 3431
f 2191 2085 2760
f 2761 2759 2760
f 9100 2759 2761
f 9075 2191 2759
f 3209 3460 3354
f 1395 1394 2236
f 1395 2235 1636
f 3741 3791 3790
f 1616 1635 2229
f 3410 3413 3412
f 1617 2234 2763
f 2756 2763 9080
f 2765 2763 2234
f 2766 2764 9080
f 3202 3199 3458
f 1516 437 435
f 2768 2769 8996
f 1495 541 578
f 2135 2136 28
f 8970 8984 2773
f 1690 1689 9378
f 2778 2779 2780
f 2777 2780 2781
f 2784 2778 2777
f 8999 8965 575
f 1494 1904 9
f 8973 2016 2015
f 451 61 505
f 2786 2787 2788
f 2779 2786 2785
f 2789 2752 2741
f 2790 2753 2752
f 2792 2793 2794
f 2793 2795 2796
f 2796 2797 2750
f 2794 2796 2749
f 2798 1393 1396
f 9043 2798 2754
f 2798 2799 2800
f 9043 9114 2799
f 2797 2796 2795
f 2791 2794 2753
f 216 233 232
f 9256 2806 2807
f 9257 2809 2804
f 2769 2810 9001
f 183 185 184
f 2811 2812 2775
f 2804 2811 2776
f 2809 2813 2811
f 2812 2811 2813
f 9257 2808 2816
f 9248 2818 2815
f 9250 9252 2820
f 9245 2823 2819
f 2824 2736 2735
f 2823 2825 2824
f 2825 2823 2826
f 9245 2822 2827
f 9248 2817 2826
f 2713 2716 2829
f 2828 2829 2831
f 2822 2821 2828
f 2821 2820 2713
f 2832 2827 2822
f 2833 2832 2830
f 2834 2835 2832
f 2835 2818 2827
f 2837 2838 2839
f 2836 2839 2841
f 2842 2836 2840
f 2843 2837 2836
f 2840 2841 2845
f 2718 2844 2845
f 2730 2728 2844
f 2727 2840 2844
f 2846 2845 2841
f 2829 2846 2847
f 2847 2841 2839
f 2848 2839 2838
f 2833 2848 2849
f 2831 2847 2848
f 2850 2814 2851
f 2853 2850 2852
f 2783 2777 2782
f 2785 2788 2853
f 2780 2785 2856
f 2857 2858 2855
f 2859 2857 2782
f 2861 2843 2842
f 2860 2842 2727
f 2862 2860 2726
f 2863 2861 2860
f 2861 2863 2858
f 2843 2861 2857
f 2856 2853 2854
f 2781 2856 2864
f 2837 2843 2859
f 2838 2837 2864
f 2852 2851 2834
f 2854 2852 2849
f 2865 2815 2818
f 2851 2865 2835
f 2813 2809 2815
f 2814 2813 2865
f 2866 2812 2814
f 2788 2866 2850
f 2866 2788 2787
f 2812 2866 2867
f 1892 1889 1890
f 2720 2719 2846
f 298 299 256
f 2872 2714 2713
f 9246 9252 2735
f 2729 2730 2874
f 2846 2716 2715
f 2876 2877 2878
f 2733 2875 2878
f 9258 9259 2879
f 9258 2880 2872
f 2882 2883 2884
f 2881 2884 2715
f 2880 2881 2714
f 2879 2882 2881
f 2885 2886 2887
f 2888 2889 2890
f 2885 2890 2892
f 2893 2886 2885
f 1942 2151 2532
f 2895 2892 2720
f 2884 2895 2870
f 2883 2896 2895
f 2896 2891 2892
f 2889 2874 2717
f 2890 2717 2720
f 2897 2893 2891
f 2898 2897 2896
f 2899 2898 2883
f 2900 2899 2882
f 9249 2900 2879
f 2876 2902 2901
f 2901 2902 2904
f 1785 2656 1835
f 2905 2906 2899
f 2907 2908 2897
f 9249 2901 2903
f 632 576 577
f 8976 8991 2867
f 434 385 550
f 2768 2770 9092
f 2910 2911 1623
f 2241 2912 2758
f 9092 2770 2913
f 1623 2911 2757
f 9039 2242 2757
f 2229 1381 1380
f 2765 1630 1629
f 2915 2914 1629
f 9094 9093 2914
f 9093 9074 2765
f 2919 2916 9094
f 2918 2915 2912
f 9066 2918 2241
f 9070 2919 9065
f 8985 2177 2180
f 8965 2002 2188
f 3694 3626 3627
f 9157 9017 714
f 2925 2766 2917
f 2924 2917 2916
f 9062 2924 2919
f 9063 2925 2924
f 2926 2927 2766
f 9110 2926 2925
f 1715 1713 1705
f 785 497 498
f 1387 651 565
f 374 375 1899
f 9017 2203 2206
f 2929 2930 2886
f 2932 2933 2934
f 1905 1906 1908
f 2930 2935 2936
f 2938 2935 2930
f 1493 369 517
f 1603 1585 1586
f 2939 2938 2929
f 2940 2939 2908
f 9117 1707 1600
f 2886 2930 2937
f 2906 2907 2898
f 2908 2929 2893
f 2942 2934 2933
f 2941 2933 2937
f 8945 2941 2936
f 8942 2942 2941
f 2943 2944 2710
f 2943 2873 2874
f 2945 2943 2889
f 2946 2944 2943
f 2932 2945 2888
f 2931 2946 2945
f 727 1928 1929
f 2903 2904 2947
f 545 594 42
f 1480 1570 533
f 2907 2906 2949
f 2906 2905 2950
f 1558 452 215
f 9251 2903 2948
f 2054 1645 1644
f 9157 9136 2203
f 1828 1837 1849
f 2953 2954 2955
f 2952 2955 2957
f 2956 2261 2258
f 2953 2952 2258
f 2454 2455 2474
f 9199 2958 2959
f 9199 2132 2131
f 2961 2962 2963
f 2958 2963 2964
f 222 221 2485
f 2477 2226 2966
f 2631 2561 2006
f 2384 2454 2496
f 2967 2968 2959
f 2968 2967 2970
f 9211 2033 2971
f 9236 2971 2960
f 2972 2971 2033
f 2007 2377 2973
f 9004 9003 2134
f 1836 1833 1832
f 8950 2188 2090
f 955 810 959
f 672 675 674
f 633 710 713
f 2024 732 733
f 2025 2024 803
f 425 1552 1550
f 2975 2976 888
f 1319 1158 1157
f 1212 1935 2977
f 889 957 2228
f 1978 1974 1975
f 1138 1078 1329
f 751 665 2979
f 1619 1613 1625
f 2252 2255 1728
f 1157 1160 845
f 2706 1936 1938
f 2980 2255 2254
f 2982 2975 887
f 802 712 711
f 678 677 2029
f 527 840 690
f 1839 1207 2629
f 2983 2984 602
f 2983 1914 1913
f 2985 2983 1331
f 2986 2984 2983
f 2987 2637 2635
f 2985 2988 2639
f 2990 1319 1318
f 2991 2992 2993
f 2995 2991 2994
f 1106 1058 2991
f 1058 1057 2992
f 1415 1406 1365
f 1317 922 2217
f 1932 1728 2255
f 926 2998 2999
f 3001 2993 2992
f 3000 2992 1057
f 2999 3000 2978
f 2998 3001 3000
f 3002 2998 2209
f 3002 3003 2996
f 2993 3001 3002
f 1103 1106 2995
f 3004 2995 2996
f 2209 2210 3004
f 588 1103 3004
f 295 296 433
f 2638 2639 2988
f 3005 2988 1056
f 1305 3005 1930
f 1276 2638 3005
f 1987 1968 1993
f 2633 1762 1761
f 1423 1422 1417
f 9005 8961 739
f 2671 2670 2704
f 1473 1872 2035
f 922 1317 2694
f 1401 1400 1378
f 556 2028 1884
f 842 848 9277
f 1854 2706 2617
f 933 1082 1081
f 1440 1441 1436
f 529 657 719
f 1031 1025 1027
f 777 913 912
f 2645 1205 1204
f 441 438 1538
f 3771 3774 3773
f 790 1287 587
f 2065 2066 1610
f 1860 991 990
f 60 106 87
f 1424 1017 1948
f 332 1527 1507
f 261 262 138
f 187 188 449
f 1719 1720 1726
f 1931 1055 1059
f 3006 1059 1105
f 1287 3006 1104
f 1286 1931 3006
f 3007 3008 3009
f 3009 3008 653
f 618 999 26
f 2029 677 1210
f 957 601 600
f 1049 2146 2228
f 2631 890 3011
f 890 889 2227
f 3011 2227 2145
f 2561 3011 3012
f 1026 656 609
f 2706 1854 1961
f 3013 2965 2485
f 2148 2147 1267
f 3015 1267 1266
f 2997 2264 1101
f 642 641 1773
f 186 477 461
f 1041 1040 1320
f 1121 3016 3017
f 2984 2986 2987
f 3018 2987 2634
f 1048 603 3018
f 603 602 2984
f 2679 2678 801
f 2062 2072 2074
f 2061 2074 2076
f 414 303 1545
f 3016 1121 2683
f 3019 2683 2704
f 3020 3019 2670
f 3007 3016 3019
f 1871 1090 1091
f 3021 1787 1122
f 3022 3021 3017
f 1314 3021 3022
f 1784 1787 3021
f 1316 1315 1763
f 3023 3022 3010
f 3023 3009 795
f 1763 3023 1092
f 1315 3022 3023
f 3016 3007 3010
f 752 751 2978
f 2986 2639 2637
f 3024 654 653
f 3020 3024 3008
f 720 723 3024
f 723 2621 654
f 2681 1098 1268
f 2671 3025 1268
f 2705 2681 3025
f 1313 3026 3027
f 3026 3028 3029
f 3027 3029 3030
f 1311 3027 3031
f 2012 568 731
f 917 2657 974
f 3742 3745 3744
f 743 1206 856
f 1888 2027 2030
f 2682 2705 2684
f 3032 2684 1124
f 1100 3032 2989
f 1099 2682 3032
f 1123 2990 2989
f 3033 1834 1159
f 2990 3033 1158
f 1123 1786 3033
f 1786 1785 1834
f 1054 1056 2988
f 2979 665 664
f 2623 2622 2663
f 1095 660 688
f 3034 3035 2261
f 3036 3034 2956
f 3037 3038 3034
f 3038 3039 3035
f 3040 3041 3026
f 2263 3042 3041
f 3042 3039 3043
f 3041 3043 3028
f 3044 3045 3043
f 3046 3047 3045
f 3047 3048 3049
f 3043 3045 3049
f 3038 3037 3051
f 3050 3051 3053
f 3052 3046 3044
f 3039 3038 3050
f 3054 3035 3039
f 3042 2263 2262
f 2261 3035 3054
f 2216 2263 2997
f 2212 2211 2667
f 3056 868 2209
f 934 3057 1961
f 2013 9207 9209
f 3058 3059 3060
f 3059 3062 3063
f 3060 3063 2213
f 3061 3060 1963
f 3063 3064 2214
f 3062 3065 3064
f 3065 2257 2260
f 3064 2260 2215
f 3066 3067 3031
f 2608 2966 3067
f 2966 2562 3068
f 3031 3067 3068
f 2455 2458 2461
f 2476 2223 2226
f 8995 2090 2089
f 8970 2774 9221
f 433 354 355
f 2115 1423 1419
f 8953 2868 2922
f 9221 9189 2131
f 3069 2611 2167
f 2971 2972 2928
f 2961 2774 2773
f 3070 2475 2478
f 2610 2609 3071
f 2502 2371 2374
f 3072 2592 2595
f 2964 3046 3052
f 3048 2593 3074
f 2593 2592 3075
f 3075 3030 3029
f 3074 3029 3028
f 3072 3076 3075
f 3076 3072 2482
f 2481 2608 3066
f 3076 3066 3030
f 2967 3052 3053
f 2482 3072 3073
f 479 480 493
f 706 9352 9325
f 9005 2194 2221
f 2013 2010 9206
f 8977 2032 2016
f 9006 8963 2222
f 1171 1154 1155
f 3782 3644 3689
f 2586 2566 2565
f 2982 110 113
f 2562 2376 3077
f 2376 2375 3012
f 3012 2145 2148
f 3077 2148 3015
f 2963 3047 3046
f 3051 3078 2970
f 1683 2173 491
f 9302 2122 1447
f 1986 2181 9186
f 3079 3080 2546
f 3081 3079 2575
f 1983 1986 9220
f 3082 2323 2319
f 3080 3082 2545
f 9186 9184 3082
f 9184 9200 2323
f 1309 1471 1888
f 3073 2595 2772
f 2760 3083 3084
f 2760 2085 2088
f 3085 3084 3086
f 3089 3085 3090
f 3089 2762 3084
f 3092 3088 3090
f 3093 2748 2744
f 2751 2747 2748
f 3093 2741 2752
f 2742 2741 3093
f 3094 3093 2743
f 3096 3097 3098
f 3099 3096 3087
f 3097 3094 3095
f 3100 2743 2746
f 3101 2927 3102
f 2764 2766 2927
f 2745 2764 3101
f 3102 3092 3091
f 3100 3091 3095
f 2869 2802 9044
f 3102 3103 3104
f 9110 2868 2869
f 2927 2926 3103
f 3098 3095 3091
f 3087 3098 3090
f 2088 2125 3105
f 3083 3105 3086
f 2483 3073 2771
f 2401 2186 2185
f 3099 3086 3105
f 2125 2207 3106
f 3108 2737 2742
f 3107 2742 3094
f 3110 3108 3107
f 3109 3107 3097
f 3111 3109 3096
f 3112 3110 3109
f 3113 2738 2737
f 3115 2723 2722
f 3117 3115 3114
f 3119 3117 3116
f 3118 3116 3120
f 3116 3114 3113
f 3122 3112 3111
f 3122 3123 1755
f 3124 3125 3126
f 3125 3118 3121
f 3128 3119 3118
f 3129 3128 3125
f 2020 2712 3128
f 9305 9309 1346
f 1065 1046 1047
f 1814 9290 9282
f 2021 2020 3129
f 3111 3099 3106
f 3123 3106 2207
f 2377 2225 2224
f 3014 2485 113
f 1756 2208 9234
f 3131 3132 2530
f 3133 3131 2528
f 1753 1756 9219
f 3134 3124 3127
f 2327 2408 2314
f 2436 2318 2317
f 2018 2021 9163
f 2534 3136 3137
f 2320 2322 3136
f 2185 2018 9164
f 3138 3139 2542
f 3134 3135 9196
f 9237 3130 3134
f 3140 3138 2539
f 2535 3137 3140
f 9163 2021 3130
f 2558 2530 3132
f 9234 9212 3141
f 2560 2558 3141
f 9212 9229 3142
f 958 888 2976
f 1933 1932 2980
f 3714 3704 3729
f 2399 2424 2418
f 2348 2342 2343
f 2322 2320 2319
f 2718 2717 2874
f 2709 2729 2873
f 2894 2871 1361
f 3788 3789 3720
f 346 289 176
f 1876 1877 1882
f 2802 2803 9059
f 3104 3144 3088
f 2974 2222 9101
f 3089 3145 2761
f 3088 3144 3145
f 2803 2974 9055
f 9322 9361 692
f 2123 1419 1418
f 1365 1363 1368
f 3346 3345 3344
f 1581 1766 1782
f 9013 2202 2129
f 8999 2003 2002
f 3146 2585 2551
f 9203 3146 3147
f 9194 3149 3146
f 3149 2584 2585
f 3196 3198 3197
f 9056 2192 2191
f 3142 3150 2556
f 9229 9230 3150
f 9098 3152 2550
f 3150 3151 2555
f 9230 9232 3151
f 9240 9233 3152
f 3153 3147 2551
f 3152 3153 2549
f 9233 9228 3153
f 9228 9202 3147
f 3148 2767 2206
f 2183 2401 2321
f 2132 2960 2928
f 3299 3300 3321
f 9136 9137 2204
f 9171 2198 2197
f 2594 2962 2773
f 2595 2594 2951
f 1870 798 799
f 3257 3260 3259
f 9165 2179 2178
f 9158 2178 9188
f 336 3154 9226
f 339 3155 3154
f 9241 9135 3149
f 9135 9149 2584
f 2963 2962 3048
f 9174 9182 337
f 339 338 2566
f 3156 3157 2168
f 2610 3156 2167
f 2954 2953 3156
f 3157 3156 2953
f 9159 2166 2169
f 2567 3158 3159
f 337 3158 2567
f 9182 3069 2166
f 9216 2190 1983
f 2579 3160 3081
f 2568 3159 3160
f 9161 2169 2190
f 3065 3062 3162
f 3161 3162 1984
f 3157 3161 2189
f 2257 3065 3161
f 734 735 1922
f 3059 3058 2708
f 3163 2708 2182
f 3162 3163 1985
f 3062 3059 3163
f 3203 3206 3205
f 3806 3809 3808
f 2122 2119 1448
f 9269 1686 1685
f 139 140 444
f 1570 569 566
f 2957 3164 3165
f 2955 3166 3164
f 1912 454 341
f 3130 3129 3124
f 1548 322 319
f 1949 1950 1327
f 2969 2970 3078
f 3167 3078 3169
f 9176 2014 2017
f 9172 2017 2033
f 3168 3169 3165
f 3170 3165 3164
f 9231 3170 3171
f 9176 3168 3170
f 3171 3164 3166
f 3172 3166 3071
f 9204 3172 3173
f 9208 3171 3172
f 3169 3037 3036
f 2593 3048 2962
f 3173 3071 2609
f 3174 2609 2199
f 9235 3174 2198
f 9201 3173 3174
f 2190 2189 1984
f 2196 2195 2767
f 3326 3329 3328
f 2119 2120 1414
f 1464 1463 1466
f 2199 2611 3069
f 2457 2456 2587
f 2226 2225 2562
f 481 478 1627
f 333 1512 235
f 3078 3051 3037
f 3040 2264 2997
f 3351 3352 3262
f 2219 1934 1933
f 2385 2384 2497
f 221 2220 3175
f 2220 1933 3143
f 3175 3143 2976
f 2484 3175 2975
f 2954 3071 3166
f 2630 1858 110
f 1547 319 1952
f 2091 2090 2188
f 9185 9188 2178
f 1918 1919 1927
f 9007 112 111
f 3398 3401 3400
f 955 956 960
f 2037 3014 112
f 3143 2980 2981
f 2218 2211 2214
f 672 9329 9239
f 2152 3013 3014
f 1147 1144 1143
f 2248 2246 1409
f 1615 1636 1635
f 1410 1409 2246
f 3486 3488 3487
f 3468 3469 3502
f 3451 3453 3452
f 1382 3176 3177
f 3177 1410 2247
f 2247 1383 3177
f 3176 2238 2230
f 1410 3177 3179
f 3179 3180 2243
f 1633 3181 2800
f 3816 3818 3817
f 1621 1620 2758
f 3642 3801 3662
f 3422 3421 3260
f 1622 1621 2245
f 2236 1394 3181
f 3793 3796 3795
f 3493 3496 3495
f 2237 2236 3182
f 3513 3516 3515
f 2250 1631 2233
f 3654 3666 3667
f 2912 1629 1628
f 3819 3822 3821
f 3432 3824 3823
f 135 136 1564
f 1567 419 512
f 1085 1084 2653
f 3184 869 868
f 869 3184 3057
f 3389 3388 3387
f 1266 1268 1098
f 1267 2147 722
f 937 1146 2646
f 2146 1049 722
f 2211 2218 921
f 1957 510 507
f 1313 1312 2264
f 1496 362 1493
f 2887 2937 2933
f 1687 1688 1659
f 145 1499 1498
f 3831 3829 3830
f 37 38 418
f 1935 1934 3185
f 104 89 301
f 2101 2098 2083
f 543 298 360
f 1934 2219 3186
f 234 1521 212
f 9297 9273 1822
f 3825 3828 3827
f 1976 1875 1874
f 223 3186 2219
f 9107 9108 9057
f 2165 2164 467
f 467 468 2165
f 773 476 2165
f 3673 3658 3659
f 1935 1212 1728
f 3490 3491 3840
f 3362 3359 3848
f 3862 3865 3864
f 3465 3466 3484
f 3893 3894 3525
f 3352 3351 3430
f 3869 3872 3871
f 3529 3530 3567
f 3420 3417 3922
f 3304 3235 3236
f 3929 3932 3931
f 3324 3326 3327
f 3219 3937 3939
f 3220 3938 3937
f 3450 3375 3376
f 3942 3832 3833
f 3215 3216 3454
f 3946 3332 3215
f 3422 3949 3948
f 3950 3457 3198
f 3205 3206 3957
f 3261 3962 3961
f 3852 3853 3964
f 3214 3211 3946
f 3965 3213 3214
f 3797 3800 3799
f 3988 3991 3990
f 3777 3779 3806
f 3855 3858 3447
f 3737 3799 3800
f 3949 3953 3952
f 3651 3782 3783
f 4001 3784 3787
f 4019 4022 4021
f 4027 4030 4029
f 3258 3259 4030
f 4033 4036 4035
f 3424 3425 4047
f 3242 3243 4058
f 3970 3489 3547
f 3829 3242 4057
f 3333 3332 3947
f 4063 4068 4065
f 4073 4076 4075
f 3568 3456 3443
f 3981 3334 3335
f 3540 3915 3862
f 4078 4079 4031
f 3565 3566 4088
f 3442 3455 4089
f 4092 4095 4094
f 4093 4094 4097
f 3619 3620 3623
f 3660 4098 3821
f 3809 3648 3649
f 3610 3652 3655
f 3656 3622 3623
f 3621 3803 3804
f 3503 3480 3481
f 3436 3439 3438
f 3356 3428 3427
f 3628 3670 3669
f 3734 3811 4002
f 3276 3273 3370
f 3763 4106 4107
f 4006 4007 3754
f 3747 3751 3752
f 3863 3864 4110
f 3994 3891 4003
f 3653 3801 3664
f 3296 4116 4115
f 4117 4120 4119
f 3249 3252 3251
f 4127 4130 4129
f 3478 3575 3903
f 3410 4136 3921
f 3977 4061 4038
f 3216 3452 3453
f 3967 3547 3548
f 4140 4078 4032
f 3509 4086 4149
f 4151 4152 3659
f 4153 4152 3656
f 4153 4154 3646
f 4156 3688 3645
f 4139 4077 4078
f 3743 3744 4163
f 3861 3918 3987
f 3468 4066 4067
f 3306 3981 3980
f 4172 4173 4010
f 4169 4170 3836
f 4187 4190 4189
f 4213 4216 4215
f 4220 4223 4222
f 4225 4226 4211
f 4230 4233 4232
f 4240 4243 4242
f 3606 3609 3608
f 4250 4253 4252
f 4258 4261 4260
f 4077 4080 4079
f 4276 4279 4278
f 4308 4262 4263
f 4017 4018 3872
f 3196 3193 3951
f 4316 4317 4270
f 3870 4306 4307
f 4324 4327 4326
f 4333 4334 4247
f 4338 4341 4340
f 4348 4351 4350
f 4283 4284 4289
f 4356 4359 4358
f 4359 4019 4020
f 4362 4363 4196
f 4320 4364 4279
f 4370 4372 4296
f 4377 4253 4303
f 4231 4232 4201
f 4203 4212 4331
f 4037 4040 4039
f 4371 4265 4386
f 4387 4346 4347
f 3309 3293 3294
f 4099 3723 3724
f 4355 3422 3257
f 3630 3680 3693
f 4277 4278 4302
f 4350 4318 4319
f 4353 4354 4351
f 3637 3634 3639
f 4394 4395 3827
f 3311 3312 4399
f 3755 3708 4005
f 4363 4362 4259
f 3454 3453 3919
f 3446 3447 3459
f 4298 4299 4404
f 3749 3746 3769
f 3791 3741 3756
f 3643 3685 3684
f 3845 3846 3399
f 4313 3257 3258
f 4411 4413 4408
f 3843 4424 4423
f 4214 4215 4329
f 4431 4434 4433
f 3918 3861 3798
f 3927 3928 3388
f 4453 3893 3874
f 4138 4458 4457
f 3346 4460 4459
f 4100 4109 4108
f 3974 3977 3976
f 3665 3655 3652
f 3773 3565 3993
f 3945 3454 3920
f 4144 4463 4462
f 4464 4467 4466
f 3268 4142 4479
f 4484 3921 4136
f 3348 3914 4487
f 3313 3314 3912
f 3803 3621 3617
f 4086 3509 3510
f 4034 3304 3305
f 3403 3404 4171
f 4481 4482 4492
f 4177 4180 4179
f 4398 4170 3923
f 4451 4493 4494
f 4501 4075 4076
f 4509 4510 4506
f 3304 4034 4462
f 4485 4399 3312
f 3419 4488 3349
f 4356 4345 4385
f 4026 4354 4358
f 4354 4353 4357
f 3599 3596 4091
f 4341 4338 4254
f 4251 4252 4524
f 3482 3485 3484
f 3843 3543 3544
f 4295 4341 4274
f 4381 4530 4206
f 4204 4205 4531
f 4533 4536 4535
f 4542 4545 4544
f 4546 4549 4548
f 4573 4574 4547
f 4575 4578 4577
f 4221 4581 4580
f 4587 4590 4589
f 4328 4592 4589
f 4187 4565 4563
f 4595 4583 4593
f 4597 4605 4604
f 4609 4608 4611
f 4620 4623 4622
f 4612 4615 4614
f 4636 4638 4600
f 4649 4651 4650
f 4652 4655 4654
f 4662 4665 4664
f 4666 4669 4668
f 4637 4639 4685
f 4627 4701 4700
f 4684 4686 4636
f 4663 4689 4661
f 4699 4698 4697
f 4647 4648 4703
f 4709 4711 4603
f 4724 4633 4726
f 4742 4745 4744
f 3311 3923 3924
f 4698 4759 4758
f 4749 4765 4609
f 4342 4345 4344
f 4797 4800 4799
f 4490 4048 3974
f 4019 4359 4306
f 4512 3955 4514
f 3991 3988 4508
f 4692 4695 4694
f 4680 4681 4818
f 4821 4822 4824
f 4367 4239 4243
f 4833 4832 4831
f 4837 4744 4757
f 4332 4563 4562
f 4683 4835 4819
f 4845 4843 4850
f 4751 4753 4752
f 4854 4855 4695
f 4858 4719 4718
f 4822 4559 4859
f 4674 4646 4647
f 4771 4774 4773
f 4726 4727 4537
f 4714 4718 4719
f 4633 4634 4688
f 4616 4619 4618
f 4686 4684 4842
f 4869 4707 4708
f 3502 3868 3528
f 4777 4660 4737
f 4734 4732 4779
f 4883 4755 4663
f 4375 4294 4274
f 4290 4343 4335
f 4816 4815 4812
f 4778 4779 4732
f 4158 3710 4160
f 4195 4198 4197
f 3860 3861 4166
f 3758 3759 3763
f 3694 3691 4157
f 4249 4248 4391
f 3467 3470 3469
f 4209 4212 4211
f 4142 3268 4144
f 3615 3614 3617
f 3479 3480 3536
f 4883 4753 4672
f 4802 4801 4642
f 3698 3637 3638
f 4105 3725 3726
f 4848 4645 4896
f 4878 4877 4744
f 4610 4874 4748
f 4036 3403 4489
f 4355 4313 4314
f 4171 4141 4049
f 3875 3452 3216
f 4868 4865 4863
f 4623 4900 4691
f 3629 3626 4155
f 4654 4887 4898
f 4012 4015 4014
f 4902 4903 4866
f 4768 4769 4908
f 4370 4386 4385
f 4888 4860 4914
f 3546 3543 3917
f 4932 4926 4931
f 3625 3622 4151
f 3804 3669 3670
f 3816 4104 4103
f 4911 4898 4887
f 4928 4930 4927
f 4925 4929 4927
f 3655 3665 3666
f 4932 4919 4910
f 4937 4923 4912
f 4939 4938 4942
f 4228 4529 4530
f 4946 4945 4942
f 4938 4922 4923
f 4942 4938 4937
f 4951 4950 4930
f 4955 4951 4928
f 4748 4750 4615
f 4914 4860 4847
f 4824 4859 4584
f 4940 4939 4941
f 4916 4961 4960
f 4909 4907 4891
f 4971 4967 4968
f 4966 4970 4948
f 4962 4952 4953
f 4940 4935 4924
f 4831 4916 4917
f 4935 4936 4925
f 4275 4255 4261
f 4679 4758 4791
f 4016 4309 4373
f 4668 4764 4766
f 4539 4537 4727
f 4929 4925 4936
f 4775 4776 4801
f 4801 4776 4742
f 4732 4734 4611
f 4985 4984 4983
f 4534 4586 4562
f 4847 4644 4645
f 4788 4787 4619
f 4787 4788 4678
f 4657 4606 4605
f 4994 4996 4878
f 5006 5009 5008
f 5001 5003 4973
f 4814 4618 4619
f 5014 4989 4974
f 5003 5002 4972
f 5019 5006 5007
f 5024 5016 5017
f 5036 5037 5035
f 4990 5019 4975
f 5045 5033 5034
f 5048 5049 5034
f 5025 5017 5014
f 5046 5038 5043
f 5051 5052 5055
f 5044 5050 5060
f 5011 4981 5021
f 5013 5069 5068
f 5028 5073 5072
f 5077 5074 5064
f 5065 5080 5079
f 5083 5079 5080
f 5063 5067 5080
f 5054 5055 5071
f 4602 4603 4711
f 5058 5082 5083
f 4982 4983 4792
f 5041 5033 5045
f 3909 3911 3278
f 3471 3474 3473
f 5002 5003 4994
f 5060 5080 5067
f 4892 4861 4862
f 4891 4813 4884
f 4996 4994 5003
f 4997 5015 5005
f 4813 4617 4614
f 4618 4814 4827
f 5089 5090 5093
f 3303 3306 3305
f 5100 5103 5102
f 5107 5110 5109
f 5110 5115 5092
f 4610 4611 4734
f 5112 5103 5100
f 5088 5091 5090
f 5119 5118 5117
f 5092 5115 5096
f 3826 3830 3829
f 5108 5109 5102
f 5100 5130 5087
f 5118 5131 5133
f 3783 3689 3690
f 4444 4447 4446
f 5151 5153 5150
f 4790 4616 4617
f 4332 4182 4190
f 3266 3267 4451
f 3211 3947 3332
f 4741 4796 4760
f 4775 4778 4777
f 4764 4665 4691
f 4489 4171 4048
f 4466 4477 4511
f 4518 3936 3930
f 4786 4787 4791
f 4980 5005 4984
f 5144 5152 5150
f 5159 5146 5148
f 5121 5119 5120
f 5169 5164 5162
f 5016 4978 4979
f 5123 5180 5179
f 5181 5180 5140
f 5175 5185 5184
f 4575 4581 4586
f 4984 4985 4976
f 4596 4599 4598
f 5182 5181 5183
f 4785 4619 4787
f 5137 5124 5122
f 5167 5179 5180
f 4835 4683 4898
f 4687 4727 4726
f 4176 3836 4170
f 4760 4761 4655
f 4681 4680 4649
f 5121 5093 5132
f 5171 5191 5178
f 5174 5178 5191
f 5169 5193 5194
f 4909 5094 5095
f 5105 5104 5112
f 4767 5108 5126
f 5201 5202 5205
f 5219 5218 5217
f 5229 5214 5200
f 5234 5237 5236
f 4069 4072 4071
f 4724 4725 4717
f 5108 4767 4768
f 5103 5195 5126
f 5227 5218 5211
f 5015 4997 4884
f 4997 4998 4892
f 5197 5198 5215
f 5241 5199 5247
f 5013 4975 5019
f 5205 5239 5232
f 4969 4967 4971
f 5239 5205 5249
f 4808 5243 5225
f 5216 5247 5199
f 5253 5245 5242
f 5235 5236 5255
f 5135 5148 5157
f 5264 5260 5267
f 5245 5203 5215
f 5260 5261 5269
f 5264 5266 5274
f 5154 5153 5173
f 5287 5272 5278
f 5256 5301 5300
f 5173 5174 5176
f 4631 4630 4629
f 4781 4784 4783
f 5309 5307 5311
f 5155 5156 5144
f 4826 4828 4827
f 5291 5295 5308
f 5310 5311 5281
f 5311 5307 5308
f 4036 4033 4176
f 4641 4716 4704
f 5220 5224 4804
f 4770 5206 5207
f 5188 5185 5175
f 5180 5123 5129
f 4626 4700 5314
f 4731 4728 5315
f 5222 5213 5210
f 4728 4882 5316
f 5230 5219 5216
f 5297 5296 5240
f 5204 5233 5208
f 5318 4868 4864
f 5273 5272 5287
f 5221 5210 5219
f 4700 4902 5321
f 5313 5314 5328
f 5157 5149 5154
f 5275 5276 5263
f 5324 5322 5318
f 5323 5332 5331
f 5343 5334 5345
f 5306 5310 5286
f 5278 5281 5311
f 4882 4625 5320
f 5109 5110 5114
f 5123 5087 5130
f 5299 5283 5284
f 5240 5198 5199
f 5229 5231 5197
f 5305 5302 5292
f 5233 5228 5225
f 5192 5190 5194
f 5104 5105 4670
f 5146 5159 5160
f 5337 5340 5347
f 5347 5340 5341
f 5353 5346 5335
f 5349 5355 5354
f 5355 5358 5357
f 5358 5355 5360
f 5355 5349 5348
f 5342 5366 5365
f 5345 5346 5362
f 5332 5364 5367
f 5372 5371 5315
f 5370 5365 5366
f 5361 5356 5354
f 5364 5365 5368
f 5369 5344 5362
f 5316 5320 5330
f 5373 5359 5371
f 5341 5342 5364
f 5374 5358 5359
f 5329 5376 5375
f 5377 5380 5379
f 5377 5376 5331
f 5380 5377 5367
f 5363 5383 5370
f 5357 5358 5374
f 5381 5385 5361
f 4814 4815 4825
f 4825 4815 4816
f 4806 4746 4747
f 5119 5121 5131
f 4696 4697 4893
f 4696 5389 5390
f 5213 5222 5388
f 5393 5389 5388
f 5380 5382 5384
f 5213 5387 4893
f 4813 4891 4908
f 5390 5392 4693
f 5294 5289 5287
f 5184 5185 5186
f 5285 5275 5253
f 4769 4789 4790
f 5327 5371 5359
f 4598 4621 4690
f 4608 4606 4733
f 4627 4624 4609
f 4596 4604 4851
f 4900 4623 4706
f 4668 4795 5395
f 4863 4865 4639
f 5392 5393 4666
f 4872 4650 4651
f 4807 4791 4758
f 5348 5338 5325
f 5176 5191 5190
f 5046 5031 5022
f 4853 4852 4869
f 5346 5353 5363
f 4709 4880 4620
f 4672 4673 4904
f 4680 4811 4651
f 4841 4844 4688
f 4823 4817 4818
f 4729 4730 4602
f 4881 4729 4851
f 5360 5348 5326
f 4852 4900 4707
f 4890 4751 4669
f 5392 5390 5389
f 5189 5182 5186
f 4881 4604 4605
f 5343 5344 5369
f 4607 4624 4625
f 5056 5055 5052
f 4850 4797 4798
f 3260 5399 5398
f 4855 4736 4899
f 5339 5343 5366
f 4789 4905 4808
f 5400 4040 3948
f 3872 3424 4046
f 4018 3423 3424
f 4025 4523 4172
f 4011 4023 4024
f 4065 4068 3900
f 3413 4012 4013
f 5056 5068 5069
f 5055 5056 5070
f 4062 5398 5399
f 5269 5289 5294
f 4685 4866 4903
f 5254 5242 5240
f 4606 4657 4658
f 4729 4881 4882
f 4030 4041 4043
f 4664 4752 4753
f 3575 3483 3904
f 3413 3410 3922
f 4949 4968 4955
f 4947 4937 4913
f 4849 4850 4894
f 4143 3974 3975
f 4912 4923 4932
f 3774 3771 3995
f 3956 3954 3342
f 4871 4872 4758
f 4270 4273 4272
f 4039 4040 5400
f 3555 3969 5402
f 5403 5404 3906
f 3908 4126 3823
f 4124 4121 5408
f 3901 3902 4046
f 4120 4117 5410
f 4124 3962 4125
f 5420 3906 5404
f 5424 4059 5425
f 3400 5429 5428
f 5432 5433 5435
f 4941 4942 4945
f 4935 4940 4949
f 3895 3898 3897
f 5426 5408 4121
f 5430 3905 3906
f 4045 4041 5398
f 5395 4693 5392
f 4846 4903 4701
f 4880 4709 4710
f 4624 4607 4608
f 4656 4690 4662
f 5305 5307 5309
f 5220 5223 5222
f 4230 4223 4327
f 5030 5073 5028
f 5213 5212 5211
f 5440 3272 3269
f 4396 4397 3980
f 5447 5448 3244
f 3328 3330 5451
f 4208 4391 4248
f 4599 4620 4621
f 4528 4339 4391
f 4529 4228 4199
f 4526 4338 4339
f 4256 4235 5452
f 4532 5452 4241
f 3834 4400 5446
f 5443 5445 5444
f 4530 4247 4334
f 4754 4886 4904
f 4229 4228 4381
f 4205 4382 4383
f 4892 4998 4987
f 4039 4032 3976
f 4738 4780 4796
f 4833 4835 4897
f 4232 4527 4200
f 4194 4240 4241
f 4889 4794 4750
f 4194 4191 4365
f 4531 4383 4195
f 5043 5042 5062
f 4182 4332 4561
f 5446 5447 3241
f 5237 5239 5248
f 4206 4334 4382
f 5210 5211 5218
f 3426 3922 3417
f 4216 4191 4192
f 4219 4210 4184
f 4180 4561 4380
f 4327 4595 4591
f 4223 4230 4231
f 4215 4192 4360
f 4186 4568 4218
f 4190 4330 4209
f 4223 4220 4595
f 4326 4591 4328
f 4366 4389 4568
f 4570 4548 4549
f 4579 4573 4548
f 4563 5453 4533
f 4583 4595 4220
f 4586 4380 4561
f 4239 4196 4363
f 4572 4571 4567
f 4536 4539 4585
f 4538 5453 4566
f 4536 4533 5453
f 3573 3986 3983
f 5427 3963 3552
f 4553 4587 4588
f 4593 4554 4555
f 4368 4365 4183
f 4361 5452 4235
f 4233 4369 4527
f 4233 4230 4324
f 4212 4209 4330
f 4237 4324 4325
f 4193 4241 5452
f 4983 5015 4885
f 5002 4995 4986
f 5074 5077 5076
f 4698 4699 5391
f 5391 4699 5390
f 4871 4899 4650
f 4546 4857 4543
f 4553 4550 4901
f 4552 4588 4555
f 5223 4804 4805
f 5386 5382 5383
f 5317 5315 5371
f 3240 3237 4429
f 5384 5385 5381
f 3938 3217 3218
f 3942 3943 5455
f 5361 5385 5386
f 4542 4540 4541
f 3910 5430 5420
f 3939 3333 4060
f 3851 5350 5351
f 3838 5427 3556
f 4547 4858 4857
f 5442 5443 4050
f 3385 3874 5428
f 4257 4234 4235
f 5312 5212 4893
f 4212 4203 4204
f 3854 3849 5461
f 4226 4184 4210
f 4202 4177 4178
f 3316 3983 3897
f 5464 5465 4432
f 5465 5466 3883
f 4472 4469 4449
f 4501 4472 4450
f 4074 4075 4080
f 5473 5474 5401
f 4173 4172 5475
f 3432 3429 3520
f 3462 5505 5504
f 4075 4501 4494
f 5482 5481 3387
f 5468 5471 5470
f 3427 5421 5422
f 4498 4499 4487
f 5403 3824 5414
f 3382 5523 5522
f 3492 5512 5511
f 3429 3434 3517
f 3873 5522 5524
f 5480 5479 3350
f 3477 5508 5505
f 4507 4508 5544
f 4396 5550 5551
f 3374 5552 5553
f 3373 5553 5554
f 5479 4521 4063
f 3390 5554 5555
f 5531 5525 5566
f 3368 5568 5567
f 5556 5557 5560
f 3393 5555 5557
f 4433 3364 5463
f 5464 5463 5458
f 4435 4437 4439
f 4055 4393 3277
f 3273 3278 3911
f 3395 3357 3358
f 5486 3894 4071
f 5526 4455 4453
f 5525 5570 5569
f 5568 3526 3527
f 3527 3362 3847
f 3365 5461 3849
f 5462 3849 3850
f 4435 4436 5571
f 3378 3379 3943
f 5573 5578 5577
f 4438 5455 3943
f 5477 5574 5579
f 5582 5581 5580
f 5583 5580 5581
f 5586 5585 5588
f 4074 5472 5586
f 5583 5585 5474
f 4507 5589 5590
f 5573 5478 4522
f 3989 5595 5596
f 5594 3406 3407
f 4436 3381 5572
f 5591 3990 3991
f 4507 4475 4476
f 3990 5591 5587
f 5578 3409 3406
f 5595 3989 5584
f 5484 3394 3358
f 4441 4442 5467
f 5472 4074 4077
f 5522 5599 5570
f 5486 3358 3353
f 5481 4498 3386
f 3475 5506 5492
f 5476 4523 3899
f 5540 5541 5606
f 5542 5540 5603
f 5608 5543 5542
f 5608 5607 5545
f 5607 5603 5609
f 5599 5600 5548
f 5598 5592 5543
f 5595 5594 5593
f 5588 5584 3989
f 5626 3265 3266
f 5627 3266 4448
f 5469 4449 4469
f 4515 4517 5625
f 4503 4473 4474
f 4481 5626 5627
f 4500 5628 5469
f 3414 4468 5466
f 5594 5595 5581
f 3376 3377 4430
f 3444 3944 3941
f 5572 3944 3444
f 4273 4286 4287
f 4345 4356 4357
f 4386 4304 4305
f 4517 4462 4463
f 4352 4349 4319
f 4352 4250 4251
f 4268 4277 4390
f 4264 5629 4320
f 4346 4387 4282
f 4337 4335 4343
f 4289 4244 4245
f 4303 4378 4287
f 4343 4290 4291
f 4284 4333 4244
f 4375 4519 4291
f 4379 4319 4271
f 4337 4353 4348
f 4524 4525 4295
f 4364 4362 4197
f 4285 4282 4390
f 5206 5209 5208
f 4297 5629 4371
f 4346 4283 4286
f 4285 4300 4333
f 3571 3572 4395
f 5341 5340 5339
f 5346 5345 5334
f 5269 5261 5273
f 4510 4509 5609
f 4509 4474 5545
f 4445 4446 5611
f 5566 5569 5568
f 5349 5336 5338
f 5489 5490 3401
f 5565 5566 3368
f 5496 5497 5417
f 5523 3382 3383
f 5325 5338 5347
f 5523 5600 5599
f 5429 3400 3401
f 3887 5632 5631
f 5634 5613 5600
f 5276 5280 5279
f 5298 5297 5257
f 5087 5086 5085
f 3361 3526 5612
f 5041 5061 5066
f 5487 5488 3383
f 5101 5116 5130
f 5299 5298 5300
f 5333 5336 5335
f 5302 5305 5304
f 5234 5247 5216
f 5301 5256 5255
f 4868 5318 5322
f 5281 5278 5277
f 5323 5321 5322
f 5298 5284 5296
f 4885 4829 4750
f 5231 5230 5196
f 4625 4626 5313
f 5111 5113 5085
f 5600 5613 5549
f 5531 5564 5563
f 5165 5166 5182
f 5283 5280 5285
f 4269 4276 4277
f 5610 5609 5603
f 5127 5090 5091
f 4907 5095 5125
f 5277 5278 5272
f 5596 5593 5592
f 5212 5312 5226
f 5273 5261 5262
f 5302 5301 5258
f 5635 5646 5645
f 4250 4352 4379
f 4485 4136 3405
f 4354 4026 4023
f 4265 4262 4304
f 4388 4390 4282
f 4345 4342 4384
f 4362 4364 4297
f 4836 4765 4612
f 4360 4361 4236
f 4369 4233 4237
f 5647 5636 3986
f 5650 3965 3192
f 5337 5338 5336
f 4467 4478 4477
f 4253 4377 4340
f 4429 3416 5457
f 3997 4133 3915
f 5535 3856 3839
f 5538 5541 4460
f 3439 3376 5571
f 5570 5525 5526
f 3438 5571 5572
f 4440 4468 3879
f 3440 5665 4407
f 3886 5685 5695
f 5534 5529 5396
f 5685 3886 3471
f 4278 4198 4301
f 5628 4448 4449
f 3579 3537 3538
f 4480 5627 5628
f 4402 5499 5517
f 4279 4197 4198
f 3603 3534 3532
f 3580 3594 4088
f 4095 3530 3531
f 5248 5249 5251
f 3778 3819 3999
f 4617 4618 4613
f 4375 4275 4372
f 3411 3405 4136
f 5094 5106 5111
f 3602 3532 3535
f 4023 4011 4350
f 4349 4352 4336
f 3605 3535 3536
f 4469 4472 4471
f 4094 3531 3593
f 4248 4249 4245
f 3519 5521 5518
f 5254 5296 5284
f 4852 4853 4795
f 4265 4371 5629
f 5632 5499 5503
f 3604 3611 3612
f 5549 5501 5502
f 3653 3606 3607
f 4780 4738 4873
f 4988 4989 4979
f 4491 5625 5626
f 4837 4904 4995
f 4615 4612 4765
f 5468 4469 4470
f 3514 3470 3467
f 5491 5680 4409
f 4093 3618 3619
f 4364 4320 5629
f 3488 5510 5509
f 5606 5539 5611
f 4210 4219 4189
f 4600 4603 4602
f 5242 5215 5198
f 5073 5074 5075
f 5651 5657 3940
f 3996 3541 3775
f 5200 5203 5202
f 5525 5531 5527
f 3364 4433 4434
f 3775 3541 3542
f 3941 3833 5485
f 3731 3706 4105
f 4997 5000 4999
f 4508 5598 5608
f 4101 4099 3818
f 3728 4109 4103
f 4591 4593 4592
f 4539 4536 4538
f 4550 4553 4552
f 4541 4566 4567
f 4389 4579 4570
f 4582 4583 4580
f 4976 4979 4978
f 4705 4708 4707
f 4797 4850 4843
f 3713 3729 3730
f 4675 4647 4702
f 4977 4978 4981
f 4810 4818 4817
f 4786 4811 4812
f 4715 4631 4628
f 4978 5016 5021
f 5010 5009 5006
f 3722 3743 4162
f 4558 4557 4560
f 4568 4570 4569
f 4584 4578 4535
f 4641 4631 4715
f 5026 5014 5012
f 4776 4777 4745
f 4714 4628 4712
f 4982 4996 5001
f 4576 4577 4560
f 4564 4567 4566
f 5069 5013 5018
f 5057 5052 5048
f 4810 4812 4811
f 3710 4158 3786
f 4991 4992 4999
f 5011 5009 5010
f 5008 5020 5022
f 5066 5067 5063
f 5047 5037 5024
f 5050 5049 5051
f 5023 5021 5016
f 5045 5044 5059
f 5047 5025 5026
f 3711 3712 3724
f 5048 5035 5037
f 5042 5040 5063
f 5058 5053 5051
f 5036 5038 5046
f 3715 3699 3700
f 5235 5256 5257
f 3732 3729 3704
f 5030 5031 5062
f 5020 5021 5023
f 5263 5262 5261
f 5049 5050 5044
f 5236 5248 5250
f 5031 5030 5027
f 5043 5038 5039
f 5320 5313 5329
f 5049 5048 5052
f 5326 5319 5317
f 3264 3261 3288
f 5264 5265 5263
f 4998 4999 4992
f 5009 5011 5020
f 5036 5032 5039
f 5032 5035 5034
f 4355 4317 3949
f 4269 4266 4374
f 4253 4250 4378
f 4525 4524 4252
f 3960 4112 4111
f 4372 4275 4258
f 5681 5672 5673
f 4378 4379 4272
f 4270 4347 4346
f 3244 5448 5644
f 4899 4703 4648
f 3734 3732 3702
f 4138 3346 3343
f 4192 4193 4361
f 3813 4001 3812
f 3817 3695 3696
f 5668 5683 5682
f 5690 5691 5687
f 5499 5632 5700
f 3999 3819 3820
f 3745 3742 4102
f 5684 3471 3472
f 5702 3859 3860
f 5712 5713 5693
f 3249 3277 4393
f 5695 5683 5715
f 5694 5715 5716
f 5719 3972 5601
f 4918 4919 4950
f 4774 4742 4743
f 5505 4415 4411
f 3583 3584 3585
f 3710 3687 4157
f 5513 5725 4417
f 5704 3563 4146
f 4141 4045 4062
f 5669 5689 5688
f 3898 3895 5653
f 5718 3973 3972
f 5684 5687 5686
f 3917 4131 5717
f 3463 5666 5662
f 5492 5506 5680
f 4931 4930 4950
f 5665 3440 3441
f 3788 3717 3740
f 3501 3502 3529
f 3569 3570 3477
f 5516 5728 5727
f 3564 3567 3566
f 3892 5405 5406
f 3962 4124 5407
f 4126 3908 4123
f 4116 3296 3287
f 3892 3887 5630
f 3824 3432 5413
f 4408 4409 5680
f 3969 3966 3978
f 4408 4413 3449
f 4414 3448 3449
f 3962 3261 3262
f 4425 5724 5616
f 4418 5725 5727
f 5716 5597 5575
f 5719 5720 5717
f 5698 5498 5692
f 3880 5621 4166
f 5652 3212 5520
f 5621 5623 4167
f 5679 4409 4410
f 3210 3209 3355
f 5622 5534 5451
f 5416 5417 5497
f 5729 5732 5731
f 5733 5734 3761
f 5735 5738 5737
f 5750 5752 5751
f 5744 5745 5740
f 5744 3770 3753
f 5753 5754 5730
f 5757 5758 5736
f 5731 5752 5765
f 5774 5777 5776
f 5790 5793 5792
f 5796 5786 5787
f 5817 5814 5819
f 5828 5831 5830
f 3725 4105 3751
f 4874 4734 4873
f 4700 4701 4903
f 4740 4820 4876
f 3199 3202 3201
f 4100 4102 4099
f 3749 3767 4108
f 3695 3817 3712
f 3378 3381 3380
f 5504 4411 4412
f 4405 4402 5518
f 5838 5839 5835
f 4705 4632 4712
f 5832 5831 5828
f 5697 5677 5678
f 3791 4006 4005
f 5848 5791 5794
f 3714 3700 3701
f 3995 4148 4042
f 3329 3326 3224
f 4005 3708 3705
f 4551 4762 4763
f 5855 5798 5808
f 5851 5795 5792
f 5803 5801 5858
f 5844 5843 5840
f 5762 5759 5743
f 5808 5809 5806
f 4012 3413 3426
f 5558 3513 3467
f 4550 4763 4720
f 4950 4951 4953
f 3885 3886 5694
f 5705 5706 4081
f 5508 4417 4415
f 3745 3759 3760
f 5507 4412 5680
f 3592 3536 3588
f 3895 5434 5658
f 5613 5500 5501
f 3834 3830 4393
f 5527 4454 4455
f 5775 5806 5809
f 5766 5767 5813
f 5858 5811 5812
f 5855 5815 5811
f 5863 5820 5819
f 5826 5859 5863
f 5862 5866 5833
f 5870 5871 5837
f 5782 5783 5831
f 5868 5838 5836
f 5778 5779 5843
f 5866 5870 5845
f 5785 5864 5867
f 5790 5788 5789
f 5796 5797 5794
f 5821 5818 5819
f 5657 5651 5620
f 5793 5849 5852
f 5855 5858 5801
f 5853 5847 5786
f 5804 5805 5802
f 5827 5867 5864
f 5767 5768 5821
f 5854 5857 5776
f 5860 5817 5818
f 5782 5832 5825
f 5781 5778 5844
f 5810 5811 5815
f 5867 5827 5830
f 5809 5808 5798
f 5828 5829 5863
f 5865 5841 5838
f 5801 5803 5802
f 4086 5707 3795
f 5779 5780 5842
f 5827 5826 5829
f 5839 5872 5869
f 5814 5815 5855
f 5711 4132 3859
f 4958 4957 4917
f 5861 5818 5821
f 5863 5859 5812
f 5865 5868 5823
f 5873 5836 5837
f 5872 5839 5842
f 4089 3455 3563
f 3812 3787 3785
f 5770 5771 5787
f 5789 5786 5847
f 5793 5789 5846
f 4145 4147 4146
f 5848 5773 5790
f 3953 4008 4009
f 5748 5875 5874
f 4624 4627 4626
f 4665 4764 4752
f 4775 4780 4779
f 4746 4670 4671
f 4637 4600 4601
f 4828 4612 4613
f 4704 4763 4762
f 4843 4845 4727
f 4543 4717 4725
f 4731 4864 4863
f 4723 4594 4558
f 4842 4846 4840
f 4717 4543 4857
f 4865 4868 4867
f 5841 5865 5866
f 4725 4726 4540
f 4798 4799 4816
f 4632 4635 4634
f 4720 4716 4715
f 4642 4645 4644
f 3754 4007 5874
f 4860 4761 4644
f 4674 4723 4722
f 4808 4809 4676
f 4721 4722 4822
f 5876 5878 5877
f 4836 4838 4840
f 4658 4661 4660
f 4826 4799 4800
f 4877 4782 4743
f 4948 4970 4971
f 4875 4739 4876
f 4954 4933 4934
f 5773 5770 5788
f 5825 5832 5833
f 5834 5837 5836
f 5834 5844 5845
f 3359 3362 3361
f 5732 5729 3756
f 3394 3397 3396
f 3766 3769 5741
f 5774 5809 5799
f 5805 5776 5857
f 5813 5821 5820
f 3969 3555 3964
f 5667 5668 5674
f 5729 5747 3792
f 3770 5744 5741
f 4741 4740 4739
f 4689 4737 4660
f 5772 5797 5787
f 5735 5733 3758
f 5850 5772 5773
f 5617 5528 3965
f 5799 5800 5854
f 5875 5748 5764
f 5840 5843 5842
f 5861 5768 5769
f 5807 5804 5853
f 5869 5781 5834
f 3765 3768 5739
f 5882 5884 5761
f 5881 5879 5887
f 5895 5896 5898
f 5907 5905 5906
f 5909 5907 5908
f 4234 4257 4526
f 3912 3927 3389
f 5934 8731 8730
f 8730 8731 5930
f 4920 4923 4922
f 8845 8847 8853
f 4141 4171 3404
f 3733 3705 3706
f 8849 8847 8848
f 4234 4237 4236
f 8863 8858 5919
f 3733 4002 4004
f 5908 5906 8859
f 8865 8866 8871
f 8859 8858 8863
f 5927 5924 5925
f 5911 5903 5904
f 8878 8871 8866
f 5635 5638 5637
f 5745 5744 5746
f 3552 3555 3554
f 8857 8889 8890
f 5924 5927 8860
f 3553 3557 3556
f 5919 5920 8861
f 8869 8865 8870
f 8873 8871 8878
f 8856 8857 8875
f 8862 8861 5889
f 8846 8845 8844
f 8864 8863 8866
f 8729 8730 8883
f 8848 8846 8887
f 8878 8879 5888
f 8896 8854 8855
f 8853 8854 8896
f 8841 8842 5882
f 3489 3492 3491
f 8867 8859 8864
f 5910 5908 8867
f 5914 5910 8898
f 5916 5914 8899
f 5889 8861 8860
f 8876 8878 8893
f 5918 5916 8900
f 4424 5722 5726
f 8904 8903 8900
f 8909 8908 8904
f 8908 8907 8903
f 8869 8909 8905
f 3632 3668 3667
f 3687 3690 3689
f 3636 3682 3681
f 3664 3641 3639
f 4304 4307 4306
f 8909 8869 8891
f 3681 3696 3695
f 3758 3761 3760
f 3684 3701 3700
f 3721 3724 3723
f 3941 3944 3943
f 3738 3741 3740
f 3687 3710 3709
f 3238 3239 3938
f 4249 4303 4288
f 4499 4498 3344
f 4240 4194 4368
f 3453 3451 3951
f 4401 3971 3547
f 3950 3951 3451
f 3702 3704 3701
f 3725 3728 3727
f 3194 3207 3208
f 4034 4035 4461
f 3914 3348 3913
f 3483 3575 3533
f 3191 3958 3957
f 4292 3489 3970
f 3909 3910 3428
f 3959 3960 3866
f 4017 4308 4309
f 4316 4318 4008
f 4448 4451 4450
f 4414 4415 4417
f 3435 3430 3351
f 4413 4411 4415
f 3899 3902 3901
f 3780 3781 3648
f 3474 3471 3886
f 3958 3191 3192
f 3221 3223 3935
f 3905 3908 3907
f 3913 4488 4486
f 4420 4422 4421
f 3881 3884 3883
f 4004 3788 3790
f 4271 4319 4318
f 4259 4297 4296
f 3501 4003 4066
f 5897 5898 5900
f 5901 5902 5904
f 8854 8849 8856
f 3789 3785 3786
f 3651 3648 3781
f 5924 5899 5901
f 8870 8871 8873
f 8876 8877 8874
f 5912 5917 5918
f 3805 3918 3799
f 3369 3370 3395
f 3923 3926 3925
f 3916 3917 3512
f 3641 3664 3801
f 4276 4269 4323
f 4181 4229 4331
f 4428 4430 3377
f 3495 4425 4321
f 4436 4435 3380
f 4430 4428 4437
f 3945 3957 3958
f 4065 3901 4047
f 4495 4497 3408
f 8913 8912 8915
f 8911 8910 8917
f 8889 8922 8923
f 8919 8935 8931
f 8884 8914 8918
f 8922 8921 8931
f 5852 5907 5909
f 5866 5862 5915
f 8926 8918 8914
f 8914 8884 8883
f 8886 8919 8921
f 5846 5847 5894
f 5873 5902 5900
f 8893 5888 5764
f 8894 8893 5754
f 5890 8860 5927
f 5885 8896 5755
f 5871 5904 5902
f 5763 8936 5883
f 5880 5890 8936
f 4175 4176 4398
f 4274 4254 4255
f 8883 8730 5931
f 8868 8905 8898
f 3289 4059 3247
f 3858 3855 5485
f 8850 8848 8886
f 4116 4120 5409
f 3889 5406 4127
f 3678 3679 8938
f 8857 8850 8888
f 3979 3551 3294
f 4126 3352 3431
f 3651 4000 3679
f 3460 3858 5921
f 4084 3309 3310
f 8905 8904 8899
f 3561 3327 5397
f 3213 3965 5528
f 4191 4194 4193
f 5449 5450 5532
f 4142 3975 4031
f 4060 3947 5652
f 4480 4483 4482
f 5519 5520 3212
f 5657 5451 3330
f 4473 4476 4475
f 3514 3515 5668
f 5663 5670 5669
f 8881 5929 5926
f 5734 5733 5749
f 4788 4789 4677
f 3997 3996 3538
f 3551 3486 3310
f 3577 3578 3998
f 4893 4697 4676
f 4753 4751 4671
f 8729 8884 8885
f 3813 3703 9021
f 8938 4001 3813
f 8882 5931 5929
f 4098 5701 3820
f 3399 5405 5416
f 5494 5495 5503
f 5880 5877 5878
f 4986 4673 4861
f 4999 5000 5004
f 4985 5001 4988
f 5816 5769 5766
f 4372 4370 4384
f 5688 5691 5692
f 8903 8902 8901
f 8879 8862 5887
f 8902 8881 8880
f 5919 5893 5895
f 4519 4384 4342
f 8847 8849 8854
f 5925 5901 5903
f 4021 3899 4523
f 5678 5677 5676
f 4424 3843 4085
f 5701 3576 3577
f 5928 5925 5926
f 5000 5005 4980
f 9022 4147 3545
f 9024 9025 5409
f 4008 4011 4010
f 3931 3234 4516
f 3822 3806 3807
f 8851 8852 8844
f 5728 5516 5509
f 9025 9023 4115
f 5209 5200 5201
f 4820 4740 4653
f 3988 5596 5598
f 3370 3911 3357
f 5639 5642 5641
f 5592 4511 4477
f 3378 3944 5572
f 5625 4463 3265
f 5594 5582 5577
f 3302 5649 5645
f 3274 3277 3278
f 5207 5208 5233
f 5071 5070 5072
f 4815 4814 4785
f 4796 4802 4643
f 3243 3244 5643
f 5301 5302 5303
f 5431 3562 5655
f 5251 5249 5244
f 3353 3427 3523
f 4174 3404 3405
f 3546 4114 4113
f 4002 3789 3788
f 4196 4239 4238
f 3232 5646 5647
f 4373 4374 4266
f 4867 5322 5321
f 5648 4054 4058
f 4455 4070 3893
f 5593 3407 4511
f 5275 5265 5252
f 5252 5265 5274
f 4092 3619 3624
f 3723 3742 3743
f 4780 4775 4802
f 4059 3289 3560
f 4317 4355 4347
f 5188 5190 5192
f 5570 5599 5612
f 3385 5429 5633
f 3526 5568 5569
f 3576 5701 3608
f 3581 3542 3594
f 5239 5237 5238
f 5081 5079 5083
f 4369 4526 4528
f 4325 4326 4329
f 3569 3285 3286
f 9022 9026 4112
f 3661 3662 3801
f 5074 5073 5030
f 5064 5062 5063
f 3563 3497 3498
f 3961 5407 4119
f 4854 4853 4870
f 5018 5007 5028
f 5007 5008 5027
f 5040 5042 5039
f 3240 3375 3875
f 5070 5069 5029
f 3504 3481 3866
f 3537 3579 3591
f 5033 5041 5039
f 4710 4638 4635
f 5017 4979 4989
f 5024 5037 5046
f 4991 5006 5019
f 4587 4553 4574
f 4996 4982 4793
f 5066 5061 5059
f 5221 5230 5231
f 5068 5056 5057
f 3675 3676 3643
f 3663 3674 3675
f 4722 4558 4559
f 3579 3576 3590
f 3686 3676 3677
f 4422 4420 3499
f 5142 5141 5138
f 5078 5071 5075
f 3609 3589 3590
f 3288 3961 5411
f 5424 9024 5410
f 5152 5144 5156
f 3960 5704 5709
f 4946 4956 4957
f 3867 3903 5705
f 9026 9022 4113
f 5192 5193 5189
f 5161 5164 5194
f 3637 3698 3682
f 4392 5461 3847
f 3796 4114 4149
f 4104 3716 3727
f 3594 3595 3993
f 3796 3793 4134
f 3687 3688 4156
f 3760 3761 4164
f 4464 3344 3345
f 3485 3528 3868
f 3846 3845 5423
f 3409 4520 4496
f 3767 3768 3765
f 3711 3721 4159
f 3797 4132 4087
f 4072 4069 5562
f 4502 4076 5590
f 5408 5426 9027
f 5683 5695 5714
f 5702 3772 4110
f 5623 4042 4148
f 5428 3874 3525
f 3668 3803 3802
f 4000 4001 8938
f 4221 4222 4179
f 4267 4268 4388
f 3721 3722 4161
f 3903 5659 5706
f 3583 3580 4090
f 3894 5486 3524
f 4635 4638 4636
f 4173 5401 4009
f 4890 4666 5393
f 5290 5291 5293
f 5339 5340 5337
f 5458 5459 4438
f 3251 5419 5430
f 3252 5418 5419
f 3428 5420 5421
f 3571 5426 5418
f 4583 4582 4554
f 4239 4367 4224
f 3322 3898 5450
f 5309 5310 5306
f 4109 3728 3748
f 5707 3865 3794
f 5139 5184 5183
f 5271 5270 5290
f 5280 5283 5282
f 5110 5107 5125
f 5319 4864 4731
f 5334 5343 5339
f 5423 3522 3523
f 5376 5377 5378
f 4721 4681 4646
f 3719 4158 4159
f 4853 4854 4692
f 5373 5372 5330
f 4428 5457 5456
f 5376 5329 5328
f 3337 3367 4434
f 4692 4693 5395
f 5475 4172 4523
f 5478 3900 4068
f 5421 5404 4129
f 5374 5373 5375
f 5283 5299 5306
f 5246 5247 5234
f 5154 5149 5150
f 4458 5562 5561
f 5163 5159 5158
f 5381 5374 5378
f 3397 3394 5484
f 4457 5561 5563
f 5147 5143 5150
f 4474 4475 5544
f 5325 5318 5319
f 5223 5394 5388
f 5517 5700 3521
f 4499 5480 3347
f 5404 5403 4128
f 3476 5507 5506
f 4084 5516 5515
f 3900 5478 5477
f 5536 5564 5547
f 5491 5498 5493
f 5474 5472 4139
f 4063 4521 4522
f 4459 4460 5541
f 5548 5549 3360
f 5444 5445 5550
f 3888 3889 5415
f 5546 5547 3339
f 5536 5539 5538
f 3570 5513 5508
f 4471 4502 5589
f 4280 3848 3359
f 5499 4402 4403
f 5189 5193 5169
f 5543 4477 4478
f 4051 5551 5552
f 3461 5504 5507
f 4629 4630 4870
f 5106 5094 4909
f 5286 5281 5279
f 5462 5463 3364
f 3491 5511 5514
f 5224 5220 5231
f 4478 4459 5540
f 4099 4102 3742
f 4803 4806 4805
f 4130 5423 5422
f 4470 4471 4476
f 4924 4925 4921
f 4920 4921 4927
f 4993 4986 4987
f 4887 4888 4913
f 3894 3893 4070
f 5472 5474 5585
f 3508 4135 4134
f 3603 3600 4096
f 3772 3773 3992
f 5712 5664 5671
f 3739 3718 4162
f 5683 5668 3515
f 5480 4465 4495
f 5698 5699 5493
f 3578 3538 3996
f 3645 3646 4154
f 5660 3904 3466
f 4135 9026 5710
f 5587 5591 4073
f 5687 5689 5693
f 3584 3583 4091
f 5585 5583 5584
f 4128 5414 5415
f 4257 4254 4338
f 4222 4231 4178
f 4366 4365 4191
f 5098 5099 5091
f 5761 5757 5737
f 5760 5737 5738
f 8852 8842 5934
f 8874 8877 8855
f 8895 8897 8855
f 5884 5882 8842
f 4557 4554 4582
f 8890 8923 8917
f 8918 8926 8930
f 8924 8926 8915
f 4182 4181 4330
f 3864 5708 5711
f 3574 3317 3230
f 3342 3954 3415
f 3488 3486 3549
f 4317 4316 3953
f 3672 3659 4152
f 5708 3864 3865
f 9021 3703 3685
f 3621 3618 3616
f 5728 4422 4419
f 4311 4027 4028
f 4131 3917 3543
f 4426 3496 3842
f 4518 3956 4168
f 5457 5465 5464
f 5425 3560 3558
f 5458 4439 4437
f 3416 3414 5465
f 5638 9028 5437
f 3985 3986 5636
f 5646 5635 5636
f 9023 9025 3554
f 5722 5510 5514
f 3256 3933 3934
f 4164 3761 5734
f 8885 8918 8920
f 3282 3932 3929
f 3292 4394 3320
f 3232 3229 3300
f 3303 3236 3271
f 3562 5431 5432
f 3392 3387 3388
f 3854 5922 5350
f 5463 5462 5459
f 5935 3474 3885
f 3879 3415 3954
f 3928 3372 3391
f 4137 5559 4458
f 5454 5455 3850
f 3548 3490 3549
f 4443 4500 5470
f 4452 4505 4506
f 4468 3414 3415
f 4443 4440 3876
f 3234 3235 4515
f 5434 3895 3896
f 5448 5440 5441
f 5447 5446 5443
f 4442 5470 5471
f 5550 4056 3275
f 5578 5573 4520
f 3464 5667 5666
f 4701 4627 4839
f 3259 5398 4041
f 4015 4012 3423
f 3558 3323 3982
f 4856 4894 4823
f 4741 4652 4653
f 3759 3745 4106
f 3560 3289 3290
f 9024 5424 3557
f 5438 3279 3280
f 3321 3283 3290
f 5557 5483 4072
f 5553 3369 3396
f 4045 4141 4174
f 4539 4845 4849
f 3536 3480 3503
f 5478 5573 5574
f 3800 3797 3510
f 4755 4883 4886
f 5561 4454 5527
f 5752 5731 5732
f 5752 5750 5756
f 3518 5492 5493
f 3767 3762 4107
f 3534 3603 4097
f 4395 3572 3826
f 3926 4052 3371
f 4446 4510 5610
f 4050 5444 3980
f 8887 8846 8843
f 5649 5639 5640
f 4643 4644 4761
f 3709 3787 3784
f 4778 4659 4660
f 5649 3302 4054
f 5646 3232 3301
f 3250 3251 3910
f 5884 5886 5757
f 5655 5656 5936
f 4224 4227 4226
f 4043 4044 3412
f 4286 4289 4288
f 4267 4311 4310
f 4493 4079 4080
f 3325 5432 3226
f 3925 3371 3372
f 4312 4315 4314
f 3996 3997 3540
f 8908 8911 8912
f 4023 4026 4025
f 3995 3890 3891
f 5482 5556 5559
f 4486 3420 3921
f 4300 4285 4302
f 5438 5642 5644
f 3233 3932 3282
f 3225 3228 3227
f 5446 4400 5445
f 5554 3396 3397
f 4834 4833 4830
f 4064 3349 3350
f 3596 3599 3598
f 5639 5649 5648
f 5434 5431 5654
f 4895 4896 4830
f 3674 3677 3676
f 3551 3979 3978
f 3835 3836 3305
f 3813 3810 3702
f 3691 3711 4160
f 4109 4100 4101
f 4565 4187 4188
f 3490 3548 3547
f 3672 3646 3647
f 8906 8907 8912
f 3810 3812 3811
f 4051 4052 4397
f 3566 3599 4090
f 5580 5475 5476
f 4456 4457 5537
f 5539 5536 5546
f 8844 5934 8729
f 8872 8873 8874
f 4383 4301 4198
f 4931 4926 4927
f 5529 5530 5397
f 5314 5321 5323
f 5347 5332 5323
f 4711 4709 4599
f 5387 5388 5389
f 5259 5290 5292
f 5195 4806 4803
f 5195 5104 4746
f 4639 4865 4866
f 4821 4818 4681
f 3421 4037 5399
f 4730 4863 4601
f 4807 4651 4811
f 4040 4037 3421
f 4844 4841 4800
f 3936 3933 3929
f 4894 4798 4817
f 5365 5370 5383
f 4657 4656 4661
f 5224 5206 4770
f 5368 5383 5382
f 5336 5349 5352
f 5353 5356 5386
f 4070 4455 4454
f 5396 5397 3327
f 5225 5226 5312
f 5384 5382 5386
f 5391 4694 4695
f 4407 4410 4409
f 4623 4620 4880
f 5356 5353 5352
f 4578 4584 4859
f 3239 3875 3217
f 3937 3218 3333
f 4578 4575 4534
f 5467 5471 4505
f 4836 4828 4826
f 4422 5728 5721
f 3392 3393 5556
f 5564 5531 5565
f 3807 3808 3663
f 5922 3854 4392
f 3680 3695 3692
f 3630 3633 3632
f 4416 4417 5725
f 4033 3305 3836
f 3238 3220 4168
f 3466 3904 3483
f 3678 3677 3650
f 3677 3674 3649
f 3340 3337 4431
f 3562 3561 5656
f 5658 5654 5938
f 3642 3643 3640
f 3306 3303 3334
f 3256 3253 3280
f 8910 8891 8892
f 5868 5900 5898
f 8924 8923 8922
f 8935 8930 8925
f 8882 8906 8913
f 8925 8930 8926
f 5852 5849 5905
f 5136 5128 5124
f 4243 4363 4260
f 5238 5227 5228
f 5642 5639 5643
f 3924 3925 3928
f 5412 3521 5700
f 3750 3752 3751
f 3746 3752 3770
f 3859 3798 3861
f 3972 3973 3493
f 5923 8860 8861
f 4945 4946 4958
f 3296 3293 3286
f 3824 5403 3907
f 3671 3629 4154
f 4137 3343 5481
f 3614 3654 3802
f 3283 3284 3559
f 4936 4935 4934
f 5511 5723 5726
f 4170 4169 3926
f 3572 4393 3830
f 3459 3447 3858
f 3496 4426 4425
f 3457 3950 3436
f 3984 3983 3986
f 3914 3389 3386
f 5512 5724 5723
f 4500 4443 4483
f 4501 4502 4471
f 4503 4506 4505
f 4143 4144 4461
f 3331 3329 3222
f 4016 4015 4018
f 3998 3775 3776
f 4114 3796 5710
f 4405 5678 4406
f 5602 5604 5720
f 4767 4803 4804
f 4929 4933 4954
f 4410 4407 5665
f 3888 5700 5632
f 4048 4049 3977
f 3947 3211 3212
f 5676 5677 3472
f 5782 5785 5784
f 4315 4312 4311
f 5699 5518 5521
f 5864 5785 5825
f 5826 5827 5822
f 5775 5776 5805
f 3236 3233 3270
f 5823 5868 5859
f 4957 4848 4895
f 8868 8864 8865
f 4281 4392 3848
f 4940 4943 4971
f 4013 4014 4029
f 3685 3703 3701
f 4339 4340 4377
f 8891 8870 8872
f 3753 3750 3755
f 4427 4168 3220
f 3809 3806 3779
f 3568 4416 4418
f 3880 3987 3918
f 3543 3843 3842
f 4646 4649 4648
f 4656 4657 4597
f 4781 4876 4820
f 4972 4975 4974
f 5101 5102 5109
f 5095 5096 5115
f 5090 5127 5132
f 5131 5132 5134
f 5134 5132 5127
f 5117 5139 5140
f 3539 3862 3863
f 4006 3791 3792
f 5128 5091 5099
f 5097 5088 5089
f 5274 5266 5271
f 4571 4572 4569
f 4225 4531 4238
f 5156 5155 5170
f 4538 4541 4540
f 4622 4691 4665
f 4981 5011 5004
f 5012 4974 4975
f 5148 5147 5149
f 5157 5142 5133
f 5161 5155 5145
f 4261 4532 4242
f 5294 5295 5291
f 4255 4256 4532
f 5274 5259 5250
f 4246 4529 4207
f 3314 3924 3927
f 4670 4673 4672
f 4995 4904 4673
f 4638 4710 4603
f 4341 4295 4525
f 5163 5166 5165
f 4834 4783 4784
f 4784 4820 4682
f 4844 4843 4687
f 5280 5276 5275
f 4217 4572 4564
f 4554 4557 4556
f 4551 4552 4556
f 4549 4546 4544
f 5141 5142 5173
f 4653 4654 4683
f 4973 4974 4989
f 4984 5005 5015
f 5177 5172 5170
f 5166 5167 5181
f 5141 5184 5139
f 5178 5174 5151
f 5244 5202 5203
f 5252 5244 5245
f 4479 4031 4079
f 4402 4405 4404
f 3500 4418 4419
f 5856 5851 5909
f 4488 3913 3348
f 8851 8853 5885
f 3607 3608 5701
f 3508 3505 3503
f 5847 5858 5896
f 4374 4373 4309
f 3380 4439 4438
f 9025 9024 3553
f 5718 5717 4131
f 3300 3229 3283
f 5551 3275 3276
f 5552 3276 3369
f 5555 3397 5483
f 5859 5898 5896
f 4133 3793 3794
f 3606 3653 3652
f 4900 4852 4766
f 4616 4790 4789
f 3738 4165 4164
f 4774 4771 4642
f 4399 4485 3402
f 5853 5796 5795
f 3936 4518 4427
f 3418 3419 4064
f 5510 3488 3840
f 3270 3282 3279
f 3274 3275 4056
f 4359 4356 4305
f 4135 3508 3504
f 3610 3611 3609
f 3837 3556 3557
f 5940 3971 4401
f 5853 5804 5803
f 5725 5513 5515
f 3246 5410 4117
f 5713 5712 5672
f 4918 4961 4916
f 4148 3995 3771
f 5106 5105 5113
f 4147 9022 5709
f 5152 5172 5177
f 9026 4135 4111
f 5104 5195 5103
f 3531 3528 3485
f 3713 3716 3715
f 3699 3715 3815
f 4467 3345 4459
f 4703 4899 4736
f 5405 3399 3846
f 3555 3552 3963
f 4120 4116 5411
f 4217 4219 4185
f 3279 5438 5441
f 4944 4945 4959
f 4353 4337 4344
f 3815 3715 3716
f 3374 3371 4052
f 4491 4492 4516
f 5865 5824 5833
f 5819 5814 5856
f 5807 5851 5856
f 3933 3256 3281
f 3208 3205 3920
f 8907 8906 8902
f 5288 5308 5295
f 3728 3725 3747
f 3309 4084 4083
f 5119 5116 5101
f 3811 3785 3789
f 3595 3863 3992
f 4106 4102 4100
f 5696 5575 5576
f 3708 3755 3750
f 3744 3760 4165
f 5905 5891 5892
f 3403 4036 4175
f 4133 3997 3506
f 4147 4145 3544
f 3561 3562 3325
f 3237 3240 3239
f 4877 4878 4793
f 3241 3244 3243
f 3597 3624 3625
f 3279 3282 3281
f 3371 3374 3373
f 3599 3566 3567
f 3975 3976 4032
f 3277 3249 3250
f 3774 3564 3565
f 3658 3673 3780
f 4961 4962 4963
f 3600 3615 3616
f 4228 4229 4202
f 4011 4008 4318
f 4307 4304 4262
f 4838 4800 4841
f 4782 4783 4773
f 4914 4956 4946
f 4839 4609 4765
f 4771 4896 4645
f 4962 4965 4964
f 4966 4959 4963
f 3601 3612 3615
f 5878 5875 5879
f 5890 5880 5881
f 3720 3786 4158
f 4755 4756 4689
f 3740 3717 3718
f 5695 5685 5686
f 5740 5743 5742
f 5733 5735 5736
f 5755 5756 5750
f 5745 5763 5762
f 5798 5801 5800
f 4706 4880 4879
f 5651 5652 5619
f 5850 5794 5797
f 5804 5807 5806
f 4087 5708 5707
f 5915 5913 5914
f 5703 3860 4167
f 5893 5894 5896
f 5892 5893 5919
f 5706 5671 5664
f 5786 5789 5788
f 3973 4131 3841
f 4831 4832 4915
f 5906 5892 8858
f 4965 4967 4969
f 4684 4685 4846
f 3589 3609 3611
f 3596 3625 4150
f 5877 5880 5763
f 4121 4124 4123
f 3469 3465 3868
f 3204 3205 3208
f 3716 3713 3726
f 5460 9027 5426
f 3465 3469 3470
f 5738 5735 3764
f 4887 4654 4655
f 4203 4206 4205
f 3959 5705 4082
f 5758 5757 5886
f 5781 5869 5872
f 4675 4762 4723
f 3757 4164 5751
f 3334 3271 3272
f 8880 5926 5903
f 5615 5676 3473
f 5759 5761 5760
f 8845 8846 8848
f 5778 5781 5780
f 8857 8856 8849
f 4132 3797 3798
f 5839 5838 5841
f 560 1899 3187
f 5747 5874 4007
f 5928 5930 8840
f 5766 5769 5768
f 4848 4957 4956
f 4953 4968 4967
f 4832 4897 4910
f 5879 5764 5888
f 3598 3567 3530
f 5747 5729 5730
f 5754 5764 5748
f 5810 5813 5812
f 5758 5755 5749
f 4315 4388 4387
f 5917 5915 5916
f 5913 5909 5910
f 5930 8731 8841
f 4951 4955 4968
f 3209 3210 3201
f 4059 5424 3246
f 8731 5934 8842
f 3776 3582 3585
f 5770 5773 5772
f 5891 5894 5893
f 9028 5638 5641
f 5814 5817 5816
f 5662 5675 5673
f 3522 3525 3524
f 5630 5631 5942
f 5791 5792 5795
f 5746 3753 3754
f 5928 5929 5931
f 5743 5760 5739
f 5876 5874 5875
f 3678 8937 9021
f 4200 4208 4207
f 4114 3546 3916
f 3601 3602 3605
f 3818 3724 3712
f 3315 3318 3317
f 5899 5900 5902
f 8840 8841 5883
f 5562 4458 5559
f 4416 3568 3448
f 3189 3192 3191
f 4751 4890 4747
f 4181 4182 4180
f 3832 3942 5454
f 3362 3527 3526
f 5678 4405 5699
f 3497 3500 3499
f 448 1980 807
f 647 648 122
f 5690 3472 5677
f 4183 4186 4185
f 1833 1848 1780
f 5920 5895 5897
f 510 509 508
f 4401 3967 5944
f 5656 5397 5530
f 3970 3971 5940
f 5653 5658 5939
f 5450 5653 5946
f 3384 5633 5945
f 4403 4404 4299
f 5944 3967 3968
f 3963 5427 5951
f 5614 3473 3474
f 5427 3838 3857
f 3210 1949 1887
f 1887 15 3200
f 15 16 3197
f 16 3188 3195
f 3195 3188 3187
f 3194 3187 1899
f 3207 1899 375
f 387 173 126
f 3189 1791 1760
f 9029 763 757
f 763 9029 2172
f 9035 9034 9032
f 9033 9032 9031
f 9046 9049 9048
f 8751 9053 9054
f 9078 9076 9077
f 9083 9087 9051
f 9088 9089 9047
f 9099 9036 9040
f 9102 9034 9036
f 9105 9031 9032
f 9105 2176 9106
f 1801 1864 9108
f 9103 9032 9034
f 9096 9090 9047
f 1767 1768 9111
f 1597 9115 9113
f 1708 1707 9117
f 9123 9120 9119
f 9118 9119 9125
f 1588 1708 9116
f 2080 9123 9118
f 2082 9118 9124
f 9126 9129 9087
f 9129 9130 9088
f 5512 3492 5943
f 5634 3383 5488
f 5724 5512 5947
f 9134 9099 9097
f 9144 9103 9102
f 9133 9097 9096
f 786 9146 9144
f 9146 9105 9103
f 785 9144 9138
f 497 9138 9134
f 650 9134 9133
f 9148 564 9133
f 8756 9058 9057
f 9154 9151 9130
f 9151 9150 9131
f 9097 9040 9090
f 1799 9109 9111
f 5949 3968 3964
f 9160 9156 8809
f 8813 9162 9160
f 9166 463 564
f 9067 9058 9054
f 9162 9166 9148
f 9087 9088 9048
f 9081 9078 9079
f 9049 9052 9051
f 9082 9168 9167
f 9079 9077 9049
f 9169 9168 9175
f 9167 9115 9112
f 9168 9169 9177
f 9120 9117 9113
f 9120 9177 9169
f 9119 9169 9170
f 9179 9180 9125
f 9180 1576 9124
f 9178 9179 9170
f 1576 2101 2084
f 9179 9178 9183
f 3203 376 1387
f 3190 1387 1791
f 5618 2152 1949
f 317 240 259
f 2000 2176 9105
f 9053 9051 9052
f 9041 9040 9036
f 9029 758 756
f 9037 9036 9034
f 9130 9131 9089
f 3204 375 376
f 1801 9107 9109
f 9181 9187 9180
f 1575 9187 9190
f 9187 1575 1576
f 1776 1795 1796
f 1293 1294 1290
f 1326 14 1327
f 1294 1245 1234
f 878 1244 1330
f 5633 3401 5490
f 5933 3359 3360
f 5613 5634 5948
f 5604 5605 3844
f 3972 3494 5950
f 3494 3495 4322
f 4406 5676 5615
f 3492 3489 4292
f 5631 5503 5495
f 497 373 374
f 122 648 413
f 5624 5489 3398
f 9151 9154 9156
f 9058 8756 8752
f 9160 9162 9150
f 8815 9166 9162
f 9156 9126 8794
f 439 398 399
f 1512 1528 1526
f 1668 1741 1738
f 839 849 1362
f 1362 1357 826
f 3425 3417 3418
f 4905 5207 5243
f 4621 4622 4662
f 5582 5579 5574
f 4754 4757 4756
f 3902 3899 4021
f 9295 740 1896
f 2053 2054 2118
f 9340 9339 2120
f 696 697 9268
f 4922 4938 4939
f 4365 4366 4186
f 5105 5106 4862
f 5228 5227 5226
f 4781 4782 4877
f 5218 5227 5238
f 4990 4993 4992
f 4335 4337 4336
f 4993 4990 4972
f 4794 4793 4792
f 5886 5884 8852
f 5405 3892 5417
f 4669 4752 4764
f 4676 4697 4698
f 1826 1878 639
f 9192 9191 9181
f 5232 5228 5233
f 5418 4121 4122
f 956 885 886
f 5720 3844 3512
f 4728 4731 4730
f 8879 8866 8863
f 1980 806 1922
f 4969 4970 4966
f 33 34 105
f 9028 3253 3254
f 3837 3558 3839
f 4382 4300 4301
f 3908 3905 4122
f 4290 4295 4294
f 4400 3834 4055
f 3219 3222 3221
f 8894 8895 8877
f 4640 4736 4735
f 4389 4366 4216
f 3267 4479 4493
f 3268 3265 4463
f 5097 5111 5098
f 5094 5097 5096
f 5654 5655 5937
f 4089 5704 3960
f 5159 5163 5162
f 5202 5244 5249
f 5412 5415 5414
f 5715 3515 3516
f 5723 4426 4423
f 4263 4264 4323
f 3994 3529 3564
f 1343 1344 9308
f 3470 3514 5667
f 5659 5661 5671
f 3319 3828 4053
f 9359 2127 2128
f 1766 1581 1582
f 14 1326 2163
f 595 98 99
f 5703 3771 3772
f 5206 5224 5229
f 3437 3446 3458
f 5516 4084 3487
f 5122 5086 5087
f 3223 3297 3934
f 3979 9023 5402
f 3828 3319 3320
f 5663 3441 4081
f 4035 4489 4490
f 4426 5723 5724
f 3881 4452 4447
f 5407 5408 4118
f 5691 5688 5689
f 5661 5673 5672
f 5911 5918 8901
f 3902 4022 3871
f 5541 5538 5539
f 4069 4454 5561
f 3248 4394 3292
f 1346 1035 1044
f 748 1888 1425
f 3297 3228 3255
f 5445 4400 4056
f 5783 5784 5830
f 4310 4028 4376
f 5857 5854 5800
f 3882 5467 4452
f 3193 3208 3919
f 3190 3191 3206
f 4266 4269 4268
f 4488 3419 3420
f 3331 3939 3940
f 4282 4285 4284
f 4606 4608 4607
f 4628 4629 4708
f 4659 4732 4733
f 4615 4750 4829
f 4718 4714 4713
f 5722 4424 4421
f 3307 3462 3461
f 4686 4688 4634
f 3966 3548 3550
f 4738 4739 4875
f 3416 4429 3237
f 4527 4528 4208
f 5093 5121 5114
f 5124 5099 5086
f 5117 5118 5138
f 4631 4641 4640
f 5166 5163 5168
f 5185 5188 5187
f 5194 5190 5191
f 3245 4117 4118
f 5214 5215 5203
f 3230 3317 3318
f 5237 5234 5217
f 5250 5259 5258
f 5113 5112 5084
f 5270 5267 5269
f 4906 5125 5107
f 5271 5266 5267
f 5276 5277 5262
f 5153 5151 5174
f 5290 5270 5268
f 5306 5299 5303
f 5147 5148 5146
f 4585 4849 4856
f 3226 5435 5436
f 4473 4503 4504
f 5765 5756 8897
f 4529 4246 4247
f 8923 8924 8916
f 5713 5681 5682
f 3315 3897 3898
f 5564 5536 5537
f 4468 4440 4441
f 3738 3739 4163
f 4577 4859 4559
f 5567 3527 3366
f 3587 3584 4150
f 5471 5468 4504
f 5860 5769 5816
f 3516 3513 5558
f 5436 3985 5637
f 5050 5053 5083
f 5547 5565 3338
f 9023 3979 3295
f 5708 4087 4132
f 4104 3816 3814
f 3718 3719 4161
f 5498 5491 5679
f 3884 4431 4432
f 3955 4512 3877
f 4049 4062 4061
f 8892 8872 8875
f 4572 4217 4218
f 4440 4443 4442
f 4497 4511 3407
f 8906 8882 8881
f 5664 5712 5670
f 3751 4105 3706
f 3511 3735 3736
f 5129 5130 5116
f 5086 5099 5098
f 5135 5127 5128
f 5143 5146 5145
f 5168 5158 5136
f 5297 5241 5246
f 5164 5161 5160
f 5155 5161 5171
f 5137 5179 5167
f 5293 5308 5307
f 5513 3570 4083
f 4053 3828 3825
f 3228 3297 3298
f 3631 3632 3635
f 5689 5669 5670
f 5759 5762 5883
f 3793 4133 3507
f 4906 4908 4891
f 4719 4858 4901
f 3597 3598 4095
f 3352 4126 4125
f 9064 9057 9058
f 9076 9064 9067
f 9083 8766 8794
f 9131 9132 9096
f 9138 9102 9099
f 9154 9129 9126
f 9077 9067 9052
f 9053 8751 8766
f 9191 9190 9187
f 9082 9079 9046
f 9193 9175 9168
f 1284 1290 1288
f 9150 9148 9132
f 3841 3842 3496
f 3570 3569 3336
f 4027 4311 4312
f 4889 4876 4781
f 4041 4045 4044
f 4885 4884 4813
f 5419 4122 3905
f 4367 4368 4227
f 1778 1781 1780
f 1792 1759 1584
f 4308 4017 3869
f 4594 4723 4762
f 4767 4770 4769
f 5461 3365 3366
f 4763 4704 4716
f 4919 4918 4915
f 4300 4382 4334
f 5196 5199 5198
f 5158 5148 5135
f 5431 5434 5433
f 4545 4567 4571
f 4557 4558 4594
f 695 570 571
f 4156 4155 3626
f 4861 4673 4670
f 5681 5675 5674
f 5473 5475 5580
f 3622 3656 4152
f 5647 3573 3574
f 3674 3663 3808
f 4420 4145 3498
f 5675 5662 5666
f 3253 9028 5439
f 5870 5866 5917
f 8887 8920 8919
f 5862 5856 5913
f 3534 3593 3485
f 3313 4486 4484
f 9090 9193 9046
f 4871 4759 4695
f 3778 3777 3822
f 4889 4748 4874
f 4000 3783 3784
f 4897 4898 4911
f 3856 3857 3838
f 4772 4830 4896
f 4015 4016 4376
f 3433 3461 3476
f 4053 4054 3302
f 3367 5567 3363
f 3242 3829 3831
f 3441 3442 4082
f 4735 4736 4855
f 4756 4757 4737
f 3382 3385 3384
f 3698 3699 3697
f 4676 4679 4678
f 4948 4943 4941
f 4890 5394 4805
f 4757 4744 4745
f 4581 4221 4380
f 5716 3516 5932
f 4923 4920 4926
f 5077 5079 5081
f 5078 5082 5058
f 4009 5401 5400
f 5081 5082 5078
f 3930 3931 4513
f 4014 4376 4028
f 4025 4026 4020
f 3618 4093 4096
f 4581 4575 4576
f 4219 4217 4188
f 5440 5442 3335
f 5449 3982 3323
f 4229 4181 4177
f 4590 4213 4214
f 4227 4183 4184
f 4574 4901 4858
f 4565 4566 5453
f 4592 4555 4588
f 4590 4587 4573
f 3517 3518 5521
f 3845 5428 3522
f 4444 3340 3884
f 3982 5449 5533
f 4465 4466 4497
f 4520 4522 4521
f 4076 4073 5591
f 3635 3667 3666
f 3343 3344 4498
f 4022 4019 3870
f 3661 3607 4098
f 5691 5690 5697
f 3768 3766 5742
f 4514 3955 3956
f 3697 3815 3814
f 4394 3248 5460
f 4054 4053 4057
f 3284 3318 3323
f 4052 3926 4169
f 4447 4506 4510
f 4456 4460 3346
f 4483 3876 3877
f 4482 3877 4512
f 4492 4512 4513
f 5642 5438 5439
f 5448 5447 5442
f 5466 4441 3882
f 3340 4444 4445
f 8908 8909 8910
f 4397 4169 3835
f 5413 3520 3521
f 3234 3931 3932
f 5753 5765 8895
f 8896 8897 5756
f 8921 8922 8889
f 8915 8912 8911
f 3933 3936 3935
f 3620 3804 3657
f 3966 3969 3968
f 4905 4789 4769
f 3225 5436 5437
f 5433 3896 3984
f 5714 5686 5693
f 5435 3984 3985
f 3954 3956 3955
f 4713 4712 4632
f 4879 4635 4632
f 3983 3984 3896
f 9027 5460 3248
f 5871 5870 5912
f 5849 5846 5891
f 4702 4703 4640
f 4213 4590 4579
f 3644 3645 3688
f 9193 9090 9040
f 8920 8930 8935
f 5406 3846 4130
f 4140 5400 5401
f 5659 3903 3904
f 4772 4773 4783
f 4244 4247 4246
f 4061 5399 4037
f 3669 3804 3803
f 3459 3460 3209
f 4072 5483 5484
f 4835 4833 4834
f 5660 5662 5661
f 4262 4265 4264
f 3633 3630 3627
f 3685 3643 3676
f 4517 4515 3235
f 4145 4420 4085
f 5455 4438 5459
f 5638 5635 5640
f 3228 3225 3254
f 4044 4174 3411
f 3614 3615 3612
f 3273 3276 3275
f 4952 4962 4961
f 4959 4958 4960
f 4888 4655 4761
f 4254 4257 4256
f 4199 4202 4201
f 4499 4464 4465
f 5479 4495 4496
f 5952 5953 5954
f 5956 5957 5958
f 5959 5958 5960
f 5962 5963 5964
f 5966 5967 5968
f 5967 5970 5971
f 5963 5962 5961
f 5972 5965 5964
f 5974 5975 5976
f 5978 5979 5980
f 5982 5983 5984
f 5986 5987 5985
f 5988 5989 5990
f 5992 5993 5994
f 5996 5997 5998
f 6000 6001 6002
f 6004 6005 6006
f 6008 6009 6010
f 6012 6013 6014
f 6016 6017 6018
f 6020 6021 6022
f 6024 6025 6026
f 6028 6029 6030
f 6032 6033 6034
f 6036 6037 6038
f 6040 6041 6013
f 6042 6043 6044
f 5992 6046 6047
f 6048 6049 6050
f 6052 6053 6054
f 6056 6057 6058
f 6060 6061 5987
f 6062 6063 6064
f 6066 6067 6068
f 6070 6071 6027
f 6072 6073 6057
f 6075 6076 6077
f 6078 6079 6080
f 6082 6083 6054
f 6085 6078 6081
f 6087 6061 5990
f 6061 6087 6089
f 6089 6090 6091
f 6092 6091 6093
f 6095 5978 5981
f 6062 6082 6084
f 6097 6098 6035
f 6056 6049 6099
f 6100 6101 6102
f 6001 6000 6104
f 6107 6108 6109
f 6110 6111 6112
f 6114 6026 6025
f 6116 6117 6118
f 6120 6121 6122
f 6124 6125 6126
f 6128 6129 6101
f 6039 6130 6131
f 6132 6133 6134
f 6136 6137 6138
f 6139 6140 6141
f 6143 6144 6145
f 6148 6149 6150
f 6152 6153 6154
f 6155 6156 6157
f 6159 6160 6161
f 6163 6164 6165
f 6167 6168 6169
f 6171 6172 6173
f 6175 6176 6104
f 6178 6179 6180
f 6023 6182 6183
f 6184 6185 6186
f 6117 6116 6188
f 6190 6191 6192
f 6194 6070 6026
f 6195 6196 6191
f 6197 6198 6199
f 6201 6202 6203
f 6205 6206 6207
f 6209 6210 6201
f 6197 6200 6211
f 6212 6211 6213
f 5979 6215 6214
f 6203 6216 6217
f 6206 6199 6198
f 6218 5961 5962
f 5965 6220 6219
f 5972 3355 3354
f 6070 6194 6222
f 6224 6225 6226
f 6228 6229 6230
f 6232 6233 6234
f 6196 6195 6236
f 6071 6070 6223
f 6239 6240 6241
f 6243 6244 6245
f 6247 6073 6248
f 6250 6251 6252
f 6254 6255 6256
f 6258 6259 6260
f 6229 6262 6263
f 6264 6265 6242
f 6266 6267 6268
f 6270 6271 6272
f 6274 6275 6276
f 6195 6278 6279
f 6280 6278 6281
f 6283 6284 6285
f 6123 6122 6287
f 6289 6290 6291
f 6293 6294 6243
f 6240 6296 6297
f 6298 6299 6267
f 6300 6301 6302
f 6304 6305 6306
f 6251 6250 6308
f 6247 6310 6311
f 6313 6314 6315
f 6314 6313 6317
f 6319 6086 6320
f 6322 6087 6088
f 6216 6324 6258
f 6325 6326 6327
f 6217 6258 6261
f 6330 6071 6238
f 6071 6330 6048
f 6015 6332 6333
f 6079 6334 6335
f 6336 6294 6240
f 6294 6293 6296
f 6337 6338 6339
f 6341 6342 6343
f 6345 6346 6347
f 6266 6264 6349
f 6350 6351 6352
f 6295 6243 6246
f 6303 6355 6356
f 6357 6358 6359
f 6361 6362 6363
f 6365 6350 6353
f 6367 6368 6369
f 6371 6367 6370
f 6372 6373 6374
f 6375 6374 6373
f 6376 6377 6378
f 6379 6380 6381
f 6383 6384 6385
f 6387 6388 6389
f 6391 6392 6393
f 6395 6396 6397
f 6398 6399 6400
f 6399 6401 6402
f 6403 6402 6401
f 6405 6406 6407
f 6409 6410 6411
f 6367 6371 6413
f 6374 6375 6415
f 6417 6418 6384
f 6419 6420 6348
f 6421 6422 6423
f 6425 6426 6400
f 6426 6427 6395
f 6393 6396 6428
f 6429 6430 6394
f 6390 6389 6431
f 6433 6434 6408
f 6435 6436 6437
f 6439 6440 6411
f 6392 6391 6441
f 6397 6392 6442
f 6401 6399 6444
f 6446 6447 6437
f 6448 6449 6450
f 6452 6453 6454
f 6442 6441 6456
f 6443 6442 6457
f 6444 6459 6460
f 6445 6444 6461
f 6463 6464 6462
f 6446 6445 6462
f 6466 6467 6468
f 6448 6451 6470
f 6453 6452 6472
f 6474 6475 6476
f 6478 6479 6480
f 6482 6483 6484
f 6486 6487 6488
f 6490 6491 6492
f 6493 6492 6494
f 6496 6497 6498
f 6500 6501 6502
f 6504 6505 6506
f 6508 6468 6509
f 6511 6512 6513
f 6499 6514 6515
f 6516 6517 6518
f 6520 6521 6522
f 6524 6507 6525
f 6507 6524 6527
f 6504 6527 6528
f 6528 6511 6508
f 6529 6530 6531
f 6342 6533 6534
f 6535 6347 6346
f 6347 6535 6537
f 6434 6538 6539
f 6539 6540 6405
f 6541 6542 6451
f 6543 6544 6470
f 6546 6478 6481
f 6499 6498 6548
f 6549 6550 6514
f 6551 6552 6553
f 6555 6556 6557
f 6403 6436 6423
f 6426 6425 6413
f 6415 6560 6428
f 6430 6429 6561
f 6434 6433 6420
f 6563 6564 6565
f 6404 6401 6445
f 6459 6444 6399
f 6455 6454 6388
f 6405 6450 6449
f 6540 6541 6450
f 6567 6495 6568
f 6570 6464 6463
f 6475 6474 6490
f 6458 6457 6571
f 6573 6571 6574
f 6576 6577 6578
f 6193 6192 6580
f 6582 6583 6584
f 6583 6582 6586
f 6588 6589 6587
f 6590 6069 6068
f 6592 6593 6594
f 6251 6310 6595
f 6304 6596 6597
f 6272 3735 6599
f 3737 3736 6558
f 6600 6161 6160
f 6123 6602 6603
f 6604 6605 6606
f 6608 6205 6208
f 5972 6221 6220
f 6610 6611 6612
f 6613 6614 6615
f 6242 6617 6618
f 6226 6619 6245
f 6620 6621 6622
f 6624 6143 6146
f 6626 6213 6211
f 6627 6628 6629
f 6631 6632 6633
f 6235 6635 6636
f 6637 6638 6639
f 6641 6625 6286
f 6643 6644 6645
f 6647 6648 6649
f 6244 6243 6294
f 6336 6651 6652
f 6194 6196 6237
f 6196 6194 6114
f 6115 6192 6191
f 6653 6654 6655
f 6657 6117 6189
f 6117 6657 6659
f 6130 6157 6156
f 6133 6152 6151
f 6661 6111 6662
f 6663 6613 6616
f 6664 6270 6273
f 6418 6417 6432
f 6290 6325 6328
f 6666 6557 6556
f 6557 6666 3805
f 5971 6667 6668
f 6181 6669 6670
f 6671 6672 6673
f 6676 6673 6672
f 6675 6150 6149
f 6067 6066 5999
f 6677 6678 6679
f 6681 6682 6683
f 6087 6322 6090
f 5983 5982 6685
f 5982 6094 6687
f 6094 6093 6688
f 6211 6200 6137
f 6689 6690 6691
f 6690 6689 3833
f 6001 5983 6686
f 5978 6693 6215
f 6694 6693 5978
f 5974 6694 6095
f 6183 6182 6696
f 6698 5959 5961
f 5959 6698 6699
f 6697 6696 6700
f 6702 6629 6703
f 5968 6668 6705
f 6706 5977 5955
f 6707 6618 6617
f 6024 6051 6709
f 6402 6403 6559
f 3852 6711 6712
f 3856 6594 6593
f 5977 6706 6694
f 6713 5955 5977
f 6714 6715 6716
f 6718 6719 6308
f 6720 6255 6254
f 6722 6723 6724
f 6312 6311 6726
f 6069 6590 6728
f 6319 6594 6730
f 6731 6645 6644
f 6732 6733 6734
f 6046 6053 6320
f 3880 3805 6666
f 6736 6737 6738
f 6531 6740 6741
f 6300 6356 6614
f 6742 6532 6325
f 6743 6742 3891
f 6744 6302 6301
f 6746 6747 6534
f 6536 6576 6579
f 6535 6579 6563
f 6566 6538 6537
f 6538 6566 6409
f 6412 6540 6539
f 6412 6748 6541
f 6748 6749 6542
f 6749 6569 6545
f 6568 6750 6547
f 6751 6752 6548
f 6753 6754 6550
f 6755 6756 6757
f 6759 6760 6761
f 6763 6764 6765
f 6764 6620 6623
f 6766 6767 6768
f 6770 6771 6772
f 6774 6775 6776
f 6021 6774 6777
f 6723 6778 6779
f 6780 6781 6782
f 6784 6785 6786
f 6788 6789 6790
f 6185 6792 6793
f 6794 6722 6725
f 6729 6796 6098
f 6135 6797 6798
f 6799 6062 6065
f 6037 6801 6802
f 6005 6004 6588
f 6005 6803 6804
f 6052 6055 6010
f 6586 6582 6803
f 6092 5985 5987
f 6094 5982 5985
f 6096 6806 6695
f 6082 6062 6799
f 6657 6013 6041
f 6013 6657 6658
f 6795 6725 6807
f 6809 6810 6811
f 6813 6814 6815
f 6817 6818 6819
f 6821 6822 6823
f 6329 6209 6204
f 6202 6825 6826
f 6072 6099 6827
f 6598 6829 6305
f 6301 6300 6613
f 6830 6831 6271
f 6822 6779 6778
f 6326 6741 6832
f 6203 6826 6833
f 6027 6048 6051
f 6360 6834 6835
f 6836 6837 6838
f 6837 6840 6841
f 6362 6365 6366
f 6380 6385 6384
f 6421 6564 6578
f 6566 6565 6410
f 6394 6389 6388
f 6414 6422 6368
f 6371 6374 6416
f 6561 6560 6378
f 6382 6381 6562
f 6381 6384 6418
f 6389 6394 6430
f 6391 6388 6454
f 6441 6454 6453
f 6456 6453 6473
f 6495 6494 6750
f 6843 6575 6485
f 6844 6845 6843
f 6573 6845 6847
f 6849 6491 6487
f 6513 6753 6752
f 6517 6521 6850
f 6521 6520 6851
f 6844 6851 6852
f 6505 6504 6510
f 6753 6513 6512
f 6516 6522 6521
f 6614 6740 6854
f 6742 6262 4003
f 6708 6617 6855
f 6307 6306 6857
f 6307 6664 6665
f 6414 6413 6425
f 6416 6415 6427
f 6562 6418 6431
f 6419 6537 6538
f 6358 6836 6839
f 6059 6058 6859
f 6861 6862 6863
f 6865 6866 6867
f 6115 6025 6869
f 6871 6872 6873
f 6721 6254 6596
f 6876 6610 6556
f 6877 6663 6552
f 6551 6878 6268
f 6879 6855 6265
f 6239 6618 6651
f 6230 6263 6619
f 6171 6670 6669
f 6106 6109 6882
f 6883 6884 6822
f 6759 6184 6187
f 6725 6724 6785
f 6885 6795 6808
f 6886 6887 6888
f 6701 6700 6756
f 6884 6786 6779
f 6715 6714 6309
f 6889 6259 6890
f 6743 3890 4042
f 6270 6664 6893
f 6386 6894 6895
f 6895 6348 6420
f 6897 6432 6417
f 6897 6433 6407
f 6390 6898 6899
f 6900 6899 6406
f 6455 6900 6901
f 6902 6903 6904
f 6482 6903 6905
f 6501 6906 6907
f 6496 6515 6908
f 6532 6531 6326
f 6532 6742 6743
f 6612 6910 6735
f 6611 6911 6910
f 6626 5980 5979
f 6704 6912 6105
f 6913 6590 6591
f 6915 6794 6795
f 6229 6228 4067
f 6263 6290 6289
f 6745 6301 6663
f 6916 6771 6757
f 6885 6918 6165
f 6920 6780 6783
f 6921 6922 6923
f 6925 6921 6924
f 6927 6928 6929
f 6931 6932 6933
f 6935 6936 6937
f 6939 6940 6941
f 6943 6944 6945
f 6947 6948 6949
f 6944 6943 6951
f 6953 6954 6955
f 6957 6958 6959
f 6961 6962 6929
f 6964 6965 6966
f 6968 6969 6970
f 6969 6948 6955
f 6972 6943 6946
f 6974 6975 6976
f 6978 6979 6980
f 6940 6939 6982
f 6984 6985 6986
f 6988 6989 6990
f 6992 6990 6989
f 6994 6995 6996
f 6998 6999 7000
f 7002 7003 7004
f 7006 7007 7008
f 7010 7011 7012
f 7014 7015 7016
f 7018 7019 6999
f 7020 7021 7022
f 7024 7025 7026
f 7028 7029 7030
f 7032 7033 7034
f 7003 7002 7036
f 7038 7039 7040
f 6993 6989 7030
f 7042 7043 7044
f 7046 7047 7007
f 7011 7010 7048
f 7050 7051 7052
f 7054 7015 7014
f 7015 7054 7056
f 6621 6620 7045
f 7049 7048 6775
f 7051 7050 6021
f 7055 6697 6701
f 7054 6701 6755
f 6764 6763 7047
f 7020 7058 7059
f 7060 7061 7062
f 6958 7064 7065
f 6925 7066 7067
f 7068 6931 6934
f 7069 6988 6991
f 7071 6995 7072
f 7074 7075 7076
f 7078 7079 7080
f 7014 7017 7082
f 7084 7085 7086
f 7025 7028 7031
f 7085 7084 7072
f 7089 7084 7087
f 7055 7014 7083
f 7090 7087 6770
f 7092 7093 7094
f 7091 6183 6697
f 6770 7087 7086
f 7095 7094 6767
f 7096 7061 6980
f 7098 6941 6940
f 7058 7020 7023
f 7101 6927 6930
f 6974 7060 7063
f 7103 6968 6971
f 7105 6978 6981
f 7106 7107 7036
f 7109 7048 7010
f 7111 7019 7018
f 7098 7003 7037
f 7048 7109 7112
f 7113 6993 7041
f 6994 7114 7115
f 6965 7116 6923
f 6975 6922 6945
f 7061 7096 7065
f 6954 6953 6933
f 6763 7112 7109
f 7046 7045 6620
f 6947 7117 7067
f 6758 7086 7056
f 7118 7119 7039
f 7038 7069 7070
f 7106 7120 7121
f 7123 7124 7053
f 7123 7052 7083
f 7045 7046 7006
f 7107 7106 7122
f 7091 7083 7052
f 7091 7051 6020
f 6936 7096 7097
f 7125 6957 6960
f 6774 6021 7050
f 7119 6939 6942
f 7019 7002 7005
f 7011 7053 7124
f 7021 7126 7040
f 7114 7029 7016
f 7053 7011 7049
f 7086 7085 7057
f 6993 7113 7127
f 7075 7127 7113
f 4281 4280 6603
f 6012 6333 7129
f 7130 6083 6584
f 6797 7132 7133
f 6074 7134 7135
f 6789 6760 6173
f 6760 6789 6776
f 7136 6802 6801
f 6914 6671 6674
f 7007 7110 7059
f 7099 7004 7003
f 6984 7103 7104
f 7110 7007 7047
f 6333 6583 6587
f 5956 6699 6667
f 5957 5956 5971
f 7137 6715 6308
f 4292 4293 6718
f 6693 6705 6668
f 6215 6668 6667
f 6214 6667 6699
f 6698 6197 6212
f 6219 6207 6198
f 6207 6219 6220
f 6220 6221 6609
f 6262 6229 4066
f 7138 7139 7140
f 4298 7142 7140
f 7143 7144 7145
f 7147 7148 7144
f 7149 7150 7151
f 7150 7152 7153
f 6329 6261 7154
f 6261 6260 7155
f 7156 6829 7157
f 6598 6597 7159
f 6257 6256 7161
f 6256 4322 4321
f 6693 6694 6706
f 5954 5969 6705
f 5953 5966 5969
f 7163 5984 5983
f 7164 7165 6138
f 7167 7168 7169
f 6141 7171 7172
f 7166 7171 7173
f 6141 6140 7174
f 7176 7177 7178
f 7180 7181 7182
f 7184 7185 7186
f 6631 7180 7183
f 6218 6198 6197
f 6625 6641 7189
f 6814 6813 7190
f 6882 7192 7193
f 7195 7196 6109
f 6888 7197 7198
f 7200 7201 7202
f 7176 6627 6630
f 6029 7184 7187
f 7205 7206 7207
f 7209 7210 7211
f 7203 7202 7213
f 6886 7215 6778
f 6031 6030 7215
f 7216 7217 7218
f 7220 7221 6880
f 6076 6075 7220
f 6074 6077 6672
f 6147 6150 6662
f 7223 6662 6111
f 6810 6809 6113
f 6920 7134 6914
f 6077 6660 6675
f 6660 6077 6076
f 7222 7220 6669
f 7224 7222 6181
f 6660 6662 6150
f 7225 7226 6794
f 6783 6782 7225
f 6781 6780 6068
f 7217 7227 7228
f 6031 6888 7199
f 6887 6886 6723
f 6164 7225 6915
f 6780 6920 6591
f 7134 6074 6671
f 7229 7230 6824
f 7187 7186 7230
f 7226 6887 6722
f 7231 7232 6169
f 7201 7231 7233
f 6107 7234 7235
f 7215 7229 6823
f 6030 7187 7229
f 7236 7216 7219
f 7237 7238 6820
f 7237 7208 7207
f 7239 7240 7241
f 6739 7243 7244
f 7245 7239 7242
f 7233 6169 6168
f 7247 7213 7202
f 7195 6108 7203
f 7248 7249 7250
f 7227 7251 7252
f 7253 6067 5998
f 6067 7253 7198
f 6781 7198 7197
f 5984 7163 6683
f 7254 7250 6678
f 6679 7249 7252
f 6887 7226 7197
f 6782 7197 7226
f 7135 6919 6163
f 7221 7220 6075
f 6661 6076 7222
f 7224 6112 6111
f 6180 6810 6112
f 6179 6811 6810
f 6811 6179 6793
f 6650 6792 6622
f 6766 6621 7044
f 7095 7044 7043
f 7092 7043 7121
f 7078 7120 7255
f 7256 7232 7257
f 6768 6772 7259
f 6773 6767 7094
f 7090 7094 7093
f 7089 7093 7080
f 7071 7079 7032
f 7077 7018 6998
f 6995 7071 7260
f 7077 7076 7261
f 7035 7034 7018
f 7108 7019 7111
f 6978 7105 7262
f 7105 7263 7264
f 7263 6944 6952
f 6990 6992 6951
f 6972 7117 7266
f 7117 6947 6950
f 6948 6969 7267
f 6969 6968 6982
f 7103 6984 6987
f 7005 7004 6986
f 6999 7005 7268
f 7269 7270 7271
f 7274 7272 7275
f 7274 7273 7276
f 7278 7279 7280
f 7282 7283 7284
f 7286 7287 7288
f 7290 7291 7292
f 7294 7295 7296
f 7068 7297 7298
f 7300 7301 7302
f 7304 6962 7305
f 7307 7285 7305
f 7309 7284 7283
f 7311 7312 7313
f 7125 7304 7306
f 7285 7307 7280
f 7277 7281 7303
f 6965 6964 7316
f 7318 7312 7316
f 7320 7321 7271
f 7312 7318 7296
f 7270 7269 7298
f 7311 7270 7322
f 6961 6932 7300
f 7323 7324 7325
f 7327 7064 7328
f 7064 6958 7325
f 7287 7330 7292
f 6931 7068 7299
f 7331 7327 7329
f 7332 7333 7334
f 7336 7337 7338
f 7340 7341 7333
f 7342 7341 7343
f 7345 7346 7347
f 7348 7349 7350
f 7352 7353 7354
f 7356 7357 7358
f 7360 7361 7362
f 7365 7366 7367
f 7368 7369 7370
f 7372 7373 7336
f 7373 7375 7337
f 7367 7366 7376
f 7378 7379 7380
f 7382 7383 7384
f 7386 7387 7385
f 7388 7389 7390
f 7392 7334 7333
f 7394 7395 7396
f 7398 7399 7400
f 7402 7403 7404
f 7406 7407 7408
f 7410 7411 7383
f 7412 7413 7414
f 7385 7416 7417
f 7389 7418 7419
f 7373 7420 7421
f 7420 7373 7372
f 7369 7423 7424
f 7399 7398 7397
f 7393 7333 7341
f 7398 7358 7357
f 7358 7398 7401
f 7428 7429 7430
f 7433 7434 7435
f 7363 7362 7436
f 7383 7438 7439
f 7411 7440 7438
f 7441 7442 7443
f 7445 7446 7339
f 7374 7336 7339
f 7444 7365 7364
f 7448 7364 7450
f 7364 7367 7451
f 7451 7367 7377
f 7449 7450 7454
f 7455 7454 7450
f 7456 7455 7451
f 7410 7457 7458
f 7460 7461 7462
f 7423 7369 7462
f 7464 7465 7466
f 7468 7469 7347
f 7376 7366 7471
f 7425 7397 7396
f 7475 7476 7477
f 7478 7479 7480
f 7482 7483 7407
f 7484 7485 7351
f 7487 7405 7488
f 7490 7491 7492
f 7412 7415 7434
f 7494 7495 7434
f 7496 7388 7391
f 7440 7411 7498
f 7401 7400 7488
f 7485 7346 7345
f 7500 7502 7427
f 7395 7394 7469
f 7503 7504 7505
f 7507 7508 7509
f 7511 7512 7513
f 7511 7514 7515
f 7517 7518 7519
f 7521 7522 7523
f 7352 7524 7525
f 7415 7414 7527
f 7528 7529 7530
f 7404 7531 7502
f 7477 7388 7496
f 7512 7478 7481
f 7405 7404 7500
f 7533 7534 7535
f 7378 7507 7510
f 7532 7496 7379
f 7539 7540 7541
f 7524 7352 7355
f 7351 7485 7501
f 7414 7524 7523
f 7522 7543 7527
f 7544 7413 7412
f 7546 7416 7547
f 7526 7549 7353
f 7550 7521 7355
f 7521 7550 7551
f 7552 7546 7548
f 7546 7552 7553
f 7522 7521 7548
f 7418 7556 7520
f 7416 7546 7554
f 7457 7557 7558
f 7557 7559 7560
f 7562 7561 7563
f 7564 7563 7349
f 7351 7350 7565
f 7567 7568 7569
f 7570 7555 7520
f 7419 7418 7555
f 7572 7564 7348
f 7389 7476 7556
f 7573 7490 7493
f 7552 7535 7534
f 7562 7574 7536
f 7572 7575 7576
f 7422 7577 7578
f 7423 7579 7580
f 7579 7423 7463
f 7578 7574 7576
f 7583 7584 7381
f 7586 7579 7581
f 7533 7580 7579
f 7447 7339 7338
f 7588 7502 7531
f 7590 7428 7431
f 7321 7320 7592
f 7275 7581 7463
f 7461 7278 7276
f 7279 7278 7461
f 7453 7454 7593
f 7594 7593 7454
f 7330 7287 7498
f 7459 7458 7294
f 7558 7560 7595
f 7560 7592 7320
f 7275 7321 7585
f 7462 7276 7273
f 7596 7583 7380
f 7597 7598 7406
f 7467 7466 7599
f 7601 7602 7603
f 7605 7365 7444
f 7365 7605 7606
f 7607 7495 7494
f 7513 7481 7473
f 7396 7395 7514
f 7514 7395 7468
f 7470 7609 7515
f 7610 7611 7609
f 7612 7556 7476
f 7613 7530 7529
f 7442 7441 7615
f 7574 7578 7577
f 7619 7400 7399
f 7518 7479 7509
f 7491 7399 7425
f 7549 7620 7621
f 7491 7490 7622
f 7377 7438 7440
f 7379 7496 7497
f 7453 7461 7460
f 7411 7410 7459
f 7623 7624 7391
f 7625 7611 7610
f 7487 7407 7483
f 7619 7622 7408
f 7627 7628 7620
f 7538 7379 7378
f 7389 7388 7477
f 7629 7545 7412
f 7489 7408 7407
f 7628 7627 7598
f 7413 7525 7524
f 7592 7560 7559
f 7584 7631 7632
f 7569 7568 7633
f 7570 7508 7566
f 7631 7567 7566
f 7508 7570 7519
f 7614 7573 7480
f 7346 7610 7470
f 7572 7574 7562
f 7571 7633 7634
f 7346 7485 7484
f 7607 7591 7431
f 7585 7592 7630
f 7624 7596 7497
f 7635 7386 7384
f 7636 7427 7502
f 7323 7309 7310
f 7420 7578 7582
f 7637 7594 7455
f 7287 7286 7499
f 7458 7558 7295
f 7439 7376 7472
f 7599 7601 7604
f 7359 7358 7427
f 7436 7638 7639
f 7490 7573 7640
f 7481 7480 7493
f 7641 7506 7505
f 7642 7643 7627
f 7492 7425 7473
f 7517 7612 7625
f 7625 7484 7486
f 7634 7623 7390
f 7474 7477 7532
f 7448 7368 7441
f 7368 7448 7449
f 7615 7441 7368
f 7638 7603 7602
f 7575 7572 7501
f 7571 7555 7570
f 7400 7619 7489
f 7508 7507 7632
f 7503 7506 7540
f 6957 7125 7315
f 7376 7439 7438
f 7507 7378 7381
f 7499 7456 7452
f 7286 7637 7456
f 7504 7642 7644
f 7645 7598 7627
f 7647 7634 7633
f 7647 7648 7623
f 7649 7624 7623
f 7650 7596 7624
f 7646 7633 7568
f 7651 7568 7567
f 7653 7652 7567
f 7651 7654 7655
f 7656 7657 7658
f 7660 7658 7657
f 7663 7657 7656
f 7664 7665 7663
f 7667 7666 7663
f 7667 7662 7668
f 7663 7665 7661
f 7670 7671 7672
f 7661 7672 7671
f 7659 7668 7662
f 7648 7647 7668
f 7648 7659 7673
f 7659 7658 7674
f 7658 7660 7675
f 7668 7647 7646
f 7660 7671 7676
f 7675 7677 7678
f 7677 7675 7676
f 7677 7680 7681
f 7682 7683 7678
f 7677 7679 7684
f 7673 7674 7678
f 7683 7650 7649
f 7685 7676 7671
f 7667 7655 7686
f 7666 7686 7687
f 7654 7688 7686
f 7689 7687 7686
f 7664 7687 7691
f 7650 7692 7583
f 7693 7653 7631
f 7584 7583 7692
f 7693 7692 7682
f 7694 7682 7681
f 7694 7696 7653
f 7650 7683 7682
f 7696 7697 7652
f 7654 7651 7652
f 7688 7654 7697
f 7699 7698 7697
f 7700 7701 7698
f 7695 7699 7696
f 7699 7695 7702
f 7689 7688 7698
f 7689 7701 7703
f 7705 7706 7707
f 7701 7700 7705
f 7704 7703 7707
f 7685 7670 7691
f 7687 7689 7704
f 7680 7702 7695
f 7684 7706 7702
f 7702 7706 7705
f 7684 7679 7707
f 7676 7685 7707
f 7665 7669 7672
f 7670 7669 7690
f 7665 7664 7690
f 7611 7475 7474
f 7510 7509 7479
f 7511 7538 7537
f 7516 7532 7538
f 7517 7530 7613
f 7537 7510 7478
f 7611 7625 7612
f 7613 7480 7479
f 7556 7612 7517
f 7516 7515 7609
f 7708 7709 7710
f 7712 7713 7714
f 7713 7716 7717
f 7719 7720 7721
f 7722 7723 7597
f 7724 7712 7715
f 7726 7727 7728
f 7731 7640 7573
f 7730 7573 7614
f 7733 7734 7735
f 7721 7712 7724
f 7731 7722 7409
f 7708 7726 7729
f 7737 7724 7709
f 7716 7741 7736
f 7742 7743 7744
f 7740 7736 7735
f 7717 7716 7740
f 7716 7713 7720
f 7748 7749 7711
f 7750 7748 7710
f 7720 7719 7751
f 7734 7723 7728
f 7709 7724 7725
f 7752 7753 7715
f 7739 7709 7708
f 7720 7713 7712
f 7749 7754 7755
f 7745 7744 7756
f 7746 7727 7742
f 7743 7742 7755
f 7727 7746 7735
f 7747 7756 7757
f 7753 7750 7725
f 7751 7621 7620
f 7757 7752 7714
f 7718 7721 7737
f 7747 7740 7746
f 7727 7726 7755
f 7726 7708 7711
f 7759 7757 7756
f 7759 7760 7752
f 7760 7761 7753
f 7761 7762 7750
f 7758 7756 7744
f 7763 7744 7743
f 7754 7765 7764
f 7763 7766 7767
f 7768 7769 7770
f 7772 7768 7771
f 7775 7768 7772
f 7776 7777 7775
f 7779 7778 7775
f 7775 7777 7769
f 7770 7769 7781
f 7782 7774 7772
f 7760 7759 7782
f 7760 7773 7783
f 7773 7771 7784
f 7770 7785 7784
f 7779 7774 7782
f 7782 7759 7758
f 7785 7770 7780
f 7785 7787 7788
f 7787 7785 7786
f 7787 7790 7791
f 7792 7793 7788
f 7787 7789 7794
f 7793 7783 7784
f 7762 7761 7783
f 7796 7786 7780
f 7795 7780 7781
f 7779 7767 7798
f 7799 7776 7778
f 7766 7800 7798
f 7800 7801 7799
f 7802 7776 7799
f 7795 7797 7802
f 7762 7804 7748
f 7805 7765 7754
f 7749 7748 7804
f 7805 7804 7792
f 7806 7792 7791
f 7806 7808 7765
f 7793 7792 7804
f 7808 7809 7764
f 7766 7763 7764
f 7766 7809 7810
f 7811 7810 7809
f 7812 7813 7810
f 7807 7811 7808
f 7811 7807 7814
f 7813 7801 7800
f 7801 7813 7815
f 7817 7818 7819
f 7813 7812 7817
f 7816 7815 7819
f 7796 7795 7803
f 7799 7801 7816
f 7790 7814 7807
f 7794 7818 7814
f 7814 7818 7817
f 7794 7789 7819
f 7786 7796 7819
f 7777 7797 7781
f 7777 7776 7802
f 7528 7719 7718
f 7729 7728 7723
f 7738 7731 7730
f 7732 7737 7739
f 7733 7620 7628
f 7722 7731 7738
f 7621 7751 7719
f 7628 7597 7723
f 7733 7736 7741
f 7732 7614 7529
f 7486 7565 7621
f 7549 7565 7350
f 7353 7350 7349
f 7354 7349 7563
f 7821 7822 7823
f 7824 7825 7826
f 7825 7828 7829
f 7830 7831 7832
f 7834 7824 7827
f 7836 7837 7838
f 7840 7482 7406
f 7841 7406 7598
f 7843 7844 7845
f 7833 7824 7834
f 7848 7820 7836
f 7847 7834 7821
f 7828 7851 7846
f 7853 7854 7855
f 7850 7846 7845
f 7829 7828 7850
f 7828 7825 7832
f 7858 7859 7823
f 7860 7858 7822
f 7831 7861 7851
f 7844 7862 7838
f 7834 7835 7822
f 7863 7864 7827
f 7849 7821 7820
f 7825 7824 7833
f 7859 7865 7866
f 7855 7854 7867
f 7837 7852 7855
f 7865 7853 7852
f 7837 7856 7845
f 7857 7867 7868
f 7864 7860 7835
f 7843 7861 7642
f 7868 7863 7826
f 7830 7833 7847
f 7857 7850 7856
f 7837 7836 7866
f 7836 7820 7823
f 7870 7868 7867
f 7870 7871 7863
f 7871 7872 7864
f 7872 7873 7860
f 7869 7867 7854
f 7874 7854 7853
f 7876 7875 7853
f 7874 7877 7878
f 7879 7880 7881
f 7883 7879 7882
f 7886 7879 7883
f 7887 7888 7886
f 7890 7889 7886
f 7886 7888 7880
f 7891 7881 7880
f 7884 7893 7885
f 7871 7870 7893
f 7871 7884 7894
f 7884 7882 7895
f 7882 7881 7896
f 7890 7885 7893
f 7893 7870 7869
f 7881 7891 7897
f 7898 7899 7895
f 7900 7898 7896
f 7901 7902 7899
f 7904 7899 7902
f 7898 7900 7905
f 7894 7895 7899
f 7904 7873 7872
f 7907 7897 7891
f 7906 7891 7892
f 7890 7878 7909
f 7910 7887 7889
f 7877 7911 7909
f 7912 7910 7909
f 7887 7910 7914
f 7906 7908 7913
f 7873 7915 7858
f 7916 7876 7865
f 7859 7858 7915
f 7916 7915 7903
f 7917 7903 7902
f 7917 7919 7876
f 7873 7904 7903
f 7919 7920 7875
f 7877 7874 7875
f 7911 7877 7920
f 7922 7921 7920
f 7923 7924 7921
f 7918 7922 7919
f 7922 7918 7925
f 7924 7912 7911
f 7912 7924 7926
f 7928 7929 7930
f 7924 7923 7928
f 7927 7926 7930
f 7907 7906 7914
f 7910 7912 7927
f 7901 7925 7918
f 7905 7929 7925
f 7925 7929 7928
f 7905 7900 7930
f 7897 7907 7930
f 7888 7908 7892
f 7888 7887 7913
f 7645 7643 7831
f 7839 7838 7862
f 7841 7849 7848
f 7842 7847 7849
f 7504 7503 7844
f 7839 7931 7840
f 7643 7642 7861
f 7503 7539 7862
f 7846 7851 7861
f 7842 7598 7645
f 7932 7933 7934
f 7936 7937 7938
f 7937 7940 7941
f 7942 7943 7944
f 7947 7948 7949
f 7950 7936 7939
f 7953 7954 7955
f 7956 7957 7958
f 7956 7959 7540
f 7962 7963 7964
f 7936 7950 7965
f 7946 7949 7958
f 7966 7932 7952
f 7965 7950 7933
f 7968 7940 7969
f 7970 7971 7972
f 7974 7968 7964
f 7941 7940 7968
f 7940 7937 7944
f 7976 7977 7935
f 7978 7976 7934
f 7943 7979 7969
f 7947 7954 7963
f 7933 7950 7951
f 7980 7981 7939
f 7967 7933 7932
f 7937 7936 7945
f 7977 7982 7983
f 7973 7972 7984
f 7953 7970 7973
f 7982 7971 7970
f 7974 7963 7954
f 7975 7984 7985
f 7981 7978 7951
f 7961 7979 7544
f 7985 7980 7938
f 7942 7945 7965
f 7975 7968 7974
f 7952 7983 7970
f 7952 7932 7935
f 7987 7985 7984
f 7987 7988 7980
f 7988 7989 7981
f 7989 7990 7978
f 7986 7984 7972
f 7991 7972 7971
f 7993 7992 7971
f 7986 7991 7994
f 7997 7998 7999
f 8000 7996 7999
f 8003 7996 8000
f 8005 8003 8006
f 8007 8006 8003
f 7996 8003 8005
f 7998 7997 8009
f 8010 8002 8000
f 7988 7987 8010
f 7988 8001 8011
f 8011 8001 7999
f 7998 8013 8012
f 8007 8002 8010
f 8010 7987 7986
f 8013 7998 8008
f 8015 8016 8012
f 8017 8015 8013
f 8018 8019 8016
f 8021 8016 8019
f 8015 8017 8022
f 8011 8012 8016
f 8021 7990 7989
f 8023 8024 8014
f 8023 8008 8009
f 8007 7995 8026
f 8026 8027 8004
f 8028 8026 7995
f 8029 8027 8026
f 8030 8004 8027
f 8023 8025 8030
f 7990 8032 7976
f 8033 7993 7982
f 7976 8032 8033
f 8034 8033 8032
f 8035 8034 8020
f 8034 8036 7993
f 7990 8021 8020
f 8036 8037 7992
f 7991 7992 8037
f 7994 8037 8038
f 8039 8038 8037
f 8040 8041 8038
f 8035 8039 8036
f 8039 8035 8042
f 8041 8029 8028
f 8029 8041 8043
f 8045 8046 8047
f 8041 8040 8045
f 8044 8043 8047
f 8024 8023 8031
f 8027 8029 8044
f 8042 8035 8019
f 8022 8046 8042
f 8042 8046 8045
f 8017 8047 8046
f 8014 8024 8047
f 8005 8025 8009
f 8005 8004 8030
f 7506 7641 7943
f 7954 7947 7946
f 7967 7966 7957
f 7960 7965 7967
f 7948 7947 7962
f 7955 7946 7957
f 7641 7544 7979
f 7969 7979 7961
f 7960 7540 7506
f 7362 8049 8050
f 8052 7618 7464
f 8051 7464 7467
f 8054 8055 7600
f 8056 7361 7618
f 7436 8050 8057
f 8049 7362 7361
f 8057 8058 7603
f 8055 8053 7467
f 8058 8054 7604
f 8059 8060 8058
f 8060 8061 8054
f 8061 8062 8055
f 8062 8063 8053
f 8059 8057 8050
f 8064 8050 8049
f 8056 8066 8065
f 8059 8064 8067
f 8069 8070 8071
f 8073 8069 8072
f 8075 8069 8073
f 8077 8078 8075
f 8075 8079 8070
f 8079 8080 8081
f 8082 8071 8070
f 8083 8076 8073
f 8061 8060 8083
f 8061 8074 8084
f 8074 8072 8085
f 8072 8071 8086
f 8077 8076 8083
f 8083 8060 8059
f 8071 8082 8087
f 8088 8089 8085
f 8090 8088 8086
f 8091 8092 8089
f 8094 8089 8092
f 8088 8090 8095
f 8084 8085 8089
f 8094 8063 8062
f 8097 8087 8082
f 8096 8082 8081
f 8077 8068 8098
f 8099 8100 8078
f 8101 8098 8068
f 8102 8099 8098
f 8100 8099 8104
f 8096 8080 8103
f 8075 8078 8100
f 8079 8100 8103
f 8105 8051 8053
f 8066 8056 8052
f 8051 8105 8106
f 8107 8106 8105
f 8108 8107 8093
f 8107 8109 8066
f 8063 8094 8093
f 8109 8110 8065
f 8064 8065 8110
f 8067 8110 8111
f 8112 8111 8110
f 8113 8114 8111
f 8108 8112 8109
f 8112 8108 8115
f 8114 8102 8101
f 8102 8114 8116
f 8118 8119 8120
f 8114 8113 8118
f 8117 8116 8120
f 8097 8096 8104
f 8099 8102 8117
f 8091 8115 8108
f 8095 8119 8115
f 8115 8119 8118
f 8095 8090 8120
f 8087 8097 8120
f 7550 7563 7561
f 7552 7551 7561
f 7931 7862 7539
f 7640 7409 7408
f 7549 7526 7644
f 7525 7413 7544
f 7931 7542 7482
f 7483 7482 7542
f 7626 7402 7405
f 7629 7433 7432
f 7629 8121 7949
f 8122 7958 7949
f 8123 8122 8121
f 8124 8123 7432
f 7434 7495 8125
f 8125 7430 8124
f 8124 7430 7429
f 8123 8124 8126
f 8122 8123 8127
f 7541 7540 7959
f 7404 7403 8129
f 8125 7495 7431
f 7526 7525 7505
f 7626 7483 7541
f 7959 7958 8122
f 7961 7545 8048
f 7629 7948 8048
f 8127 7402 7626
f 7402 8127 8126
f 8129 7403 8126
f 7428 7531 8129
f 7589 7531 7428
f 7334 7392 7426
f 7335 7334 7357
f 7616 7615 7446
f 7392 7397 7398
f 7393 7394 7397
f 7342 7469 7394
f 7344 7347 7469
f 7343 7618 7361
f 7360 7345 7344
f 7363 7575 7345
f 7437 7576 7575
f 7582 7576 7437
f 7421 7582 7639
f 7375 7421 7602
f 7599 7337 7375
f 7465 7464 7618
f 7332 7447 7587
f 7447 7332 7335
f 7445 7335 7356
f 7359 7442 7616
f 7636 7443 7442
f 7588 7605 7443
f 7589 7606 7605
f 7590 7471 7606
f 7471 7590 7591
f 7446 7615 7371
f 7371 7370 7372
f 7422 7372 7370
f 7577 7422 7424
f 7536 7577 7580
f 7591 7607 7635
f 7607 7608 7386
f 7543 7608 7494
f 7547 7387 7543
f 7608 7543 7387
f 7387 7547 7416
f 7457 7410 7382
f 7557 7457 7417
f 7559 7557 7554
f 7630 7559 7553
f 7534 7533 7586
f 7466 7338 7337
f 7465 7587 7338
f 7617 7340 7587
f 7341 7340 7617
f 8130 6091 6090
f 6023 6022 8132
f 6182 6023 8133
f 6623 6622 6792
f 6787 6696 6182
f 8134 6700 6696
f 6917 6757 6756
f 6762 6761 7112
f 6762 6765 6184
f 6765 6623 6185
f 6650 6769 6768
f 6772 6771 6916
f 6777 6776 6789
f 6022 6777 6788
f 6756 6700 8134
f 6758 6757 6771
f 6761 6776 6775
f 6769 6622 6621
f 6772 6768 6767
f 6174 6173 6760
f 6187 6186 6178
f 6811 6649 6648
f 6786 6785 6724
f 6791 6790 6918
f 6186 6793 6179
f 6808 6807 8133
f 6884 6883 8135
f 6174 6187 6670
f 6807 6785 6784
f 6791 6808 8132
f 6786 6884 8134
f 6790 6173 6172
f 6649 6793 6792
f 6316 6315 8136
f 8137 6655 6654
f 8139 8140 6601
f 6656 6655 6580
f 6868 8141 8142
f 6316 6712 6711
f 6864 8143 8144
f 6864 6863 8145
f 6868 6867 6869
f 6656 6867 6866
f 8146 8147 8148
f 8139 8150 8151
f 8152 8153 6866
f 8154 8155 8138
f 6874 6873 8156
f 8158 6318 8159
f 8160 8152 6865
f 8161 6317 6313
f 6161 6600 8162
f 8164 8154 6654
f 8153 8164 6653
f 8165 8166 8167
f 8166 5989 8169
f 5989 5988 8170
f 5988 6017 8171
f 8172 8173 6043
f 8174 8175 6032
f 8174 6035 6098
f 8176 6098 6796
f 8177 6796 8178
f 7132 8178 6728
f 6589 6588 8180
f 8180 6588 6004
f 8181 6004 6007
f 6334 6079 6731
f 6079 6078 6645
f 6078 6085 6646
f 6085 8183 8184
f 6091 8130 8185
f 6086 6730 8183
f 6950 6949 7118
f 6952 6951 6992
f 6983 6982 6968
f 6987 6986 7004
f 7001 7000 6979
f 7001 7262 7074
f 7262 7264 7075
f 7264 6952 7127
f 7265 6951 6943
f 7265 7266 6991
f 7266 6950 7070
f 6949 7267 7119
f 7267 6982 6939
f 6983 6987 7099
f 7268 6986 6985
f 7000 7268 8186
f 6938 6937 6985
f 6946 6945 6922
f 6956 6955 6948
f 6971 6970 6928
f 6970 6955 6954
f 6973 6946 6921
f 6977 6976 7263
f 6981 6980 7061
f 6973 7067 7117
f 7097 6980 6979
f 7104 6971 6927
f 6977 6981 7060
f 6976 6945 6944
f 6956 7067 7066
f 6937 7097 8186
f 6938 7104 7101
f 6924 6923 7116
f 6926 6924 7297
f 6930 6929 6962
f 6934 6933 6953
f 6960 6959 6936
f 6963 6929 6928
f 6967 6966 6975
f 7063 7062 7327
f 6959 7065 7096
f 6926 6934 7066
f 7102 6930 7304
f 6967 7063 7331
f 6966 6923 6922
f 7062 7065 7064
f 6963 6933 6932
f 7102 6960 6935
f 7299 7298 7269
f 7301 7300 6932
f 7306 7305 7285
f 7308 7305 6962
f 7315 7306 7284
f 7317 7316 7312
f 7319 7316 6964
f 7322 7298 7297
f 7317 7322 7116
f 7308 7300 7303
f 7326 7325 6958
f 7329 7328 7291
f 7328 7325 7324
f 7301 7299 8187
f 7319 7329 7290
f 7326 7315 7309
f 7272 7271 7321
f 7272 7274 8187
f 7274 7277 7302
f 7281 7280 7307
f 7283 7282 7593
f 7289 7288 7324
f 7293 7292 7330
f 7293 7296 7318
f 7310 7283 7594
f 7314 7313 7595
f 7282 7280 7279
f 7278 7281 7277
f 7314 7271 7270
f 7313 7296 7295
f 7288 7292 7291
f 7289 7310 7637
f 6003 6002 6626
f 6003 6138 7165
f 6690 8188 8189
f 6686 6685 5981
f 6685 6687 6096
f 6687 6688 6806
f 6002 6686 5980
f 6606 8188 5351
f 7164 7173 8190
f 8192 7175 7174
f 6015 6014 8153
f 6189 6188 8155
f 8157 8156 6284
f 6332 6015 8152
f 6593 6592 6317
f 6658 6189 8154
f 6014 6658 8164
f 6332 8194 7131
f 6805 8159 6321
f 6146 8163 8162
f 6607 7128 8195
f 8196 6126 6125
f 8198 7169 7168
f 8199 7168 6633
f 7177 6632 8201
f 8202 8203 8204
f 7208 7186 7185
f 7237 7230 7186
f 6819 6824 7230
f 6818 6821 6824
f 8206 6883 6821
f 8207 6917 8135
f 6917 8207 8209
f 8209 8210 7259
f 8210 8211 6647
f 6812 6648 8212
f 6809 6812 7258
f 6809 7257 8213
f 6113 8213 8214
f 7235 7223 6110
f 7223 7235 7234
f 6147 7234 8215
f 6148 8215 8216
f 8218 6155 6158
f 8219 6285 6116
f 6284 6188 6116
f 6188 6284 8156
f 8155 8156 6873
f 8138 6873 6872
f 8137 6872 8148
f 6193 8147 6281
f 6190 6281 6278
f 8220 8221 8222
f 8224 8225 7139
f 6223 6222 8226
f 6237 6236 8228
f 6238 6223 8227
f 6249 6248 8231
f 6253 6252 8233
f 6236 6279 8221
f 6331 6238 8230
f 6252 6595 8236
f 6222 6237 8229
f 6828 6827 8237
f 6280 8239 8240
f 8208 8135 6883
f 6648 6647 8211
f 6143 6624 8242
f 6624 7189 8244
f 8245 8246 8247
f 8249 8250 8251
f 7195 8253 8254
f 7214 8255 8253
f 8256 8255 7214
f 7243 7211 8257
f 7210 8258 8257
f 8259 7181 6102
f 8261 6122 6121
f 8178 7132 8263
f 7132 6797 8264
f 6797 6135 8265
f 6135 6134 8266
f 6134 6151 8267
f 6151 6154 8268
f 6154 8269 8270
f 8269 8271 8272
f 7194 7193 8273
f 7193 8250 8275
f 8249 8259 8260
f 8248 8277 8278
f 6129 6128 8279
f 7169 8198 8197
f 8198 8190 8192
f 7171 6141 7175
f 6589 6801 7129
f 6801 6037 6040
f 6037 6036 6041
f 6036 6131 6659
f 6131 6156 6118
f 6156 6155 6119
f 8218 8219 6119
f 8219 8218 6815
f 7191 7189 6641
f 8246 8244 7189
f 8245 8278 8281
f 8280 8279 6288
f 6125 6124 7170
f 6288 6127 6602
f 6126 8196 6604
f 8196 8193 6605
f 7174 6140 6691
f 6691 6140 6139
f 7171 7166 8283
f 7172 8283 8284
f 6139 6142 8284
f 8285 8286 8287
f 8211 8210 8289
f 8290 8291 8292
f 8293 8294 8291
f 8293 8207 8208
f 8296 8297 8298
f 6818 6817 8296
f 8285 7256 7258
f 7243 8299 7212
f 7243 6739 8300
f 8301 8300 6739
f 8302 8256 7213
f 8303 8302 7247
f 8304 8303 6168
f 6738 8298 8297
f 8288 8287 6167
f 8304 8292 8291
f 8305 8291 8294
f 6737 6736 8306
f 6736 7244 8307
f 8243 8242 8308
f 8242 8244 8282
f 8247 8246 7191
f 7196 8254 8251
f 8253 8310 8311
f 8255 8312 8310
f 8313 8312 8255
f 7244 8257 8313
f 8313 8257 8258
f 8312 8258 8314
f 8315 8311 8310
f 8311 8315 8316
f 8282 8281 8317
f 8308 8317 8261
f 8309 8261 8262
f 8248 8247 8275
f 8282 8244 8246
f 8307 8313 8256
f 8306 8307 8302
f 8305 8306 8303
f 8298 6738 6737
f 8287 8292 8304
f 7253 8319 7199
f 8319 8320 6028
f 8320 8321 6029
f 8321 8322 7184
f 8322 8203 7185
f 8203 8202 7205
f 8202 7240 7206
f 7239 7245 7210
f 7251 7227 8319
f 7227 7217 8320
f 7217 7216 8321
f 7216 7236 8322
f 7236 8204 8203
f 6175 8199 8200
f 7165 7164 8191
f 6137 8283 7166
f 6200 6199 8283
f 6199 6206 8284
f 8284 6206 6205
f 6205 6608 6689
f 6689 6608 5485
f 7009 7008 8323
f 7013 7012 7021
f 7017 7016 7029
f 7013 7059 7110
f 7073 7072 7084
f 7081 7080 7093
f 7082 7017 7028
f 7088 7072 6995
f 7088 7115 7057
f 7122 7121 7043
f 7124 7123 7024
f 7082 7025 7024
f 7009 7122 7042
f 7012 7124 7126
f 7115 7016 7015
f 7008 7059 7058
f 7081 7121 7120
f 7073 7080 7079
f 6997 6996 7076
f 7023 7022 6942
f 7027 7026 7069
f 7031 7030 6989
f 7079 7078 7033
f 7037 7036 7107
f 7027 7040 7126
f 7041 7030 7029
f 7026 7031 6988
f 7100 7023 6941
f 7108 7036 7002
f 7100 7037 8323
f 6997 7041 7114
f 7022 7040 7039
f 7111 7034 7033
f 7035 7261 7260
f 7261 7076 6996
f 7108 7255 7120
f 7245 8314 8258
f 7246 8315 8314
f 7181 8259 8316
f 8277 6101 6129
f 8278 6129 8280
f 6287 8317 8281
f 6122 8261 8317
f 5487 6145 6144
f 5489 6159 6162
f 6637 8324 8325
f 8326 8325 8225
f 5494 7139 8225
f 6160 6159 8150
f 5496 8324 8151
f 8163 8327 6162
f 6146 6145 8327
f 8243 8328 6144
f 8328 8243 8309
f 8318 8262 5501
f 8262 6121 5502
f 8329 8330 8331
f 8333 8334 8335
f 8338 8182 6007
f 8329 8334 8339
f 8341 6334 6734
f 6006 8342 8337
f 8342 6006 6804
f 6065 6064 8339
f 5995 5994 8341
f 6918 6172 6166
f 7221 6163 6166
f 6172 6171 6880
f 8344 5952 5955
f 5519 5976 5975
f 6806 8345 8346
f 6646 8184 8347
f 8165 8348 8349
f 6322 8350 8131
f 8345 6806 6688
f 6695 8346 5975
f 5976 5519 5528
f 5529 8130 8131
f 6643 8347 8352
f 8183 5533 5532
f 5534 8185 8130
f 6730 5535 5533
f 8351 6688 6093
f 5535 6730 6594
f 8353 8354 6652
f 8354 8353 8355
f 8357 8358 6825
f 8359 8357 6202
f 6224 8354 8356
f 6275 8361 8362
f 6201 6210 7143
f 7146 8363 8359
f 8357 8359 8363
f 8355 8365 8366
f 8361 8360 8368
f 8356 8355 8367
f 8370 8371 8372
f 8220 8373 7145
f 6275 6274 6228
f 5558 4067 6228
f 8375 8369 8367
f 8362 8368 8376
f 8378 8379 8380
f 8363 7146 8382
f 8384 8378 8381
f 8382 8373 8386
f 8383 8387 8364
f 6226 6225 6231
f 6231 6225 8361
f 6636 8388 8389
f 6635 8390 8388
f 8390 6635 5576
f 8379 8378 6232
f 8378 8384 6233
f 8384 8391 8371
f 8372 8392 8393
f 7138 8240 8239
f 8224 8239 8394
f 8146 6638 8394
f 6638 6637 8326
f 6340 6339 6299
f 6747 6338 6577
f 6344 6343 6346
f 6342 6341 6355
f 6353 6352 6349
f 6337 6351 6369
f 6360 6359 6328
f 6358 6357 6386
f 6364 6363 6293
f 6362 6361 6376
f 6366 6353 6297
f 6350 6365 6372
f 6533 6342 6303
f 6534 6536 6346
f 6744 6746 6533
f 6536 6534 6747
f 6357 6835 6894
f 6341 6834 6832
f 6839 6838 6292
f 6837 6836 6380
f 6838 6841 6354
f 6361 6840 6377
f 6363 6366 6296
f 6365 6362 6373
f 6359 6839 6291
f 6836 6358 6385
f 6481 6480 6902
f 6484 6483 6501
f 6477 6488 6487
f 6849 6467 6492
f 6494 6492 6467
f 6547 6481 6544
f 6750 6751 6546
f 6494 6466 6751
f 6843 6484 6500
f 6845 6573 6575
f 6489 6488 6847
f 6474 6487 6491
f 6483 6905 6906
f 6493 6463 6465
f 6471 6470 6544
f 6472 6482 6485
f 6476 6475 6461
f 6470 6451 6542
f 6570 6567 6569
f 6495 6567 6463
f 6475 6465 6462
f 6572 6848 6477
f 6574 6571 6457
f 6569 6568 6543
f 6575 6574 6473
f 6471 6904 6901
f 6469 6468 6508
f 6498 6497 6479
f 6503 6502 6518
f 6489 6506 6505
f 6467 6849 6509
f 6546 6548 6498
f 6549 6548 6752
f 6752 6751 6466
f 6503 6850 6846
f 6850 6851 6844
f 6507 6506 6852
f 6486 6505 6509
f 6502 6907 6909
f 6858 6893 6664
f 8396 8397 6611
f 6833 8398 6324
f 8399 6826 6825
f 6831 6830 8401
f 6707 6833 6826
f 8398 8403 6890
f 6858 6857 8404
f 8405 8396 6610
f 6830 6893 6553
f 8397 6892 6911
f 8400 6825 8358
f 8358 8357 8364
f 8406 8364 8387
f 8389 8408 8380
f 8389 8388 8409
f 8388 8390 8410
f 5575 5597 8410
f 6665 6273 8411
f 8412 8413 6720
f 8413 5602 5601
f 8411 8414 8413
f 6262 6742 6290
f 5602 8413 8414
f 7141 7140 7142
f 8393 8222 8241
f 8227 8226 7147
f 8229 8228 8374
f 8230 8227 7151
f 8232 8231 8415
f 8234 8233 8417
f 8221 8220 8374
f 8235 8230 7153
f 8233 8236 8420
f 8226 8229 7148
f 8238 8237 8421
f 7141 8393 8240
f 6581 6580 6655
f 6640 6639 8140
f 6710 6709 8141
f 6717 6716 6712
f 6860 6859 8143
f 6870 6869 6867
f 6717 8136 6726
f 6870 6580 6192
f 6860 8145 6050
f 6710 6869 6025
f 6639 8149 6871
f 6640 8151 8324
f 6581 8148 8147
f 5615 5614 6234
f 7144 7148 8374
f 7144 7143 6210
f 7150 7149 6210
f 7152 7150 6209
f 7152 7154 8419
f 7154 7155 8421
f 7158 7157 8415
f 7160 7159 8420
f 7162 7161 8418
f 7161 4321 5616
f 8370 6234 6233
f 8373 8382 7146
f 8392 8391 8386
f 8391 8392 8372
f 5617 8344 6713
f 5973 5618 3355
f 8345 5620 5619
f 3880 6735 6910
f 8351 5622 5620
f 8346 5619 5520
f 5621 6910 6911
f 5622 8351 8185
f 8150 5624 5497
f 8423 8424 8425
f 8427 6516 6519
f 8429 8430 8431
f 6523 8432 8433
f 8434 8435 8436
f 8438 8435 8434
f 8438 8440 6511
f 8441 8442 8424
f 8427 8443 8430
f 8444 8428 8445
f 8447 8425 8424
f 8449 8443 8444
f 8451 8431 8430
f 8453 8437 8454
f 8456 8434 8437
f 8439 8434 8456
f 8448 8424 8442
f 8452 8430 8443
f 8425 8447 8459
f 8460 8461 8462
f 8464 8465 8466
f 8468 8469 8470
f 8472 8473 8474
f 8476 8477 8478
f 8480 8481 8482
f 8484 8485 8486
f 8485 8488 8489
f 8490 8491 8481
f 8492 8493 8494
f 8495 8494 8496
f 8498 8499 8500
f 8502 8501 8500
f 8504 8505 8506
f 8508 8509 8510
f 8513 8508 8511
f 8507 8506 8514
f 8516 8517 8518
f 8520 8517 8516
f 8522 8523 8524
f 8526 8527 8522
f 8528 8529 8530
f 8532 8530 8529
f 8534 8535 8536
f 8538 8539 8534
f 8464 8482 8481
f 8483 8540 8541
f 8542 8485 8484
f 8487 8543 8540
f 8488 8485 8542
f 8545 8546 8486
f 8481 8491 8466
f 8547 8545 8489
f 8548 8494 8493
f 8549 8550 8502
f 8551 8496 8494
f 8497 8541 8552
f 8469 8500 8499
f 8547 8541 8497
f 8469 8468 8503
f 8501 8502 8550
f 8460 8504 8507
f 8552 8553 8506
f 8554 8511 8510
f 8549 8552 8505
f 8554 8555 8512
f 8513 8556 8550
f 8461 8507 8515
f 8557 8556 8513
f 8558 8516 8519
f 8559 8560 8527
f 8521 8516 8558
f 8553 8562 8517
f 8477 8525 8524
f 8520 8523 8557
f 8476 8526 8525
f 8527 8560 8556
f 8563 8529 8528
f 8564 8539 8531
f 8533 8529 8563
f 8562 8567 8530
f 8473 8537 8536
f 8559 8562 8532
f 8472 8538 8537
f 8560 8534 8539
f 8463 8462 8555
f 8544 8542 8467
f 8470 8551 8548
f 8475 8474 8566
f 8479 8478 8561
f 8484 8487 8483
f 8490 8489 8488
f 8503 8493 8492
f 8498 8497 8496
f 8504 8510 8509
f 8515 8514 8513
f 8519 8518 8527
f 8521 8524 8523
f 8528 8531 8539
f 8533 8536 8535
f 8467 8484 8482
f 8487 8486 8546
f 8544 8466 8491
f 8480 8541 8547
f 8493 8503 8468
f 8495 8552 8549
f 8551 8470 8499
f 8501 8545 8547
f 8460 8463 8510
f 8508 8550 8549
f 8555 8462 8515
f 8506 8553 8557
f 8519 8526 8476
f 8517 8562 8559
f 8561 8478 8524
f 8522 8556 8557
f 8475 8528 8538
f 8567 8565 8531
f 8566 8474 8536
f 8560 8559 8535
f 8442 8441 8568
f 6512 8570 8568
f 8570 8440 8571
f 8426 6515 6514
f 8428 8444 8443
f 6522 8429 8432
f 8437 8436 8433
f 6524 8436 8435
f 6528 6527 8435
f 8423 6514 6550
f 8429 6522 6516
f 6515 8426 8445
f 8441 6550 6754
f 8570 8572 8569
f 8440 8570 6512
f 8569 8573 8458
f 8574 8575 8572
f 8572 8575 8573
f 8453 8576 8577
f 8576 8453 8455
f 8452 8579 8580
f 8573 8581 8582
f 8575 8583 8581
f 8584 8583 8575
f 8571 8439 8457
f 8439 8571 8440
f 8585 8586 8587
f 8587 8589 8590
f 8589 8591 8592
f 8591 8593 8594
f 8593 8595 8596
f 8595 8597 8598
f 8599 8600 8586
f 8601 8602 8600
f 8603 8604 8602
f 8605 8606 8598
f 8607 8608 8604
f 8609 8610 8608
f 8611 8612 8610
f 8606 8605 8612
f 8613 8614 8589
f 8614 8615 8591
f 8615 8616 8593
f 8616 8617 8595
f 8617 8618 8597
f 8619 8620 8617
f 8620 8621 8618
f 8620 8622 8623
f 8624 8625 8626
f 8626 8623 8622
f 8620 8619 8628
f 8622 8628 8629
f 8627 8629 8630
f 8632 8633 8634
f 8636 8634 8633
f 8637 8638 8636
f 8639 8633 8632
f 8633 8639 8641
f 8635 8641 8642
f 8642 8643 8644
f 8645 8638 8637
f 8586 8646 8613
f 8600 8647 8646
f 8616 8615 8648
f 8615 8614 8649
f 8613 8650 8649
f 8651 8650 8613
f 8647 8652 8651
f 8652 8653 8654
f 8602 8655 8647
f 8655 8656 8652
f 8656 8657 8653
f 8653 8658 8659
f 8658 8660 8661
f 8644 8662 8663
f 8664 8661 8662
f 8661 8664 8666
f 8666 8667 8654
f 8667 8650 8651
f 8668 8605 8597
f 8669 8668 8618
f 8670 8669 8621
f 8671 8670 8623
f 8671 8626 8625
f 8625 8631 8673
f 8636 8674 8675
f 8638 8676 8674
f 8645 8677 8676
f 8645 8663 8678
f 8679 8680 8660
f 8657 8679 8658
f 8583 8584 8648
f 8650 8581 8583
f 8667 8582 8581
f 8666 8681 8582
f 8664 8682 8681
f 8682 8664 8665
f 8684 8685 8643
f 8684 8642 8641
f 8639 8580 8579
f 8580 8639 8640
f 8629 8577 8576
f 8604 8686 8655
f 8608 8687 8686
f 8610 8688 8687
f 8612 8689 8688
f 8605 8668 8689
f 8690 8689 8668
f 8691 8688 8689
f 8692 8687 8688
f 8693 8686 8687
f 8656 8655 8686
f 8694 8690 8669
f 8695 8691 8690
f 8696 8692 8691
f 8697 8693 8692
f 8657 8656 8693
f 8697 8698 8679
f 8696 8699 8698
f 8696 8695 8700
f 8694 8701 8700
f 8670 8671 8701
f 8702 8701 8671
f 8701 8702 8703
f 8703 8704 8699
f 8699 8704 8705
f 8698 8705 8680
f 8672 8673 8706
f 8675 8674 8707
f 8674 8676 8709
f 8709 8676 8677
f 8677 8678 8711
f 8712 8713 8710
f 8702 8706 8714
f 8713 8712 8714
f 8707 8709 8716
f 8717 8716 8713
f 8710 8713 8716
f 8708 8707 8717
f 8546 8601 8599
f 8546 8545 8603
f 8550 8607 8603
f 8556 8609 8607
f 8560 8611 8609
f 8564 8606 8611
f 8565 8598 8606
f 8565 8567 8596
f 8567 8562 8594
f 8562 8553 8592
f 8553 8552 8590
f 8590 8552 8541
f 8540 8585 8588
f 8543 8599 8585
f 8684 8449 8450
f 8579 8452 8449
f 8682 8447 8448
f 8447 8682 8683
f 8681 8448 8458
f 8584 8718 8619
f 8628 8718 8577
f 8457 8456 8577
f 8574 8457 8718
f 7134 6920 6919
f 6164 6163 6919
f 5485 6608 6609
f 3832 5351 8188
f 5921 6609 6221
f 5922 4281 7128
f 6439 8719 8720
f 8720 8719 6570
f 6570 8719 8721
f 6439 6447 8721
f 6727 6058 6057
f 6312 6057 6073
f 6828 6248 6073
f 6877 6268 6267
f 6745 6267 6299
f 6891 6306 6305
f 6338 6747 6746
f 6438 6411 6410
f 6412 6411 6440
f 6564 6421 6424
f 6842 6578 6577
f 6889 6305 6829
f 6579 6578 6564
f 6435 6410 6565
f 8722 6857 6306
f 8723 6859 6058
f 6269 6268 6878
f 7160 7157 6829
f 8724 8144 8143
f 8238 8231 6248
f 6339 6746 6744
f 8395 6577 6338
f 6879 6878 8404
f 8422 8415 8231
f 8725 8143 6859
f 8416 8415 7157
f 6059 6050 6049
f 6330 6099 6049
f 7156 6260 6259
f 6269 6265 6264
f 6297 6349 6264
f 6340 6352 6351
f 6368 6842 8395
f 6422 6414 6559
f 6436 6403 6404
f 6447 6439 6438
f 6424 6423 6436
f 6331 6827 6099
f 6422 6421 6842
f 8722 8403 6856
f 8141 6863 6862
f 6265 6855 6617
f 6324 6890 6259
f 7158 7155 6260
f 6709 8145 6863
f 8235 8237 6827
f 6298 6349 6352
f 6370 6369 6351
f 6891 6890 8403
f 8419 8421 8237
f 6051 6050 8145
f 8422 8421 7155
f 8721 6447 6446
f 6748 6440 8720
f 8727 6008 6011
f 8158 6009 8144
f 6009 6008 6861
f 6008 8727 6862
f 8142 6862 8727
f 6554 6553 6893
f 6833 6707 6708
f 6708 6856 8403
f 5623 6911 6892
f 8406 8366 8365
f 8407 8375 8366
f 8377 8376 8408
f 8397 8396 6530
f 6651 8399 8400
f 8402 8401 6616
f 6618 6707 8399
f 6554 8404 6878
f 8396 8405 6854
f 8401 6553 6552
f 6892 8397 6529
f 8353 8400 8365
f 8377 8409 6276
f 8409 8410 6277
f 8410 5597 5932
f 8726 8404 6857
f 8726 6856 6855
f 7234 6107 6106
f 8279 6124 6127
f 8354 6224 6227
f 6246 6245 6619
f 8239 6280 6282
f 8162 6283 6286
f 6292 6354 6246
f 6382 6378 6377
f 6392 6397 6396
f 6396 6395 6427
f 6398 6397 6443
f 6459 6443 6458
f 6525 6520 6523
f 6558 6272 6271
f 6429 6428 6560
f 6460 6458 6572
f 6272 6558 3736
f 7128 6603 6602
f 6227 6245 6244
f 7180 6631 6634
f 6642 6286 6285
f 6356 6741 6740
f 6816 6815 8218
f 6820 8300 8301
f 6355 6832 6741
f 6344 6835 6834
f 6364 6841 6840
f 6375 6378 6560
f 6848 6847 6488
f 6853 6852 6506
f 6530 6854 6740
f 8140 6871 6874
f 6555 6271 6831
f 8215 6106 6881
f 6348 6895 6894
f 6383 6895 6896
f 6433 6897 6896
f 6432 6897 6898
f 6406 6899 6898
f 6900 6455 6387
f 6900 6449 6448
f 6472 6904 6903
f 6480 6905 6903
f 6497 6907 6906
f 6908 6519 6518
f 4280 5933 6120
f 6100 7167 7170
f 6632 6631 7188
f 7235 8214 7201
f 7206 7209 7212
f 8213 7257 7232
f 8214 8213 7231
f 6108 6107 7200
f 7238 8299 8300
f 7207 7212 8299
f 8205 7241 7240
f 6170 6169 7232
f 6638 8146 8149
f 6601 6874 8157
f 6600 8157 6283
f 8392 8223 8222
f 6278 6280 8241
f 6816 8272 8274
f 6642 6815 6814
f 6128 7170 6124
f 8195 6602 6127
f 8212 8211 8286
f 8292 8287 8286
f 8290 8289 8210
f 8207 8293 8290
f 8294 8293 8295
f 8206 8296 8295
f 6817 8301 8297
f 8288 6170 7256
f 7209 7206 7240
f 6225 6224 8360
f 8369 8368 8360
f 8375 8376 8368
f 8381 8380 8387
f 8385 8381 8383
f 8385 8386 8391
f 8147 8146 6282
f 6345 6894 6835
f 6327 6832 6834
f 6295 6354 6841
f 6379 6377 6840
f 6853 6847 6845
f 6479 6906 6905
f 6848 6572 6571
f 6452 6901 6904
f 6525 6852 6851
f 6496 6909 6907
f 8402 8405 6876
f 8408 8407 8387
f 6279 8241 8222
f 6872 6871 8149
f 8223 8386 8373
f 6526 8433 8436
f 8446 8445 8426
f 8455 8454 8431
f 8446 8459 8450
f 8454 8433 8432
f 6908 8445 8428
f 8578 8455 8451
f 8632 8631 8625
f 8640 8632 8624
f 8660 8663 8662
f 8662 8644 8643
f 8675 8673 8631
f 8680 8678 8663
f 8683 8665 8643
f 8578 8640 8630
f 8673 8675 8708
f 8678 8680 8705
f 8711 8705 8704
f 8706 8708 8715
f 8703 8714 8712
f 8459 8683 8685
f 8407 8408 8376
f 6615 6854 8405
f 5993 6080 6335
f 6060 6682 6018
f 5993 6047 6081
f 6105 6104 6176
f 6177 6104 6000
f 6309 6311 6310
f 8725 6315 6314
f 8724 6314 6318
f 6321 6320 6053
f 6249 6595 6310
f 6596 6254 6257
f 8188 6606 6605
f 5986 6683 6682
f 6714 6726 6311
f 6047 6320 6086
f 6875 6596 6304
f 6001 6105 6912
f 7162 7159 6597
f 7254 7163 6912
f 6684 6683 7163
f 8723 8136 6315
f 6592 8159 6318
f 8332 8331 8171
f 6607 6606 5350
f 8191 8190 8198
f 8197 8192 8193
f 8159 6592 6319
f 8232 8236 6595
f 8192 8190 7173
f 8189 6605 8193
f 6177 8191 8199
f 6733 8331 8330
f 8340 8341 8330
f 8341 5994 6335
f 8412 6721 6875
f 8414 8411 6273
f 8416 8420 8236
f 6727 6726 8136
f 8417 8420 7159
f 6277 5932 5558
f 5935 5576 6635
f 5991 5990 6061
f 6019 6018 6682
f 5999 6034 6033
f 6045 6044 6677
f 6055 6054 6083
f 5995 6064 6063
f 6084 6054 6053
f 6088 5990 5989
f 6063 6084 6046
f 6066 6097 6034
f 6103 6102 7181
f 6673 6676 6133
f 6149 6148 6153
f 6323 6088 8166
f 6585 6584 6083
f 6630 6629 6702
f 6634 6633 7168
f 6676 6149 6152
f 6703 6629 6628
f 6796 6729 6728
f 6069 6729 6097
f 6132 6798 6674
f 6803 6799 6800
f 6011 6010 6055
f 6799 6803 6582
f 7194 8271 6881
f 7131 6584 6583
f 6798 7133 6913
f 7179 7178 8204
f 7183 7182 7246
f 7188 7183 7242
f 6109 7196 7192
f 7204 6630 6176
f 7219 7218 6628
f 7218 7228 7248
f 7179 7219 6627
f 7250 7254 6704
f 7228 7252 7249
f 6678 7250 7249
f 5997 7252 7251
f 8168 8167 6644
f 8167 8169 6732
f 8169 8170 6733
f 8170 8171 8331
f 8336 8335 8173
f 8182 8338 8175
f 8182 8174 8176
f 8181 8176 8177
f 8180 8177 8179
f 7133 6728 6590
f 7130 7131 8194
f 8200 6633 6632
f 7178 8201 8205
f 8269 6154 6153
f 8254 8311 8252
f 8260 6102 6101
f 8179 8263 6802
f 8263 8264 6038
f 8264 8265 6039
f 8265 8266 6130
f 8266 8267 6157
f 8267 8268 6158
f 8268 8270 8217
f 8270 8272 6816
f 6813 8274 8273
f 8273 8275 8247
f 8276 8260 8277
f 7192 8251 8250
f 8252 8316 8259
f 8276 8275 8250
f 7204 8200 7177
f 7182 8316 8315
f 8343 8339 8334
f 8333 8337 8342
f 8343 8342 6800
f 8340 8339 6064
f 6323 8349 8350
f 8168 8352 8348
f 8349 5937 5936
f 8352 5939 5938
f 6103 6634 7167
f 8271 8269 8216
f 8201 7188 7241
f 8274 8272 8271
f 5991 6018 6017
f 8728 8171 6017
f 5997 5996 6680
f 5996 6033 6045
f 6033 6032 6042
f 6042 6032 8175
f 8172 8175 8338
f 8336 8338 8337
f 6684 6678 6677
f 6681 6677 6044
f 6019 6044 6043
f 6016 6043 8173
f 8728 8173 8335
f 8332 8335 8334
f 8194 6332 8160
f 6805 6010 6009
f 5940 5941 7137
f 8324 5496 5942
f 8325 5942 5495
f 6253 5943 4292
f 7137 5941 5944
f 8348 5938 5937
f 8350 5936 5530
f 5624 8150 6159
f 6718 4293 5940
f 8327 5945 5490
f 8347 5946 5939
f 5933 5502 6121
f 8184 5532 5946
f 7142 4298 5615
f 6145 5487 5945
f 8234 5947 5943
f 8328 5948 5488
f 8318 5500 5948
f 7139 5494 4299
f 8418 5616 5947
f 5604 8414 6599
f 5949 3853 6712
f 5944 5949 6716
f 6720 5601 5950
f 6255 5950 4322
f 5614 5935 6235
f 6711 3852 5951
f 8161 5951 3857
f 5973 5964 2965
f 2965 5964 5963
f 222 5963 5960
f 223 5960 5958
f 5958 5957 3185
f 5957 5970 2977
f 5970 5967 1213
f 5967 5966 1214
f 2532 1214 5966
f 2894 2532 5953
f 2871 2894 5952
f 5510 5722 5721
f 5822 5825 5824
f 3511 3512 3844
f 3887 3892 3889
f 3876 3879 3878
f 3356 3357 3911
f 3372 3373 3390
f 3849 3854 3851
f 3481 3478 3867
f 3873 3874 3385
f 3875 3375 3450
f 3915 3794 3865
f 3657 3670 3671
f 5618 5973 3013
f 1997 1996 1889
f 1237 745 744
f 1535 1534 120
f 1531 1532 201
f 1119 1241 1032
f 946 948 824
f 163 8 5
f 9041 9178 9175
f 1155 1156 1162
f 427 213 327
f 553 1902 796
f 8732 2232 2231
f 8732 3178 2230
f 2237 3183 3180
f 8734 8735 8736
f 8735 8737 8738
f 8737 8739 8740
f 8739 8741 8742
f 8743 8744 8745
f 8746 8745 8747
f 8749 8750 8748
f 8751 8752 8750
f 8754 8755 8756
f 8757 8758 8755
f 8759 8760 8758
f 8761 8762 8760
f 8763 8764 8762
f 8766 8751 8749
f 8765 8749 8747
f 8767 8747 8745
f 8768 8745 8744
f 8744 8770 8771
f 8770 8741 8772
f 8741 8739 8773
f 8739 8737 8774
f 8737 8735 8775
f 8735 8734 8776
f 8776 8734 8777
f 2904 8778 8779
f 8780 8778 2904
f 8781 8780 2902
f 2875 8782 8781
f 8783 8784 2733
f 2825 8785 8786
f 8788 8789 8790
f 8792 8788 8787
f 2724 2723 8785
f 8787 8790 3115
f 8791 8787 3117
f 8794 8766 8765
f 8793 8765 8767
f 8795 8767 8768
f 8796 8768 8769
f 8797 8769 8771
f 8771 8772 8799
f 8772 8773 8800
f 8773 8774 8801
f 8774 8775 8802
f 8775 8776 8803
f 8776 3184 3056
f 8802 8803 2253
f 8801 8802 2252
f 8800 8801 1727
f 8799 8800 2150
f 8804 8798 8799
f 8805 8797 8798
f 8806 8796 8797
f 8807 8795 8796
f 8793 8795 8807
f 8794 8793 8808
f 8810 8811 8809
f 8808 8807 8806
f 8810 8806 8805
f 8813 8811 8810
f 8812 8805 8804
f 8815 8813 8812
f 8814 8804 1941
f 8755 8750 8752
f 8758 8748 8750
f 8760 8746 8748
f 8762 8743 8746
f 8816 8817 8764
f 8818 8819 8820
f 8816 8763 8782
f 8821 8818 8817
f 8789 8821 8783
f 8818 8821 8789
f 8819 8818 8788
f 8822 8820 8819
f 8823 8819 8792
f 8824 8792 8791
f 2712 8791 3119
f 8826 8822 8823
f 8825 8823 8824
f 8827 8824 2712
f 8828 8827 2711
f 8829 8825 8827
f 8830 8826 8825
f 8743 8762 8764
f 8817 8820 8831
f 8770 8744 8743
f 8741 8770 8831
f 8820 8822 8742
f 8740 8742 8822
f 8738 8740 8826
f 8736 8738 8830
f 8833 8828 2400
f 8834 8829 8828
f 8832 8830 8829
f 8835 8833 2402
f 3058 8835 2707
f 3061 8836 8835
f 8836 8834 8833
f 8733 8736 8832
f 8837 8832 8834
f 8777 8734 8733
f 8838 8733 8837
f 8837 8836 3061
f 1961 3057 8838
f 3057 3184 8777
f 8779 8754 8753
f 8778 8757 8754
f 8780 8759 8757
f 8781 8761 8759
f 8782 8763 8761
f 8821 8816 8784
f 8785 8790 8789
f 2723 3115 8790
f 2875 2733 8784
f 2736 2824 8786
f 2947 8779 8839
f 8815 8814 1360
f 1900 1925 1924
f 1736 1717 1718
f 1955 1952 1943
f 1671 1738 1735
f 1696 1750 1698
f 1800 1865 1864
f 2063 2055 2056
f 1737 1734 1717
f 1751 1735 1697
f 943 9337 9351
f 9108 8839 8753
f 1577 1578 1764
f 9369 1598 1599
f 1945 146 82
f 68 6 7
f 147 1542 1543
f 1109 1135 1133
f 1503 1910 1907
f 1499 1501 1909
f 452 1922 735
f 1824 2068 9287
f 1825 2067 2068
f 1463 1462 1022
f 841 1012 1009
f 1568 1547 1955
f 1910 1503 1502
f 1939 1502 422
f 309 280 1940
f 1804 1851 1866
f 269 1482 1954
f 2065 1607 2060
f 9264 1685 1758
f 280 276 552
f 1875 1873 1869
f 1739 1721 1734
f 5923 5897 5899
f 1778 1779 1790
f 310 1920 1915
f 1909 1908 1906
f 1789 1783 1778
f 978 981 980
f 1584 1759 1731
f 425 426 311
f 148 1543 115
f 2044 9349 9346
f 277 1910 1939
f 1943 1946 1945
f 1461 1462 1463
f 2253 8803 3056
f 2981 2254 8927
f 2209 2998 8927
f 2254 2253 3055
f 2998 926 958
f 2826 2817 2721
f 8928 2739 2721
f 2816 8929 8928
f 2334 2297 2296
f 2298 2297 2334
f 2301 2298 2336
f 2311 2301 2338
f 2312 2311 2354
f 2359 2358 2361
f 2335 2296 2359
f 2414 2413 2365
f 2413 2270 2361
f 2355 2352 2540
f 2541 2540 2539
f 2722 2721 2739
f 3114 2722 2738
f 3110 3112 3121
f 3108 3110 3120
f 3122 1754 3127
f 3112 3122 3126
f 3127 1754 1753
f 3139 3133 2529
f 9196 9227 3133
f 8928 2789 2740
f 8929 2790 2789
f 228 229 91
f 245 244 243
f 248 7 247
f 2 297 296
f 145 146 300
f 327 213 210
f 329 332 331
f 239 241 240
f 373 376 375
f 178 177 176
f 1218 1225 1228
f 9314 1231 1295
f 808 809 824
f 9310 9311 1013
f 9265 9262 1411
f 2154 2149 2159
f 9297 9287 1758
f 306 807 1922
f 2157 2153 1976
f 708 709 2031
f 1450 1226 1227
f 1672 1604 1605
f 1813 1814 1821
f 1717 1716 1715
f 176 159 402
f 1710 1705 9368
f 1712 1580 1577
f 1705 1713 1711
f 3435 3476 3475
f 971 978 979
f 822 823 1094
f 2909 2810 2793
f 2810 2769 2795
f 2799 2910 2249
f 9114 9095 2910
f 2769 2768 2801
f 3177 3176 3178
f 3178 8732 3180
f 3181 1394 1393
f 3181 1633 1632
f 3182 1632 2244
f 3183 2244 2243
f 8932 2791 2790
f 2808 8932 8929
f 2239 9018 9016
f 1149 1150 9015
f 1150 2009 9011
f 2202 9013 9010
f 2921 9008 9009
f 9012 9004 2133
f 1777 1579 1759
f 1201 1196 1183
f 9005 8998 2195
f 8997 9020 2770
f 9379 9377 1687
f 1516 152 154
f 8993 9006 2974
f 8994 8992 2779
f 2771 2772 9019
f 3070 2771 8990
f 8991 8988 2775
f 1376 1375 1370
f 2767 8987 9000
f 2195 8998 8987
f 2775 8988 8986
f 8344 5617 8989
f 9256 9254 8983
f 2776 8986 8982
f 2240 9016 8979
f 2920 8979 9121
f 8992 8978 2786
f 1805 1850 1851
f 8978 8976 2787
f 2951 2773 8984
f 2772 2951 8975
f 2973 2224 8974
f 2224 2223 8981
f 1957 1953 320
f 306 305 304
f 2770 9020 8972
f 2913 8972 9018
f 2923 9009 8971
f 308 1940 431
f 207 208 132
f 1879 1876 1881
f 9185 9239 8969
f 2475 3070 9002
f 2476 2475 8968
f 2223 2476 8967
f 8966 8993 2803
f 2037 9007 11
f 1959 1958 450
f 2003 8999 8964
f 9 10 334
f 2009 2008 8962
f 2008 2973 8980
f 9329 672 673
f 8959 8994 2778
f 2935 8958 8957
f 111 1149 9014
f 3238 3342 3341
f 8954 8958 2935
f 683 9328 9337
f 8952 9001 2810
f 736 733 732
f 1795 1804 1803
f 8949 8954 2938
f 8951 8949 2939
f 2950 8956 8948
f 2940 2949 8948
f 9253 9243 8956
f 2868 8953 8946
f 2869 8946 8966
f 1024 1034 1023
f 8944 8947 2948
f 551 1939 442
f 2972 8943 9012
f 2032 8977 8943
f 216 93 1924
f 3532 3534 3482
f 203 202 201
f 3539 3542 3541
f 1828 1848 1847
f 1958 1957 449
f 272 271 178
f 2871 8989 8939
f 9071 9121 9008
f 2801 2768 9095
f 2005 9210 9106
f 960 886 899
f 9109 9107 9064
f 9232 9240 9098
f 3151 9098 9045
f 2193 9056 9075
f 9059 9055 3145
f 9055 9101 2761
f 9044 9059 3144
f 2926 9110 9086
f 9086 9044 3104
f 9207 9206 9198
f 566 567 9210
f 8839 9108 1864
f 1602 1586 2079
f 2868 9110 9063
f 2922 9063 9062
f 2923 9062 9070
f 9122 9065 2918
f 9071 9122 9066
f 2921 9070 9122
f 2920 9066 9038
f 9065 9094 2915
f 2917 2766 9074
f 2916 2917 9093
f 2239 9039 9104
f 2911 9092 9104
f 9095 9092 2911
f 2797 2801 9114
f 2797 9043 9050
f 9074 9080 2763
f 9060 9080 2764
f 2194 9075 9100
f 2221 9100 9101
f 2756 9060 9061
f 2750 9050 9061
f 9121 8979 1817
f 9215 9222 1691
f 2515 9073 9042
f 2548 9042 9045
f 2513 2489 9084
f 2513 9068 9073
f 2509 9085 9072
f 2510 9084 9085
f 2289 9072 9091
f 2283 9091 9069
f 2240 9038 9039
f 9111 9109 9076
f 716 2121 9339
f 727 1999 9213
f 2165 2171 2170
f 9112 9111 9078
f 9195 9033 9030
f 2175 2172 769
f 2100 500 2095
f 9210 567 9209
f 640 9004 9012
f 1653 9020 8997
f 1895 8980 8974
f 746 8974 8981
f 1653 1810 8972
f 9214 1603 1604
f 2093 2075 2073
f 959 996 995
f 962 899 919
f 1400 1401 1398
f 1000 817 1127
f 956 959 884
f 1662 8992 8994
f 2034 9002 8990
f 9378 1689 8983
f 8979 9016 766
f 9016 9018 765
f 334 9014 9015
f 1868 8975 8984
f 1684 1651 1652
f 1682 1683 775
f 1585 1603 9214
f 9215 9214 1672
f 2173 2174 490
f 1658 8988 8991
f 9000 8987 1650
f 1571 9206 2010
f 1587 9116 9123
f 2099 2095 2077
f 787 9213 1999
f 2000 9146 786
f 3155 339 9149
f 9165 3155 9135
f 2180 2179 9137
f 8940 2180 9136
f 1684 9298 9292
f 1760 464 8939
f 2607 9141 9145
f 2581 9128 9141
f 2371 2502 9152
f 2371 9147 9145
f 2587 9128 9127
f 2586 9127 9149
f 2497 9143 9139
f 2502 2503 9139
f 2494 9143 9142
f 9142 9140 2472
f 9140 9153 2468
f 9153 9155 2469
f 726 9360 9344
f 581 9011 8962
f 10 8955 9014
f 1837 8958 8954
f 741 8981 8967
f 1299 8968 9002
f 1851 8951 8948
f 8971 9009 1820
f 580 8962 8980
f 1758 1685 8966
f 1693 9001 8952
f 8948 8956 1867
f 1894 1826 9012
f 2126 1418 9265
f 9358 2126 9293
f 2113 9363 9319
f 2179 9165 9241
f 624 9355 9356
f 2192 9056 9240
f 2177 8985 9239
f 1364 9276 9285
f 9310 9307 1470
f 3135 1753 9227
f 2069 9264 9287
f 1351 9313 9305
f 2108 9334 9353
f 2089 2092 9188
f 9280 9286 1358
f 2001 9201 9235
f 2187 9235 9171
f 2130 9208 9204
f 2004 9204 9201
f 2014 9176 9231
f 2201 9231 9208
f 3167 9172 9211
f 3168 9176 9172
f 3159 9161 9216
f 3160 9216 9217
f 9182 9159 3158
f 3158 9159 9161
f 2200 3069 9182
f 9137 9241 9194
f 9174 9226 2197
f 9242 9188 2092
f 9226 9242 9173
f 3154 9158 9242
f 3155 9165 9158
f 2091 9171 9173
f 2196 3148 9202
f 2193 2196 9228
f 9056 2193 9233
f 2086 2192 9232
f 2087 2086 9230
f 2204 9194 9203
f 2205 9203 9202
f 9361 9338 574
f 2124 2087 9229
f 2208 2124 9212
f 9163 9237 3140
f 9237 9197 3138
f 9197 9196 3139
f 9223 9164 3136
f 9164 9163 3137
f 9227 9219 3131
f 9219 9234 3132
f 1813 9291 9290
f 1293 9306 9308
f 2184 2321 9200
f 2181 2184 9184
f 9217 9220 3079
f 9220 9186 3080
f 709 9325 9327
f 2774 2961 9189
f 9238 9221 2134
f 9261 9260 766
f 2968 9236 9218
f 2969 9211 9236
f 2958 9199 9189
f 2132 9199 9218
f 2321 2185 9223
f 9312 9300 1449
f 9357 9326 582
f 9338 9341 577
f 9299 9278 1818
f 705 9354 9339
f 9268 9364 9359
f 2111 9335 9363
f 9262 9281 1366
f 1812 9291 9274
f 675 9303 9304
f 8940 9157 9303
f 2110 9319 9320
f 2104 9348 9353
f 2109 9320 9351
f 9294 9283 703
f 1680 9263 9298
f 1639 1627 9271
f 623 9356 9358
f 2139 2140 9318
f 1808 1640 9296
f 9272 9273 1819
f 9324 9366 9352
f 1646 9284 9282
f 9341 9342 633
f 2139 9317 9327
f 2156 2155 9323
f 674 9304 9365
f 2117 9269 9264
f 1815 9274 9299
f 9307 9301 1444
f 697 9358 9364
f 866 842 9288
f 9316 9321 2136
f 9037 9183 9178
f 9035 9192 9183
f 9205 9198 9190
f 9192 9035 9033
f 1088 9190 9198
f 9191 9192 9195
f 2791 8932 8933
f 8932 2808 2807
f 2792 8933 8934
f 8933 2807 2806
f 8952 2909 8934
f 8960 8934 2806
f 2948 8947 9243
f 2105 9360 9348
f 8982 9254 9256
f 680 9330 9328
f 1891 1890 9362
f 2905 9251 9253
f 2900 9249 9251
f 2901 9249 9259
f 2734 2878 9258
f 2877 9259 9258
f 2820 9252 9246
f 2818 9248 9244
f 2823 9245 9244
f 2822 9245 9250
f 2819 2735 9252
f 2817 9248 9247
f 2809 9257 9247
f 2808 9257 9255
f 2805 9256 9255
f 1702 9373 9375
f 9374 9372 1797
f 9367 9368 1706
f 9370 9379 1692
f 1657 9350 9332
f 1890 1877 9347
f 9224 9222 1674
f 1689 1690 9224
f 9378 9254 8982
f 8960 8983 1689
f 9369 9375 1703
f 1598 9369 9380
f 9332 9336 1876
f 1691 1690 9377
f 9377 9378 1688
f 9386 9385 9389
f 9386 9390 9391
f 9384 9388 9389
f 9390 9394 9395
f 9389 9388 9392
f 9389 9393 9394
f 9394 9398 9399
f 9393 9392 9396
f 9394 9393 9397
f 9399 9398 9402
f 9396 9400 9401
f 9397 9401 9402
f 9402 9406 9407
f 9401 9400 9404
f 9402 9401 9405
f 9407 9406 9410
f 9405 9404 9408
f 9405 9409 9410
f 9411 9410 9414
f 9409 9408 9412
f 9410 9409 9413
f 9414 9418 9419
f 9412 9416 9417
f 9413 9417 9418
f 9418 9422 9423
f 9417 9416 9420
f 9418 9417 9421
f 9422 9426 9427
f 9420 9424 9425
f 9421 9425 9426
f 9426 9430 9431
f 9425 9424 9428
f 9426 9425 9429
f 9431 9430 9434
f 9428 9432 9433
f 9429 9433 9434
f 9434 9438 9439
f 9433 9432 9436
f 9434 9433 9437
f 9439 9438 9442
f 9436 9440 9441
f 9437 9441 9442
f 9443 9442 9446
f 9441 9440 9444
f 9442 9441 9445
f 9447 9446 9450
f 9444 9448 9449
f 9445 9449 9450
f 9450 9454 9455
f 9449 9448 9452
f 9450 9449 9453
f 9454 9458 9459
f 9452 9456 9457
f 9453 9457 9458
f 9458 9462 9463
f 9457 9456 9460
f 9458 9457 9461
f 9463 9462 9466
f 9460 9464 9465
f 9461 9465 9466
f 9466 9470 9471
f 9465 9464 9468
f 9466 9465 9469
f 9471 9470 9474
f 9468 9472 9473
f 9469 9473 9474
f 9475 9474 9478
f 9473 9472 9476
f 9474 9473 9477
f 9479 9478 9482
f 9476 9480 9481
f 9477 9481 9482
f 9483 9482 9486
f 9481 9480 9484
f 9482 9481 9485
f 9486 9490 9491
f 9484 9488 9489
f 9485 9489 9490
f 9490 9494 9495
f 9489 9488 9492
f 9490 9489 9493
f 9495 9494 9498
f 9492 9496 9497
f 9493 9497 9498
f 9498 9502 9503
f 9497 9496 9500
f 9498 9497 9501
f 9503 9502 9507
f 9500 9505 9506
f 9501 9506 9507
f 9508 9507 9511
f 9505 9509 9510
f 9507 9506 9510
f 9512 9511 9386
f 9510 9509 9384
f 9510 9385 9386
f 9521 9520 9533
f 9518 9531 9532
f 9517 9516 9529
f 9515 9514 9527
f 9523 9536 9537
f 9521 9534 9535
f 9519 9532 9533
f 9518 9517 9530
f 9515 9528 9529
f 9513 9526 9527
f 9524 9537 9538
f 9523 9522 9535
f 9528 9541 9542
f 9526 9539 9540
f 9538 9537 9550
f 9535 9548 9549
f 9534 9533 9546
f 9531 9544 9545
f 9530 9529 9542
f 9528 9527 9540
f 9537 9536 9549
f 9534 9547 9548
f 9532 9545 9546
f 9531 9530 9543
f 9541 9554 9555
f 9540 9539 9552
f 9550 9563 9564
f 9548 9561 9562
f 9547 9546 9559
f 9544 9557 9558
f 9542 9555 9556
f 9541 9540 9553
f 9549 9562 9563
f 9547 9560 9561
f 9546 9545 9558
f 9544 9543 9556
f 9555 9554 9567
f 9552 9565 9566
f 9564 9563 9576
f 9562 9561 9574
f 9559 9572 9573
f 9557 9570 9571
f 9555 9568 9569
f 9553 9566 9567
f 9562 9575 9576
f 9561 9560 9573
f 9559 9558 9571
f 9557 9556 9569
f 9567 9580 9581
f 9566 9565 9578
f 9576 9589 9590
f 9575 9574 9587
f 9572 9585 9586
f 9571 9570 9583
f 9569 9568 9581
f 9566 9579 9580
f 9576 9575 9588
f 9574 9573 9586
f 9571 9584 9585
f 9569 9582 9583
f 9581 9580 9593
f 9578 9591 9592
f 9590 9589 9602
f 9588 9587 9600
f 9585 9598 9599
f 9583 9596 9597
f 9582 9581 9594
f 9579 9592 9593
f 9589 9588 9601
f 9587 9586 9599
f 9584 9597 9598
f 9583 9582 9595
f 9594 9593 9606
f 9592 9591 9604
f 9602 9615 9616
f 9601 9600 9613
f 9598 9611 9612
f 9596 9609 9610
f 9594 9607 9608
f 9592 9605 9606
f 9601 9614 9615
f 9600 9599 9612
f 9598 9597 9610
f 9596 9595 9608
f 9607 9606 9619
f 9605 9604 9617
f 9615 9628 9629
f 9613 9626 9627
f 9611 9624 9625
f 9610 9609 9622
f 9607 9620 9621
f 9605 9618 9619
f 9615 9614 9627
f 9613 9612 9625
f 9611 9610 9623
f 9608 9621 9622
f 9619 9632 9633
f 9617 9630 9631
f 9628 9641 9642
f 9627 9626 9639
f 9625 9624 9637
f 9622 9635 9636
f 9621 9620 9633
f 9619 9618 9631
f 9627 9640 9641
f 9625 9638 9639
f 9623 9636 9637
f 9622 9621 9634
f 9632 9645 9646
f 9630 9643 9644
f 9642 9641 9654
f 9639 9652 9653
f 9638 9637 9650
f 9635 9648 9649
f 9634 9633 9646
f 9632 9631 9644
f 9641 9640 9653
f 9638 9651 9652
f 9636 9649 9650
f 9635 9634 9647
f 9645 9658 9659
f 9644 9643 9656
f 9654 9667 9668
f 9652 9665 9666
f 9651 9650 9663
f 9648 9661 9662
f 9646 9659 9660
f 9645 9644 9657
f 9653 9666 9667
f 9651 9664 9665
f 9650 9649 9662
f 9648 9647 9660
f 9659 9658 9671
f 9656 9669 9670
f 9668 9667 9680
f 9665 9678 9679
f 9663 9676 9677
f 9661 9674 9675
f 9659 9672 9673
f 9657 9670 9671
f 9666 9679 9680
f 9665 9664 9677
f 9663 9662 9675
f 9661 9660 9673
f 9671 9684 9685
f 9670 9669 9682
f 9680 9693 9694
f 9678 9691 9692
f 9677 9676 9689
f 9675 9674 9687
f 9673 9672 9685
f 9670 9683 9684
f 9680 9679 9692
f 9678 9677 9690
f 9675 9688 9689
f 9673 9686 9687
f 9685 9684 9697
f 9682 9695 9696
f 9694 9693 9706
f 9692 9691 9704
f 9689 9702 9703
f 9687 9700 9701
f 9686 9685 9698
f 9683 9696 9697
f 9693 9692 9705
f 9691 9690 9703
f 9688 9701 9702
f 9687 9686 9699
f 9698 9697 9710
f 9696 9695 9708
f 9706 9719 9720
f 9705 9704 9717
f 9702 9715 9716
f 9700 9713 9714
f 9698 9711 9712
f 9696 9709 9710
f 9705 9718 9719
f 9704 9703 9716
f 9702 9701 9714
f 9700 9699 9712
f 9711 9710 9723
f 9709 9708 9721
f 9719 9732 9733
f 9717 9730 9731
f 9715 9728 9729
f 9714 9713 9726
f 9711 9724 9725
f 9709 9722 9723
f 9718 9731 9732
f 9717 9716 9729
f 9715 9714 9727
f 9712 9725 9726
f 9723 9736 9737
f 9721 9734 9735
f 9733 9732 9745
f 9731 9730 9743
f 9729 9728 9741
f 9726 9739 9740
f 9725 9724 9737
f 9723 9722 9735
f 9732 9731 9744
f 9729 9742 9743
f 9727 9740 9741
f 9726 9725 9738
f 9736 9749 9750
f 9734 9747 9748
f 9746 9745 9758
f 9743 9756 9757
f 9742 9741 9754
f 9739 9752 9753
f 9738 9737 9750
f 9736 9735 9748
f 9745 9744 9757
f 9742 9755 9756
f 9740 9753 9754
f 9739 9738 9751
f 9749 9762 9763
f 9748 9747 9760
f 9758 9771 9772
f 9756 9769 9770
f 9755 9754 9767
f 9752 9765 9766
f 9750 9763 9764
f 9749 9748 9761
f 9757 9770 9771
f 9756 9755 9768
f 9754 9753 9766
f 9752 9751 9764
f 9762 9775 9776
f 9760 9773 9774
f 9772 9771 9784
f 9770 9769 9782
f 9768 9767 9780
f 9765 9778 9779
f 9763 9776 9777
f 9762 9761 9774
f 9770 9783 9784
f 9768 9781 9782
f 9767 9766 9779
f 9764 9777 9778
f 9775 9788 9789
f 9774 9773 9786
f 9784 9797 9798
f 9782 9795 9796
f 9781 9780 9793
f 9779 9778 9791
f 9777 9776 9789
f 9774 9787 9788
f 9784 9783 9796
f 9782 9781 9794
f 9779 9792 9793
f 9777 9790 9791
f 9789 9788 9802
f 9786 9800 9801
f 9798 9797 9811
f 9796 9795 9809
f 9793 9807 9808
f 9792 9791 9805
f 9790 9789 9803
f 9787 9801 9802
f 9797 9796 9810
f 9795 9794 9808
f 9792 9806 9807
f 9790 9804 9805
f 9803 9802 9815
f 9801 9800 9813
f 9811 9824 9825
f 9810 9809 9822
f 9807 9820 9821
f 9806 9805 9818
f 9803 9816 9817
f 9801 9814 9815
f 9810 9823 9824
f 9809 9808 9821
f 9807 9806 9819
f 9804 9817 9818
f 9816 9815 9828
f 9814 9813 9826
f 9825 9824 9837
f 9822 9835 9836
f 9820 9833 9834
f 9819 9818 9831
f 9816 9829 9830
f 9814 9827 9828
f 9824 9823 9836
f 9822 9821 9834
f 9820 9819 9832
f 9817 9830 9831
f 9828 9841 9842
f 9826 9839 9840
f 9837 9850 9851
f 9836 9835 9848
f 9834 9833 9846
f 9831 9844 9845
f 9830 9829 9842
f 9828 9827 9840
f 9836 9849 9850
f 9834 9847 9848
f 9832 9845 9846
f 9831 9830 9843
f 9841 9854 9855
f 9839 9852 9853
f 9851 9850 9863
f 9848 9861 9862
f 9847 9846 9859
f 9845 9844 9857
f 9843 9842 9855
f 9841 9840 9853
f 9850 9849 9862
f 9847 9860 9861
f 9845 9858 9859
f 9843 9856 9857
f 9854 9867 9868
f 9853 9852 9865
f 9863 9876 9877
f 9861 9874 9875
f 9860 9859 9872
f 9858 9857 9870
f 9855 9868 9869
f 9854 9853 9866
f 9862 9875 9876
f 9860 9873 9874
f 9859 9858 9871
f 9856 9869 9870
f 9868 9867 9880
f 9865 9878 9879
f 9877 9876 9889
f 9875 9874 9887
f 9873 9872 9885
f 9870 9883 9884
f 9868 9881 9882
f 9867 9866 9879
f 9875 9888 9889
f 9873 9886 9887
f 9872 9871 9884
f 9870 9869 9882
f 9880 9893 9894
f 9878 9891 9892
f 9889 9902 9903
f 9887 9900 9901
f 9886 9885 9898
f 9884 9883 9896
f 9882 9881 9894
f 9879 9892 9893
f 9889 9888 9901
f 9887 9886 9899
f 9884 9897 9898
f 9882 9895 9896
f 9894 9893 9906
f 9891 9904 9905
f 9903 9902 9915
f 9901 9900 9913
f 9898 9911 9912
f 9896 9909 9910
f 9895 9894 9907
f 9892 9905 9906
f 9902 9901 9914
f 9899 9912 9913
f 9897 9910 9911
f 9896 9895 9908
f 9907 9906 9919
f 9905 9904 9917
f 9915 9928 9929
f 9914 9913 9926
f 9911 9924 9925
f 9909 9922 9923
f 9907 9920 9921
f 9905 9918 9919
f 9914 9927 9928
f 9913 9912 9925
f 9911 9910 9923
f 9909 9908 9921
f 9920 9919 9515
f 9918 9917 9513
f 9929 9928 9524
f 9926 9522 9523
f 9924 9520 9521
f 9923 9922 9518
f 9920 9516 9517
f 9918 9514 9515
f 9928 9927 9523
f 9926 9925 9521
f 9924 9923 9519
f 9921 9517 9518
f 9387 9513 9917
f 9917 9904 9508
f 9904 9891 9503
f 9891 9878 9499
f 9499 9878 9865
f 9495 9865 9852
f 9491 9852 9839
f 9839 9826 9483
f 9483 9826 9813
f 9813 9800 9475
f 9800 9786 9471
f 9786 9773 9467
f 9467 9773 9760
f 9463 9760 9747
f 9459 9747 9734
f 9734 9721 9451
f 9451 9721 9708
f 9708 9695 9443
f 9695 9682 9439
f 9682 9669 9435
f 9435 9669 9656
f 9431 9656 9643
f 9427 9643 9630
f 9630 9617 9419
f 9419 9617 9604
f 9604 9591 9411
f 9591 9578 9407
f 9578 9565 9403
f 9403 9565 9552
f 9399 9552 9539
f 9395 9539 9526
f 9526 9513 9387
f 9932 9931 9935
f 9932 9936 9937
f 9931 9930 9934
f 9936 9940 9941
f 9934 9938 9939
f 9935 9939 9940
f 9940 9944 9945
f 9939 9938 9942
f 9940 9939 9943
f 9945 9944 9948
f 9942 9946 9947
f 9943 9947 9948
f 9948 9952 9953
f 9947 9946 9950
f 9948 9947 9951
f 9953 9952 9956
f 9950 9954 9955
f 9951 9955 9956
f 9957 9956 9960
f 9955 9954 9958
f 9956 9955 9959
f 9961 9960 9964
f 9958 9962 9963
f 9959 9963 9964
f 9965 9964 9968
f 9963 9962 9966
f 9964 9963 9967
f 9968 9972 9973
f 9966 9970 9971
f 9967 9971 9972
f 9972 9976 9977
f 9970 9974 9975
f 9972 9971 9975
f 9977 9976 9980
f 9974 9978 9979
f 9975 9979 9980
f 9980 9984 9985
f 9979 9978 9982
f 9980 9979 9983
f 9985 9984 9988
f 9982 9986 9987
f 9983 9987 9988
f 9989 9988 9992
f 9986 9990 9991
f 9988 9987 9991
f 9993 9992 9996
f 9991 9990 9994
f 9991 9995 9996
f 9996 10000 10001
f 9994 9998 9999
f 9996 9995 9999
f 10000 10004 10005
f 9999 9998 10002
f 9999 10003 10004
f 10004 10008 10009
f 10003 10002 10006
f 10004 10003 10007
f 10009 10008 10012
f 10006 10010 10011
f 10007 10011 10012
f 10012 10016 10017
f 10011 10010 10014
f 10012 10011 10015
f 10017 10016 10020
f 10014 10018 10019
f 10015 10019 10020
f 10021 10020 10024
f 10019 10018 10022
f 10020 10019 10023
f 10024 10028 10029
f 10022 10026 10027
f 10023 10027 10028
f 10028 10032 10033
f 10027 10026 10030
f 10028 10027 10031
f 10032 10036 10037
f 10030 10034 10035
f 10031 10035 10036
f 10036 10040 10041
f 10035 10034 10038
f 10036 10035 10039
f 10041 10040 10044
f 10038 10042 10043
f 10039 10043 10044
f 10044 10048 10049
f 10043 10042 10046
f 10044 10043 10047
f 10049 10048 10053
f 10046 10051 10052
f 10047 10052 10053
f 10054 10053 10057
f 10052 10051 10055
f 10053 10052 10056
f 10058 10057 9932
f 10055 9930 9931
f 10056 9931 9932
f 10067 10066 10079
f 10064 10077 10078
f 10063 10062 10075
f 10061 10060 10073
f 10070 10069 10082
f 10067 10080 10081
f 10065 10078 10079
f 10064 10063 10076
f 10061 10074 10075
f 10059 10072 10073
f 10071 10070 10083
f 10069 10068 10081
f 10074 10087 10088
f 10072 10085 10086
f 10084 10083 10096
f 10081 10094 10095
f 10080 10079 10092
f 10078 10077 10090
f 10076 10075 10088
f 10074 10073 10086
f 10083 10082 10095
f 10080 10093 10094
f 10078 10091 10092
f 10076 10089 10090
f 10087 10100 10101
f 10086 10085 10098
f 10096 10109 10110
f 10094 10107 10108
f 10093 10092 10105
f 10091 10090 10103
f 10088 10101 10102
f 10087 10086 10099
f 10095 10108 10109
f 10094 10093 10106
f 10092 10091 10104
f 10089 10102 10103
f 10100 10113 10114
f 10098 10111 10112
f 10110 10109 10122
f 10108 10107 10120
f 10105 10118 10119
f 10103 10116 10117
f 10101 10114 10115
f 10100 10099 10112
f 10108 10121 10122
f 10106 10119 10120
f 10105 10104 10117
f 10103 10102 10115
f 10113 10126 10127
f 10112 10111 10124
f 10122 10135 10136
f 10120 10133 10134
f 10119 10118 10131
f 10117 10116 10129
f 10115 10114 10127
f 10113 10112 10125
f 10122 10121 10134
f 10119 10132 10133
f 10117 10130 10131
f 10115 10128 10129
f 10127 10126 10139
f 10124 10137 10138
f 10136 10135 10148
f 10134 10133 10146
f 10131 10144 10145
f 10130 10129 10142
f 10128 10127 10140
f 10125 10138 10139
f 10135 10134 10147
f 10133 10132 10145
f 10130 10143 10144
f 10128 10141 10142
f 10140 10139 10152
f 10138 10137 10150
f 10148 10161 10162
f 10147 10146 10159
f 10144 10157 10158
f 10143 10142 10155
f 10140 10153 10154
f 10138 10151 10152
f 10147 10160 10161
f 10146 10145 10158
f 10144 10143 10156
f 10141 10154 10155
f 10153 10152 10165
f 10151 10150 10163
f 10162 10161 10174
f 10159 10172 10173
f 10157 10170 10171
f 10156 10155 10168
f 10153 10166 10167
f 10151 10164 10165
f 10161 10160 10173
f 10159 10158 10171
f 10157 10156 10169
f 10154 10167 10168
f 10165 10178 10179
f 10163 10176 10177
f 10175 10174 10187
f 10173 10172 10185
f 10171 10170 10183
f 10168 10181 10182
f 10167 10166 10179
f 10165 10164 10177
f 10173 10186 10187
f 10171 10184 10185
f 10169 10182 10183
f 10168 10167 10180
f 10178 10191 10192
f 10176 10189 10190
f 10188 10187 10200
f 10185 10198 10199
f 10184 10183 10196
f 10182 10181 10194
f 10180 10179 10192
f 10178 10177 10190
f 10187 10186 10199
f 10184 10197 10198
f 10182 10195 10196
f 10180 10193 10194
f 10191 10204 10205
f 10190 10189 10202
f 10200 10213 10214
f 10198 10211 10212
f 10197 10196 10209
f 10195 10194 10207
f 10192 10205 10206
f 10191 10190 10203
f 10199 10212 10213
f 10197 10210 10211
f 10196 10195 10208
f 10193 10206 10207
f 10205 10204 10217
f 10202 10215 10216
f 10214 10213 10226
f 10211 10224 10225
f 10210 10209 10222
f 10207 10220 10221
f 10205 10218 10219
f 10204 10203 10216
f 10212 10225 10226
f 10210 10223 10224
f 10209 10208 10221
f 10207 10206 10219
f 10217 10230 10231
f 10216 10215 10228
f 10226 10239 10240
f 10224 10237 10238
f 10223 10222 10235
f 10221 10220 10233
f 10219 10218 10231
f 10217 10216 10229
f 10226 10225 10238
f 10223 10236 10237
f 10221 10234 10235
f 10219 10232 10233
f 10231 10230 10243
f 10228 10241 10242
f 10240 10239 10252
f 10238 10237 10250
f 10235 10248 10249
f 10234 10233 10246
f 10232 10231 10244
f 10229 10242 10243
f 10239 10238 10251
f 10237 10236 10249
f 10234 10247 10248
f 10232 10245 10246
f 10244 10243 10256
f 10242 10241 10254
f 10252 10265 10266
f 10251 10250 10263
f 10248 10261 10262
f 10247 10246 10259
f 10244 10257 10258
f 10242 10255 10256
f 10251 10264 10265
f 10250 10249 10262
f 10248 10247 10260
f 10245 10258 10259
f 10257 10256 10269
f 10255 10254 10267
f 10266 10265 10278
f 10263 10276 10277
f 10261 10274 10275
f 10260 10259 10272
f 10257 10270 10271
f 10255 10268 10269
f 10265 10264 10277
f 10263 10262 10275
f 10261 10260 10273
f 10258 10271 10272
f 10269 10282 10283
f 10267 10280 10281
f 10278 10291 10292
f 10277 10276 10289
f 10275 10274 10287
f 10272 10285 10286
f 10271 10270 10283
f 10269 10268 10281
f 10277 10290 10291
f 10275 10288 10289
f 10273 10286 10287
f 10272 10271 10284
f 10282 10295 10296
f 10280 10293 10294
f 10292 10291 10304
f 10289 10302 10303
f 10288 10287 10300
f 10286 10285 10298
f 10284 10283 10296
f 10282 10281 10294
f 10291 10290 10303
f 10288 10301 10302
f 10286 10299 10300
f 10284 10297 10298
f 10295 10308 10309
f 10294 10293 10306
f 10304 10317 10318
f 10302 10315 10316
f 10301 10300 10313
f 10299 10298 10311
f 10296 10309 10310
f 10295 10294 10307
f 10303 10316 10317
f 10301 10314 10315
f 10300 10299 10312
f 10297 10310 10311
f 10309 10308 10321
f 10307 10306 10319
f 10318 10317 10330
f 10316 10315 10328
f 10314 10313 10326
f 10311 10324 10325
f 10309 10322 10323
f 10308 10307 10320
f 10316 10329 10330
f 10314 10327 10328
f 10313 10312 10325
f 10311 10310 10323
f 10321 10334 10335
f 10320 10319 10332
f 10330 10343 10344
f 10329 10328 10341
f 10326 10339 10340
f 10325 10324 10337
f 10323 10322 10335
f 10320 10333 10334
f 10330 10329 10342
f 10328 10327 10340
f 10325 10338 10339
f 10323 10336 10337
f 10335 10334 10348
f 10332 10346 10347
f 10344 10343 10357
f 10342 10341 10355
f 10339 10353 10354
f 10337 10351 10352
f 10336 10335 10349
f 10333 10347 10348
f 10343 10342 10356
f 10341 10340 10354
f 10338 10352 10353
f 10337 10336 10350
f 10349 10348 10361
f 10347 10346 10359
f 10357 10370 10371
f 10356 10355 10368
f 10353 10366 10367
f 10351 10364 10365
f 10349 10362 10363
f 10347 10360 10361
f 10356 10369 10370
f 10355 10354 10367
f 10353 10352 10365
f 10351 10350 10363
f 10362 10361 10374
f 10360 10359 10372
f 10371 10370 10383
f 10368 10381 10382
f 10366 10379 10380
f 10365 10364 10377
f 10362 10375 10376
f 10360 10373 10374
f 10370 10369 10382
f 10368 10367 10380
f 10366 10365 10378
f 10363 10376 10377
f 10374 10387 10388
f 10372 10385 10386
f 10383 10396 10397
f 10382 10381 10394
f 10380 10379 10392
f 10377 10390 10391
f 10376 10375 10388
f 10374 10373 10386
f 10382 10395 10396
f 10380 10393 10394
f 10378 10391 10392
f 10377 10376 10389
f 10387 10400 10401
f 10385 10398 10399
f 10397 10396 10409
f 10394 10407 10408
f 10393 10392 10405
f 10390 10403 10404
f 10389 10388 10401
f 10387 10386 10399
f 10396 10395 10408
f 10393 10406 10407
f 10391 10404 10405
f 10390 10389 10402
f 10400 10413 10414
f 10399 10398 10411
f 10409 10422 10423
f 10407 10420 10421
f 10406 10405 10418
f 10403 10416 10417
f 10401 10414 10415
f 10400 10399 10412
f 10408 10421 10422
f 10406 10419 10420
f 10405 10404 10417
f 10403 10402 10415
f 10414 10413 10426
f 10411 10424 10425
f 10423 10422 10435
f 10420 10433 10434
f 10418 10431 10432
f 10416 10429 10430
f 10414 10427 10428
f 10412 10425 10426
f 10421 10434 10435
f 10419 10432 10433
f 10418 10417 10430
f 10416 10415 10428
f 10427 10426 10439
f 10425 10424 10437
f 10435 10448 10449
f 10433 10446 10447
f 10431 10444 10445
f 10430 10429 10442
f 10428 10427 10440
f 10425 10438 10439
f 10435 10434 10447
f 10433 10432 10445
f 10430 10443 10444
f 10428 10441 10442
f 10440 10439 10452
f 10437 10450 10451
f 10449 10448 10461
f 10447 10446 10459
f 10444 10457 10458
f 10443 10442 10455
f 10441 10440 10453
f 10438 10451 10452
f 10448 10447 10460
f 10446 10445 10458
f 10443 10456 10457
f 10441 10454 10455
f 10453 10452 10465
f 10451 10450 10463
f 10461 10474 10475
f 10460 10459 10472
f 10457 10470 10471
f 10456 10455 10468
f 10453 10466 10467
f 10451 10464 10465
f 10460 10473 10474
f 10459 10458 10471
f 10457 10456 10469
f 10454 10467 10468
f 10466 10465 10061
f 10464 10463 10059
f 10474 10070 10071
f 10472 10068 10069
f 10470 10066 10067
f 10469 10468 10064
f 10466 10062 10063
f 10464 10060 10061
f 10473 10069 10070
f 10472 10471 10067
f 10470 10469 10065
f 10467 10063 10064
f 9933 10059 10463
f 10463 10450 10054
f 10450 10437 10049
f 10437 10424 10045
f 10045 10424 10411
f 10041 10411 10398
f 10037 10398 10385
f 10385 10372 10029
f 10029 10372 10359
f 10359 10346 10021
f 10346 10332 10017
f 10332 10319 10013
f 10013 10319 10306
f 10009 10306 10293
f 10005 10293 10280
f 10280 10267 9997
f 9997 10267 10254
f 10254 10241 9989
f 10241 10228 9985
f 10228 10215 9981
f 9981 10215 10202
f 9977 10202 10189
f 9973 10189 10176
f 10176 10163 9965
f 9965 10163 10150
f 10150 10137 9957
f 10137 10124 9953
f 10124 10111 9949
f 9949 10111 10098
f 9945 10098 10085
f 9941 10085 10072
f 10072 10059 9933

